client,protocol,body_kind,payload_bytes,concurrency,before_rps,after_rps,ratio,change_pct,before_cv_pct,after_cv_pct
curl_cffi_blocking,h1,full,1024,10,562.098902032607,575.1873686593242,1.0232849887793551,2.3284988779355142,0.39030987923031313,0.6746171192242706
curl_cffi_blocking,h1,full,1024,50,557.9277641883991,576.4953543250294,1.0332795593415933,3.3279559341593323,0.711764439062159,0.3953792968512133
curl_cffi_blocking,h1,full,1024,100,557.8848086589799,575.0256996396269,1.0307247853223491,3.0724785322349124,0.635612447067027,0.6397789961854962
curl_cffi_blocking,h1,full,1024,150,552.0195066912287,568.0973119134277,1.0291254294953605,2.9125429495360455,0.41343048934389,0.12594815687950126
curl_cffi_blocking,h1,full,10240,10,560.9288795767367,574.4659417372562,1.0241332950635993,2.413329506359929,0.9556279001715647,0.49454643107308005
curl_cffi_blocking,h1,full,10240,50,565.2017626292178,575.6947325716703,1.0185649986186192,1.8564998618619155,0.19395400121258102,0.3451241145070444
curl_cffi_blocking,h1,full,10240,100,556.6276764668482,571.90021008806,1.0274376109325951,2.7437610932595113,0.44585098910282656,0.5220704640512471
curl_cffi_blocking,h1,full,10240,150,551.6818993047743,563.0824211349865,1.0206650278803402,2.066502788034019,0.34373765304956044,0.4772652169637919
curl_cffi_blocking,h1,full,65536,10,513.9255015522845,523.9129146690556,1.0194335814949922,1.9433581494992191,0.2897830796245498,0.7464927079781792
curl_cffi_blocking,h1,full,65536,50,507.2063980845532,529.069523324872,1.0431049870878681,4.310498708786814,1.0298907387065797,0.12703137471699993
curl_cffi_blocking,h1,full,65536,100,515.0185553773962,526.5813077820762,1.0224511375055352,2.245113750553518,0.25577878156225065,0.4024337751678657
curl_cffi_blocking,h1,full,65536,150,508.77518709649553,519.7182285489896,1.021508598945134,2.1508598945134016,0.27711572205152957,0.5605187472988077
curl_cffi_blocking,h1,full,131072,10,476.76082112456635,488.033568727573,1.0236444504320152,2.364445043201524,0.08558178777299374,0.6881788645387702
curl_cffi_blocking,h1,full,131072,50,479.3773680559645,491.48835899965894,1.025264002330374,2.526400233037407,0.2861030262516685,0.13064086117391424
curl_cffi_blocking,h1,full,131072,100,474.93573994108544,488.70358778903795,1.0289888645770486,2.8988864577048634,0.13651889538346995,0.31419491727989685
curl_cffi_blocking,h1,full,131072,150,471.1338842061442,482.1435993857565,1.0233685488322783,2.3368548832278346,0.8779026641266882,0.32711435451090587
curl_cffi_blocking,h1,full,1048576,10,232.89253994329766,240.45198407063603,1.0324589363368137,3.2458936336813737,0.27488941836834396,0.2538024261800384
curl_cffi_blocking,h1,full,1048576,50,234.42205699243326,238.45528286232658,1.017204976023325,1.7204976023325047,0.12410234053349131,0.4963825660672762
curl_cffi_blocking,h1,full,1048576,100,233.21323073937245,241.5035769263585,1.0355483527272555,3.554835272725554,0.8629507586499956,0.35664031565075915
curl_cffi_blocking,h1,full,1048576,150,241.07713643855013,244.90507702486912,1.015878488698138,1.5878488698138016,0.4563579526621826,0.2663449826182601
curl_cffi_blocking,h1,full,2097152,10,147.92556808876182,152.1018113511138,1.028232058300064,2.8232058300063922,0.3012632688623139,0.15984978625487076
curl_cffi_blocking,h1,full,2097152,50,147.96299351757088,152.15182272306245,1.0283099787717809,2.8309978771780875,0.40451384565556825,0.22201744559066774
curl_cffi_blocking,h1,full,2097152,100,147.03567550120394,150.92841215490085,1.0264747765494846,2.64747765494846,0.5291183092704906,0.358891486724705
curl_cffi_blocking,h1,full,2097152,150,153.0798551673022,156.45504427694618,1.0220485517572198,2.204855175721976,0.7493268611076426,0.12834662128106644
curl_cffi_blocking,h1,full,4194304,10,85.68326715568647,87.94986782483159,1.0264532474587682,2.6453247458768203,0.24956943598692127,0.5429432296313337
curl_cffi_blocking,h1,full,4194304,50,84.70175769223054,87.42853699821153,1.0321927121735646,3.2192712173564564,0.5545734893522176,0.6364122283433898
curl_cffi_blocking,h1,full,4194304,100,84.22273700897568,86.5459701752977,1.0275843940582745,2.758439405827451,0.16272925117581818,0.6397162342864919
curl_cffi_blocking,h1,full,4194304,150,88.2827262280391,89.90946495397979,1.0184264668236314,1.842646682363136,0.4483495543271797,0.23737485331391006
curl_cffi_blocking,h1,stream,1024,10,526.7417874277706,540.1716892499462,1.0254961769556155,2.5496176955615457,0.8383195194844785,0.1244155214879511
curl_cffi_blocking,h1,stream,1024,50,530.9293710339119,540.4200719806416,1.0178756374473084,1.7875637447308357,0.24898087894279308,0.06079446103036641
curl_cffi_blocking,h1,stream,1024,100,528.1839693780354,539.4175936292032,1.021268393026763,2.1268393026762977,0.21360426704854027,0.3243655462426352
curl_cffi_blocking,h1,stream,1024,150,515.1535098016224,532.0700212731007,1.032837806885937,3.283780688593696,1.8495166044214146,0.7556244400880817
curl_cffi_blocking,h1,stream,10240,10,526.2036148640374,539.3713525484284,1.0250240350169266,2.5024035016926627,0.7247767587310868,0.3715471030100762
curl_cffi_blocking,h1,stream,10240,50,527.0603000589679,543.5816684191606,1.0313462584041033,3.134625840410332,1.4827513053584223,0.8079795509699789
curl_cffi_blocking,h1,stream,10240,100,523.6589783921621,535.2183663935334,1.0220742668002432,2.207426680024316,0.5107604910514776,0.32305179713529886
curl_cffi_blocking,h1,stream,10240,150,520.887596376815,532.2974679506875,1.0219046712827051,2.1904671282705124,0.4356902975360376,0.6016216285739722
curl_cffi_blocking,h1,stream,65536,10,458.455948098165,472.80900199462997,1.0313073785082436,3.130737850824361,1.155143646600327,0.339061312141566
curl_cffi_blocking,h1,stream,65536,50,462.1917392230615,470.59829416344814,1.0181884577913876,1.8188457791387558,0.6906251436345088,0.3092894569554956
curl_cffi_blocking,h1,stream,65536,100,459.63546159342485,472.2090642040181,1.0273555973401272,2.735559734012716,0.17623781240943392,0.30739731665926806
curl_cffi_blocking,h1,stream,65536,150,461.71834179526303,468.4434181777146,1.014565322131893,1.45653221318931,0.3952321309563273,0.4086183389945654
curl_cffi_blocking,h1,stream,131072,10,430.99908984821155,440.2116681699385,1.021374936835647,2.1374936835647063,0.14117116513084246,0.5709148078301691
curl_cffi_blocking,h1,stream,131072,50,431.3436851165905,444.55174869903635,1.0306207417384023,3.0620741738402346,0.14365498185961634,0.7226543749969456
curl_cffi_blocking,h1,stream,131072,100,428.82129784087834,438.92278796876957,1.0235564095784244,2.355640957842442,0.34739707988615404,0.5020743706463487
curl_cffi_blocking,h1,stream,131072,150,430.242901139937,437.8790025825026,1.017748349646987,1.7748349646987016,0.10270363416514244,0.06542424135068141
curl_cffi_blocking,h1,stream,1048576,10,180.09234642070524,185.02748854098235,1.0274033973034498,2.740339730344976,0.5147143607521093,0.6196738703233886
curl_cffi_blocking,h1,stream,1048576,50,178.08846614921083,184.1863180725123,1.0342405774790178,3.4240577479017764,0.1525322381317278,0.11105381447356996
curl_cffi_blocking,h1,stream,1048576,100,176.37935508011992,182.5753020843364,1.0351285273801007,3.512852738010075,0.14561569424002072,0.45035481193161997
curl_cffi_blocking,h1,stream,1048576,150,182.8573293600216,186.4156891816866,1.0194597604269888,1.9459760426988826,0.38800793837455944,0.15080582229740863
curl_cffi_blocking,h1,stream,2097152,10,116.13992395003943,118.99189657475848,1.0245563500277983,2.4556350027798324,0.43343470747773716,0.39668325983567837
curl_cffi_blocking,h1,stream,2097152,50,113.8590364313099,117.13906725112784,1.0288078216944752,2.8807821694475155,0.5149425791293663,0.5284976286480255
curl_cffi_blocking,h1,stream,2097152,100,112.70287461317247,115.55595706143332,1.0253150814302956,2.5315081430295594,0.6210432007045663,0.0859816428872718
curl_cffi_blocking,h1,stream,2097152,150,117.28199743442534,119.72243663627947,1.0208083018301135,2.0808301830113507,0.2505729926458312,0.21416138311700214
curl_cffi_blocking,h1,stream,4194304,10,67.54843662815523,69.6640872162131,1.0313204967230292,3.1320496723029168,0.9530117480207838,0.08614945466049745
curl_cffi_blocking,h1,stream,4194304,50,66.12282639356893,67.94550828004736,1.0275650934161475,2.7565093416147546,0.1310747835347091,0.39150606173975866
curl_cffi_blocking,h1,stream,4194304,100,64.5313366813489,67.37041125053933,1.04399528531711,4.3995285317109945,0.24497473509517703,0.2902138377276957
curl_cffi_blocking,h1,stream,4194304,150,68.03667941480587,69.28602884670373,1.018362880767311,1.8362880767311074,0.16582376866870077,0.3923926523875632
curl_cffi_blocking,h2,full,1024,10,560.7482131194896,566.6328678556534,1.0104942906610919,1.0494290661091865,0.6543559233202294,1.4077311851669152
curl_cffi_blocking,h2,full,1024,50,561.4781392646854,577.7941816541945,1.029059087520089,2.90590875200889,0.17825794776298506,0.18549705173562955
curl_cffi_blocking,h2,full,1024,100,557.1568918719985,573.4536609536559,1.0292498743520908,2.924987435209081,0.34546520307299294,0.6981080038104719
curl_cffi_blocking,h2,full,1024,150,551.5121523813203,564.8375519666308,1.024161570198905,2.416157019890508,0.16717528550921684,0.352022637428769
curl_cffi_blocking,h2,full,10240,10,557.1572033307208,574.653135887283,1.0314021472790273,3.140214727902735,1.1040559630435207,0.6197788847382892
curl_cffi_blocking,h2,full,10240,50,564.1422201184587,574.7736680516282,1.0188453328859823,1.8845332885982335,0.38117238972684264,0.4957685175120678
curl_cffi_blocking,h2,full,10240,100,557.5075926807114,570.5798471287558,1.0234476707037978,2.344767070379783,0.8509492079237956,0.5004228438918454
curl_cffi_blocking,h2,full,10240,150,546.5961120972827,562.0931555689393,1.028351909442229,2.8351909442229095,1.252392541582214,0.4975414937079514
curl_cffi_blocking,h2,full,65536,10,490.324284611721,501.01158218714255,1.021796386413707,2.179638641370696,0.3694145890154608,0.17418431528457962
curl_cffi_blocking,h2,full,65536,50,490.34950841871904,502.34700175196787,1.0244672282265326,2.446722822653258,0.5948389422891615,0.9808777429831446
curl_cffi_blocking,h2,full,65536,100,485.96880099686786,499.7499895173333,1.0283581754470577,2.8358175447057654,0.4626612202354531,1.121759473834435
curl_cffi_blocking,h2,full,65536,150,481.9578268203419,493.26938257319534,1.023470011530843,2.347001153084305,0.5588298732394977,0.4303105537715259
curl_cffi_blocking,h2,full,131072,10,425.372008806384,433.1887276040308,1.0183761945680934,1.8376194568093362,0.08984838371193198,0.6116188147083023
curl_cffi_blocking,h2,full,131072,50,426.6399130700605,436.7004972815518,1.0235809728609222,2.35809728609222,0.5934748989078243,0.5646175322645494
curl_cffi_blocking,h2,full,131072,100,423.90702974288723,435.04774023904235,1.026281023230288,2.6281023230287914,0.4018957395857665,0.1619240798264957
curl_cffi_blocking,h2,full,131072,150,422.8144204420555,431.020283447527,1.0194077179224215,1.9407717922421464,0.27254869241330304,0.2562250370101637
curl_cffi_blocking,h2,full,1048576,10,152.87602919406262,156.03046894966735,1.020633972325383,2.0633972325383,0.6117751565618547,0.13972948845548186
curl_cffi_blocking,h2,full,1048576,50,152.5680847669442,156.89304756482125,1.0283477557215432,2.8347755721543244,0.4223503455000926,0.6046676832778506
curl_cffi_blocking,h2,full,1048576,100,151.26696866551228,155.7058526482251,1.029344701106084,2.9344701106083892,0.626449453119961,0.46603068482055243
curl_cffi_blocking,h2,full,1048576,150,156.12961690938062,158.14297389596416,1.0128954200134375,1.2895420013437464,0.35424933144582665,0.18531448062479958
curl_cffi_blocking,h2,full,2097152,10,87.63798696962682,89.82071635913015,1.0249062018078965,2.490620180789649,0.8720384943812983,0.23356694514828952
curl_cffi_blocking,h2,full,2097152,50,88.12836457736087,89.78158044847322,1.018759180191766,1.8759180191765923,0.15135987005059906,0.3195783776198608
curl_cffi_blocking,h2,full,2097152,100,87.70376666931563,89.45498068068068,1.019967375152403,1.9967375152402989,0.17353681904344553,0.5876556650284698
curl_cffi_blocking,h2,full,2097152,150,90.16433487822147,91.75055087361424,1.017592499268532,1.7592499268531903,0.4165601279671276,0.15733755182850093
curl_cffi_blocking,h2,full,4194304,10,47.44084462555903,48.680606551127305,1.0261327962297777,2.613279622977771,0.6758475219585578,0.13144171204660696
curl_cffi_blocking,h2,full,4194304,50,47.57737162376699,48.65722255887957,1.0226967337256845,2.269673372568448,0.2500030557692209,0.652564034776298
curl_cffi_blocking,h2,full,4194304,100,47.64447682751684,48.646335089432334,1.0210277943767214,2.102779437672142,0.2936344121074078,0.14434046804680467
curl_cffi_blocking,h2,full,4194304,150,48.97847309910576,49.57700327366125,1.0122202701857281,1.2220270185728133,0.30288741281334197,0.07522585016599892
curl_cffi_blocking,h2,stream,1024,10,528.5222940183818,540.8361716617021,1.0232986910536872,2.3298691053687204,0.31805821206184093,0.24583669518991066
curl_cffi_blocking,h2,stream,1024,50,526.4812058661392,540.7558919465613,1.0271133820568923,2.711338205689229,0.27549748359700943,0.1907239020499465
curl_cffi_blocking,h2,stream,1024,100,525.2852578225043,539.3474143305148,1.0267705143036057,2.6770514303605664,0.2949344339181448,0.4564570223537212
curl_cffi_blocking,h2,stream,1024,150,516.3592954862341,533.7154226552942,1.0336125006769106,3.3612500676910573,0.4598654906916003,0.36827606682188985
curl_cffi_blocking,h2,stream,10240,10,527.2245482362594,538.2304338597454,1.0208751388005441,2.0875138800544146,0.7629027005899687,0.510239821818554
curl_cffi_blocking,h2,stream,10240,50,524.9368929179223,542.2942546940199,1.0330656160964697,3.306561609646974,0.9596563810855917,0.4091281468632612
curl_cffi_blocking,h2,stream,10240,100,527.9191846947986,538.8573866442262,1.0207194628771659,2.071946287716586,0.5104161086509462,0.48109558575973144
curl_cffi_blocking,h2,stream,10240,150,516.0888485074809,534.7100080182834,1.0360813056989209,3.6081305698920874,1.3236800458732971,0.5018826851447109
curl_cffi_blocking,h2,stream,65536,10,443.8280682967138,446.86879815130294,1.006851143656278,0.6851143656277925,0.30074483715963046,0.888228099182875
curl_cffi_blocking,h2,stream,65536,50,438.62893138585,451.79176548075566,1.0300090421608024,3.0009042160802357,0.765649664583054,0.68759755786165
curl_cffi_blocking,h2,stream,65536,100,441.0669123780394,450.17476797389486,1.0206496006393904,2.0649600639390364,0.5726232944693056,0.6100465105102216
curl_cffi_blocking,h2,stream,65536,150,439.4025347068049,445.8492107258686,1.014671458423346,1.467145842334605,0.4968009112549287,0.3110022405787261
curl_cffi_blocking,h2,stream,131072,10,384.8453691947497,396.57201947840605,1.030471070259188,3.047107025918794,0.5639038545577958,0.6947363389012443
curl_cffi_blocking,h2,stream,131072,50,388.381562787277,398.34422486779795,1.0256517379687708,2.565173796877085,1.1609710085814773,0.30170285071920766
curl_cffi_blocking,h2,stream,131072,100,387.6194016827565,397.17107645771733,1.0246418903014,2.464189030140007,0.6097915284861377,0.33885692243320104
curl_cffi_blocking,h2,stream,131072,150,389.15984258215735,394.7872482986859,1.0144603967336134,1.4460396733613434,0.276014453080595,0.1471817625479923
curl_cffi_blocking,h2,stream,1048576,10,136.82663811594688,140.1342185023161,1.02417351205813,2.41735120581299,0.155725860603533,0.5851908365006806
curl_cffi_blocking,h2,stream,1048576,50,137.26771545940906,140.41505292669467,1.0229284610496507,2.292846104965074,0.1830459849942357,0.711035117891958
curl_cffi_blocking,h2,stream,1048576,100,135.67275167533927,138.4326718844985,1.0203424797911052,2.034247979110515,0.5123735490106631,0.36301605844395113
curl_cffi_blocking,h2,stream,1048576,150,138.9524143731824,141.39675095633464,1.0175911774845994,1.7591177484599374,0.4999929164279876,0.2582914081258279
curl_cffi_blocking,h2,stream,2097152,10,78.51379503787774,80.48020997502189,1.0250454704959235,2.504547049592354,0.18515486369807738,0.2946659641842253
curl_cffi_blocking,h2,stream,2097152,50,78.25503497869173,80.00997103461967,1.0224258548527363,2.2425854852736293,0.4455727628951003,0.5013205147296298
curl_cffi_blocking,h2,stream,2097152,100,77.60719215562087,78.80635107829903,1.0154516468045072,1.5451646804507169,0.6251695072611473,0.3624867557694255
curl_cffi_blocking,h2,stream,2097152,150,79.20794141228144,80.95727591969663,1.0220853424066383,2.2085342406638286,0.6692766939787846,0.34992342137354776
curl_cffi_blocking,h2,stream,4194304,10,41.93784853595702,43.3220401341233,1.0330057846667906,3.3005784666790605,0.7096440597953163,0.06758410622805747
curl_cffi_blocking,h2,stream,4194304,50,41.857217539370254,42.929392781929025,1.025615062481167,2.5615062481167072,1.4812760127135096,0.16373132195270676
curl_cffi_blocking,h2,stream,4194304,100,41.59939535999892,42.410287690919276,1.0194928874302844,1.9492887430284433,0.28893768393647473,0.6296649320577612
curl_cffi_blocking,h2,stream,4194304,150,42.82395381371547,43.410417523479666,1.0136947585997154,1.3694758599715362,0.17950224125343614,0.3963434681797015
httpx_blocking,h1,full,1024,10,1806.7018992677324,1847.2639096671053,1.0224508594449437,2.245085944494374,1.6690829044995492,0.9572879853619297
httpx_blocking,h1,full,1024,50,1754.5525140128711,1824.531164518168,1.03988404447653,3.9884044476530045,0.997197738820316,1.0362347963067016
httpx_blocking,h1,full,1024,100,1728.2140364058887,1774.9779127155741,1.027059076783648,2.705907678364805,1.0148802905528516,0.1093817205350368
httpx_blocking,h1,full,1024,150,1680.988423435601,1713.043115228918,1.0190689545189155,1.9068954518915548,0.9620490908790271,0.3496604280596557
httpx_blocking,h1,full,10240,10,1779.481528085643,1831.5821766096603,1.0292785554116242,2.9278555411624163,0.8536514933158058,0.6709255747155866
httpx_blocking,h1,full,10240,50,1732.727983122313,1818.5355766220875,1.0495216758404007,4.952167584040068,1.1142344082714024,1.5647962275570855
httpx_blocking,h1,full,10240,100,1685.0647212951394,1766.2146591050514,1.0481583507056869,4.815835070568686,0.8895282882904725,0.6003088288740165
httpx_blocking,h1,full,10240,150,1640.2375733218812,1739.3591462264171,1.0604312293028324,6.04312293028324,3.513737071766775,1.6060495492416702
httpx_blocking,h1,full,65536,10,1158.238422622674,1190.821174205286,1.0281312991748561,2.813129917485613,0.43686321581362203,0.27954877984927845
httpx_blocking,h1,full,65536,50,1133.0198558625145,1157.689242803947,1.0217731285235534,2.17731285235534,0.9545565853928611,1.0586475467632492
httpx_blocking,h1,full,65536,100,1090.2426341766375,1121.4165205176837,1.0285935308011405,2.8593530801140465,0.2748977267569293,0.47456380995674874
httpx_blocking,h1,full,65536,150,1056.7664440137432,1074.7315387487754,1.0170000616851518,1.700006168515178,0.687701524721695,3.375899431837532
httpx_blocking,h1,full,131072,10,858.0085109178823,873.3876189801541,1.0179241905722118,1.792419057221184,0.8355246585309596,0.9124440354846559
httpx_blocking,h1,full,131072,50,835.1705298651079,862.0500392253617,1.0321844562266764,3.218445622667643,0.5702677653322202,0.4517995455064687
httpx_blocking,h1,full,131072,100,817.872253534075,835.7414728616664,1.021848423455347,2.18484234553471,0.91468341151612,0.8990433784480516
httpx_blocking,h1,full,131072,150,801.8246357045148,815.2458141407658,1.016738296428693,1.6738296428693067,0.6002949457392817,3.12565209830877
httpx_blocking,h1,full,1048576,10,178.76751976341797,183.21471182654523,1.024876957900477,2.487695790047706,0.7908351061345394,1.0311207648176495
httpx_blocking,h1,full,1048576,50,182.09872145300614,185.83159990838706,1.0204992018922234,2.049920189222343,1.046065327080732,0.32689174670681576
httpx_blocking,h1,full,1048576,100,178.3881847240332,184.25722228960288,1.0329003715949523,3.2900371594952293,1.1181870059651409,0.30045238468251906
httpx_blocking,h1,full,1048576,150,183.16980009900755,188.39835147724483,1.028544833129758,2.8544833129757974,0.4794743561891509,0.18463785294608695
httpx_blocking,h1,full,2097152,10,94.91175662001002,96.47553912867396,1.0164761728615426,1.647617286154257,0.7121773058623673,0.38242604001226355
httpx_blocking,h1,full,2097152,50,95.74346465442413,97.92744841186739,1.022810786776164,2.2810786776163994,0.5786740810923918,0.19938434208305392
httpx_blocking,h1,full,2097152,100,94.81306228611494,96.84439550920033,1.021424613593383,2.14246135933831,0.4854631033638219,1.1697694463190051
httpx_blocking,h1,full,2097152,150,97.72733284932465,99.57972938392297,1.0189547435767465,1.8954743576746536,0.08507468230470182,0.23437432108394526
httpx_blocking,h1,full,4194304,10,48.58080501611553,49.673395446284395,1.0224901672544624,2.24901672544624,1.0382701714419593,0.1796127971648108
httpx_blocking,h1,full,4194304,50,49.732570267640504,50.82890009907292,1.02204450374337,2.204450374337008,0.619630617574259,0.2627899852739421
httpx_blocking,h1,full,4194304,100,48.8799349996372,50.20303661792246,1.0270683997082868,2.7068399708286783,0.5125585189822982,0.4977389607301742
httpx_blocking,h1,full,4194304,150,50.049714768174816,51.390067672912494,1.0267804304369377,2.6780430436937674,0.7760382567235686,0.3486191118271756
httpx_blocking,h1,stream,1024,10,1532.625927699384,1572.6358949876624,1.0261055007390727,2.6105500739072696,0.7284365721256498,1.1442420037393812
httpx_blocking,h1,stream,1024,50,1484.312518690158,1540.2096210919653,1.0376585804525411,3.7658580452541113,1.3263074652348716,0.20181901310567607
httpx_blocking,h1,stream,1024,100,1465.7084893814895,1485.8161293062908,1.0137187169689428,1.371871696894278,0.8231956326927342,0.08869924287618838
httpx_blocking,h1,stream,1024,150,1412.7180922594096,1466.2646664221215,1.0379032267344104,3.790322673441038,0.41110252519154433,0.8043689285410517
httpx_blocking,h1,stream,10240,10,1530.1484928007587,1571.8514436292764,1.0272541854759372,2.7254185475937165,0.6230254296337678,0.5942162405140443
httpx_blocking,h1,stream,10240,50,1457.3390563405424,1528.823830421866,1.0490515736679875,4.905157366798751,1.9838288728938758,0.9106270834791107
httpx_blocking,h1,stream,10240,100,1447.156385137598,1483.9748670451984,1.0254419510467072,2.544195104670721,0.5118177578713581,2.4759075662033063
httpx_blocking,h1,stream,10240,150,1404.4528182838148,1460.4657353504288,1.0398823772058499,3.988237720584986,1.3341295010661265,0.9603148683408069
httpx_blocking,h1,stream,65536,10,777.57631505033,794.0515256876389,1.021187901841175,2.1187901841174916,0.5471395536230189,1.0438798334600632
httpx_blocking,h1,stream,65536,50,759.2715349458593,789.8458353185009,1.040267939683557,4.026793968355702,1.2788621268735083,1.059370602473778
httpx_blocking,h1,stream,65536,100,729.1652939113654,760.3382237865476,1.0427515271715215,4.275152717152153,3.1905846471759434,1.4150004448021365
httpx_blocking,h1,stream,65536,150,737.7613634289654,766.1610278567493,1.0384943774986914,3.8494377498691446,1.107417563994397,0.3827388907661991
httpx_blocking,h1,stream,131072,10,630.2232690083479,644.2228903229447,1.0222137486872314,2.221374868723136,0.2801658747676631,1.0065378995394112
httpx_blocking,h1,stream,131072,50,617.6130184765483,633.0710371607738,1.025028647748319,2.5028647748319033,0.6955053564777753,0.18701153574116064
httpx_blocking,h1,stream,131072,100,607.0619852605615,626.6039690911936,1.0321910847740603,3.2191084774060297,0.6023479150352038,0.3791439803271728
httpx_blocking,h1,stream,131072,150,595.9705907874481,616.4222599437473,1.034316574462637,3.431657446263703,0.4094437657391656,0.2114839990547063
httpx_blocking,h1,stream,1048576,10,138.8390495481682,143.13165221301384,1.0309178338429663,3.0917833842966314,0.27721617152876366,0.1197060417121783
httpx_blocking,h1,stream,1048576,50,139.0335253580404,143.33585925889844,1.0309445789407887,3.0944578940788725,0.8138343473652143,0.3205629343653266
httpx_blocking,h1,stream,1048576,100,137.48228833246705,141.16258200590474,1.0267692203706837,2.6769220370683744,0.3992093161315788,0.8040029180420623
httpx_blocking,h1,stream,1048576,150,140.79302107141575,143.8362243927048,1.0216147313136026,2.1614731313602586,0.7408507024947059,0.5600690386165645
httpx_blocking,h1,stream,2097152,10,82.1650179272249,83.82415699172279,1.0201927670236428,2.019276702364281,0.5886749646277994,0.5545285573937652
httpx_blocking,h1,stream,2097152,50,82.82356914282472,85.01497606626617,1.026458735672964,2.6458735672963973,0.24634618593639102,0.14781217828816656
httpx_blocking,h1,stream,2097152,100,81.23481349404406,84.03437338759913,1.034462563193554,3.4462563193554008,0.8018501402646568,0.11254052191651637
httpx_blocking,h1,stream,2097152,150,83.45897531856639,85.30283971801867,1.0220930629978882,2.2093062997888158,0.26618492028067897,0.3570960497610805
httpx_blocking,h1,stream,4194304,10,44.90636894316756,46.101016086873514,1.0266030670441841,2.6603067044184137,0.8834144837633325,0.1354925595274029
httpx_blocking,h1,stream,4194304,50,45.575836921933764,46.8063787283588,1.0269998729487473,2.6999872948747283,0.9442704468770952,0.6060570066372729
httpx_blocking,h1,stream,4194304,100,44.87211626129674,45.99974245674404,1.0251297752234587,2.5129775223458717,0.8108292923896601,0.9576040167372752
httpx_blocking,h1,stream,4194304,150,45.98490542638581,47.52501406547398,1.0334916126239213,3.3491612623921307,0.9759875764679019,0.22646024772767293
httpx_blocking,h2,full,1024,10,1539.2073172949158,1592.7585128031265,1.0347914117263453,3.4791411726345256,1.964139670028166,0.19692620626466953
httpx_blocking,h2,full,1024,50,1506.726239386135,1544.2533013843617,1.0249063572514114,2.4906357251411437,1.8557480922509495,0.38113497105124716
httpx_blocking,h2,full,1024,100,1451.7203024298994,1492.0660036843544,1.0277916491123835,2.779164911238352,1.2340629243508503,1.7202750034885488
httpx_blocking,h2,full,1024,150,1427.3866840277005,1410.7941060944968,0.9883755550483462,-1.1624444951653823,0.7627415714113222,3.3096727623374855
httpx_blocking,h2,full,10240,10,1532.3128124301397,1569.3154580213838,1.0241482321958533,2.414823219585327,1.0680263059555033,0.15347599004245455
httpx_blocking,h2,full,10240,50,1418.4424235368795,1530.826115363883,1.0792303515195036,7.923035151950364,5.541898340298218,0.4738444242821068
httpx_blocking,h2,full,10240,100,1388.04630194015,1474.8160195299351,1.0625121204303505,6.251212043035048,5.126569418734481,0.5172736612604019
httpx_blocking,h2,full,10240,150,1350.3984708558182,1410.8570545096957,1.0447709212937435,4.477092129374349,3.963861769957535,4.226026974648764
httpx_blocking,h2,full,65536,10,617.1183804652326,630.900073653703,1.022332333025117,2.2332333025117057,0.39660178744321034,0.39744288894263696
httpx_blocking,h2,full,65536,50,591.7532420011589,602.6136151964639,1.018352874854691,1.835287485469106,2.7731423738391348,2.7317012737072375
httpx_blocking,h2,full,65536,100,587.861792861853,604.6400382892151,1.0285411394839619,2.8541139483961864,0.3134896992005542,0.4334294877291498
httpx_blocking,h2,full,65536,150,596.2260109804823,610.8780471082837,1.024574634212463,2.4574634212463087,0.7691294785923198,0.6351116291316993
httpx_blocking,h2,full,131072,10,356.07728555104853,369.61556048583697,1.0380206081211758,3.8020608121175803,0.2053220727867577,0.49563613256666833
httpx_blocking,h2,full,131072,50,357.7359094620768,360.94801856487345,1.0089789954484207,0.8978995448420735,0.7898401592424675,1.5212242555524882
httpx_blocking,h2,full,131072,100,349.8763625764163,359.65599867606545,1.027951691356438,2.7951691356437935,0.6045964537517917,1.1256586818418248
httpx_blocking,h2,full,131072,150,353.0110116006906,363.0558748449776,1.0284548156125206,2.845481561252061,0.5821937456622107,0.18865952835459052
httpx_blocking,h2,full,1048576,10,50.61091218561869,51.27866052663816,1.0131937622181253,1.3193762218125293,0.8034012788066441,0.9607980417759109
httpx_blocking,h2,full,1048576,50,48.51044295780941,50.51575072755706,1.0413376511835135,4.133765118351351,0.754819849976833,0.6261803549063577
httpx_blocking,h2,full,1048576,100,48.313189853838395,49.56302270632364,1.0258693921114785,2.586939211147854,0.35718531976273277,0.7928682925594255
httpx_blocking,h2,full,1048576,150,50.74048155871594,51.926409200532625,1.0233724159760753,2.337241597607531,0.22102932115115853,0.43367941369935326
httpx_blocking,h2,full,2097152,10,24.561381778508224,24.976904999335392,1.0169177461013517,1.691774610135166,0.08995511605512745,0.7125446335421316
httpx_blocking,h2,full,2097152,50,22.888775526836458,23.65036122004298,1.0332733261468525,3.327332614685252,0.6450074257082513,0.5498155493439016
httpx_blocking,h2,full,2097152,100,22.72395957281917,23.393855582309598,1.029479721935948,2.9479721935947945,0.154431161944548,0.04185525178616301
httpx_blocking,h2,full,2097152,150,23.640882815295907,24.11227402914324,1.0199396620477446,1.9939662047744555,0.3497447946598401,0.6836875215028763
httpx_blocking,h2,full,4194304,10,10.908121014634737,11.177551215600753,1.0246999644214194,2.469996442141942,0.7283002190053772,0.43505425080882376
httpx_blocking,h2,full,4194304,50,10.01108021898156,10.296597290106174,1.0285201062102427,2.85201062102427,0.5296772270820017,0.44377463255105865
httpx_blocking,h2,full,4194304,100,9.902166325058952,10.172739900131493,1.0273246849416995,2.7324684941699484,0.5504771699775229,0.4388697674280362
httpx_blocking,h2,full,4194304,150,10.15830928599498,10.448182901266348,1.0285356162241497,2.8535616224149685,0.3956645991464885,0.4770911111079968
httpx_blocking,h2,stream,1024,10,1539.8615858807,1600.8948361764717,1.039635543126342,3.9635543126341988,0.5421579277713695,0.1735801022106279
httpx_blocking,h2,stream,1024,50,1489.8210016169355,1487.8488451134442,0.9986762460044859,-0.13237539955140987,0.847102077632291,2.5220804887404666
httpx_blocking,h2,stream,1024,100,1452.3883474199654,1493.6637365333327,1.0284189756732,2.8418975673200064,0.768671775639396,1.1168721857062356
httpx_blocking,h2,stream,1024,150,1417.1361498328295,1456.432275209013,1.0277292519711807,2.77292519711807,0.6455705942911193,1.6494873959084104
httpx_blocking,h2,stream,10240,10,1519.0847298457381,1559.765054874425,1.0267794970414967,2.6779497041496736,0.25499682183090416,0.13075604747865838
httpx_blocking,h2,stream,10240,50,1469.7085882911563,1520.1480447191227,1.0343193588373958,3.4319358837395786,0.8483462141084877,0.9610021934233219
httpx_blocking,h2,stream,10240,100,1442.2817635941278,1477.521141112114,1.0244330743184125,2.443307431841246,0.32095432150143965,1.0444102509072086
httpx_blocking,h2,stream,10240,150,1399.4945240372538,1447.425592034607,1.0342488428315404,3.4248842831540394,0.30598529158124044,0.5290739324323863
httpx_blocking,h2,stream,65536,10,612.6547435614406,628.4678603403617,1.0258108126071095,2.581081260710949,0.3955130745683757,0.6814846811227574
httpx_blocking,h2,stream,65536,50,613.9199120362684,627.6462651842597,1.0223585403875617,2.2358540387561687,0.9677056944952399,1.096887371918027
httpx_blocking,h2,stream,65536,100,591.7285205089258,606.6779697326011,1.0252640335990866,2.5264033599086577,0.5154372365638723,1.085787280325622
httpx_blocking,h2,stream,65536,150,595.5822850764082,609.9224683774839,1.0240775853486577,2.407758534865767,0.4227234805818669,0.18345005285800947
httpx_blocking,h2,stream,131072,10,360.3225653726065,367.2686344044998,1.0192773633944086,1.9277363394408553,0.4771975328251325,0.44708699079859465
httpx_blocking,h2,stream,131072,50,358.87725137078843,368.65743228470404,1.0272521617811068,2.7252161781106787,0.21258356986217336,0.8704665677769384
httpx_blocking,h2,stream,131072,100,350.58755736127597,363.10748928916024,1.0357112842854905,3.571128428549053,0.8812880605799441,0.42694702250256295
httpx_blocking,h2,stream,131072,150,351.1430249538622,366.99527132416307,1.0451446995775688,4.514469957756884,1.4271918662734573,0.5746358492250833
httpx_blocking,h2,stream,1048576,10,53.08564487810033,54.2569498831203,1.0220644395996246,2.2064439599624563,0.38932653470256673,0.5652269075374481
httpx_blocking,h2,stream,1048576,50,53.26392612912402,53.92089468822171,1.0123342120425942,1.2334212042594217,0.5969926277497558,0.30806580174217135
httpx_blocking,h2,stream,1048576,100,52.0381812008244,53.46896239917671,1.027494834856558,2.7494834856558015,0.7113502775150937,0.3559567370946272
httpx_blocking,h2,stream,1048576,150,54.41878347154059,55.49726167724131,1.0198181241273931,1.9818124127393144,0.3969015376856292,0.07696356645007961
httpx_blocking,h2,stream,2097152,10,26.441895847138742,27.057353248999984,1.0232758424516615,2.3275842451661477,0.6619782839820625,0.30201296381709203
httpx_blocking,h2,stream,2097152,50,26.282032037127266,27.14623594289225,1.0328819287848128,3.2881928784812775,1.1044085851491574,0.4135207157359253
httpx_blocking,h2,stream,2097152,100,26.074633723907777,26.978169196421923,1.0346518950977899,3.4651895097789875,1.1204107372397776,0.18149258015809658
httpx_blocking,h2,stream,2097152,150,27.45683245061906,27.866474538636666,1.014919495493675,1.4919495493675106,0.14879600058888964,0.39100057946148503
httpx_blocking,h2,stream,4194304,10,13.226436643779849,13.491102810012498,1.0200103908074982,2.0010390807498224,0.41052819184428696,0.19016112464240537
httpx_blocking,h2,stream,4194304,50,13.324428101834625,13.554954840652055,1.0173010606575819,1.7301060657581857,0.6207644539872873,0.41681347892306836
httpx_blocking,h2,stream,4194304,100,12.9272714372532,13.359538224510581,1.033438362407375,3.3438362407375077,1.0119762066164906,0.12571758284234025
httpx_blocking,h2,stream,4194304,150,13.653213187361615,13.90503926969554,1.0184444554463583,1.844445544635831,0.11613751690256167,0.5056218528622646
niquests_blocking,h1,full,1024,10,1560.7373179049018,1594.9203276168078,1.021901834036872,2.190183403687196,0.8834118937088892,1.8294032392739097
niquests_blocking,h1,full,1024,50,1474.8319606371456,1570.6225782807956,1.0649501910727968,6.495019107279676,0.32672860000982995,1.5052869163109788
niquests_blocking,h1,full,1024,100,1439.0090293097805,1535.6979882406831,1.067191349714657,6.719134971465701,2.122224473330278,0.6921114532303456
niquests_blocking,h1,full,1024,150,1403.7940403918421,1468.085202798116,1.0457981445685067,4.579814456850673,1.5608246455539323,0.9670240961989894
niquests_blocking,h1,full,10240,10,1519.4534870215455,1524.6488144247965,1.0034192079241826,0.3419207924182599,0.2601023872485372,5.504690096177369
niquests_blocking,h1,full,10240,50,1418.2087326897952,1551.0457800359413,1.0936653711715663,9.366537117156625,8.670348749490069,1.5092304311612608
niquests_blocking,h1,full,10240,100,1434.4552132108408,1485.879219251735,1.0358491541369133,3.5849154136913253,0.48842942004831486,2.0779466853395534
niquests_blocking,h1,full,10240,150,1409.6082771896554,1450.1311708904095,1.0287476275192884,2.874762751928839,0.5804555877615732,1.397151410386654
niquests_blocking,h1,full,65536,10,1010.4391443180608,1093.092866538192,1.0817998022789523,8.179980227895234,4.1777803036359344,1.8280365690349027
niquests_blocking,h1,full,65536,50,979.2919841907598,1062.599252083169,1.0850688755113729,8.506887551137288,4.082330392495035,2.085644288760177
niquests_blocking,h1,full,65536,100,994.7006021256743,1035.1338459115896,1.0406486571934404,4.064865719344035,1.5927812817134324,0.8618894101647915
niquests_blocking,h1,full,65536,150,967.8476619135196,1015.4835115017554,1.0492183341064807,4.921833410648069,2.705101318294032,1.2607798898531228
niquests_blocking,h1,full,131072,10,802.3799509407365,822.059116802994,1.0245259939997067,2.4525993999706674,0.8080155692306813,4.7289031094718466
niquests_blocking,h1,full,131072,50,782.8497881999216,808.63303020209,1.0329351075912714,3.2935107591271384,0.8477227263365225,0.8253217199726178
niquests_blocking,h1,full,131072,100,764.6500975299982,789.5882292208188,1.0326137821356156,3.261378213561561,0.8503270491732634,1.2290618705474838
niquests_blocking,h1,full,131072,150,754.5612314680751,766.5798339543628,1.0159279353153412,1.5927935315341202,0.43377859804224894,2.1173432095236673
niquests_blocking,h1,full,1048576,10,189.99504922511213,195.52350083225411,1.0290978719166082,2.9097871916608176,0.4165237509610032,0.52700620680015
niquests_blocking,h1,full,1048576,50,186.17294073869215,192.92655878384892,1.0362760453713624,3.627604537136242,0.618351771287717,0.5823796416958684
niquests_blocking,h1,full,1048576,100,187.5357741679879,193.65670249725983,1.0326387237657868,3.2638723765786803,0.4357719966848613,0.9002275461193634
niquests_blocking,h1,full,1048576,150,186.29663898322588,192.33594563616842,1.0324176897978623,3.2417689797862304,1.1024287628864167,0.3179277188705307
niquests_blocking,h1,full,2097152,10,102.24444745776478,105.04599964149256,1.0274005313089012,2.740053130890119,1.0924989618514656,0.6584444151401392
niquests_blocking,h1,full,2097152,50,100.18679469424501,103.75917550243012,1.0356572023198016,3.565720231980163,0.9234198743239236,0.7588512933604695
niquests_blocking,h1,full,2097152,100,101.34850471381267,104.9656901622643,1.0356905655260116,3.5690565526011575,0.17908678118999974,0.23197255438850037
niquests_blocking,h1,full,2097152,150,100.64836086059242,103.7314044709215,1.03063183129827,3.0631831298270074,1.6109972543423778,1.321988944620685
niquests_blocking,h1,full,4194304,10,53.16094146351729,53.994843759156275,1.0156863718489875,1.5686371848987468,0.09010207925046669,0.5215528125367243
niquests_blocking,h1,full,4194304,50,52.60332404701723,54.600248595150866,1.0379619460235776,3.796194602357761,0.6098485725007464,0.21346269099441423
niquests_blocking,h1,full,4194304,100,53.13807861439597,55.122419790913625,1.037343111159839,3.7343111159839015,0.9600449868651988,0.2834087010865904
niquests_blocking,h1,full,4194304,150,52.60660994906487,54.651489706940446,1.0388711563025157,3.8871156302515697,0.20367510588127238,0.1636741012698891
niquests_blocking,h1,stream,1024,10,1387.5855456311747,1436.4933381882945,1.0352466863834857,3.5246686383485715,1.133433543741759,0.6509765378130251
niquests_blocking,h1,stream,1024,50,1358.623372753369,1364.8770306538447,1.004602937080202,0.46029370802020964,1.1461622750395692,5.34963345924257
niquests_blocking,h1,stream,1024,100,1288.957215524539,1363.0348419046454,1.0574709738134798,5.747097381347976,0.8072411143075646,0.3046885921435188
niquests_blocking,h1,stream,1024,150,1285.037258327017,1339.8083990623652,1.04262222000213,4.262222000213001,0.7450647062352702,0.598114917307459
niquests_blocking,h1,stream,10240,10,1408.1176039786637,1426.239870491951,1.012869852959783,1.2869852959783046,0.4387436645315639,0.9370600259369549
niquests_blocking,h1,stream,10240,50,1353.336185494156,1393.0558607832038,1.0293494519061754,2.934945190617544,1.4103585840108157,1.5311593004448565
niquests_blocking,h1,stream,10240,100,1281.8522224537207,1351.57123941059,1.0543892780584434,5.43892780584434,1.8180713805471074,1.2910631319195578
niquests_blocking,h1,stream,10240,150,1277.874750487248,1322.9299280132889,1.0352578979347244,3.5257897934724447,1.0678388962743768,1.2306220166910458
niquests_blocking,h1,stream,65536,10,807.1887715394068,823.6450890030445,1.0203871981918846,2.0387198191884615,0.30375864397799696,0.6362311270509087
niquests_blocking,h1,stream,65536,50,771.1271898059904,809.3870064609988,1.0496154423819946,4.961544238199456,1.2456927823687434,0.15388163329122653
niquests_blocking,h1,stream,65536,100,752.4437963673303,791.3025537790338,1.0516434019382006,5.164340193820061,0.5406611845598214,0.5836048635343258
niquests_blocking,h1,stream,65536,150,752.6414050459698,784.8476462297934,1.0427909506013113,4.279095060131133,0.2106818852960328,0.45871556177598677
niquests_blocking,h1,stream,131072,10,655.0545691501992,678.8871411031382,1.0363825749415914,3.638257494159136,0.6365902909136748,0.34758809195840895
niquests_blocking,h1,stream,131072,50,622.6025491199669,657.8225263939831,1.0565689577143538,5.656895771435377,2.957202238369561,0.48228728428196604
niquests_blocking,h1,stream,131072,100,623.9633209069156,646.6325471675785,1.0363310237975427,3.6331023797542716,0.6806417316601292,0.22622197193487342
niquests_blocking,h1,stream,131072,150,615.7797371370764,627.8649499466023,1.0196258695775104,1.9625869577510446,1.0996961965038694,2.172916615353967
niquests_blocking,h1,stream,1048576,10,152.46044531521449,159.12092509162855,1.0436866084356726,4.3686608435672625,0.7857683976881267,0.38798900850043305
niquests_blocking,h1,stream,1048576,50,152.71611888987292,157.97696870448723,1.034448556268039,3.4448556268039,1.1498673324767472,0.20883720538275108
niquests_blocking,h1,stream,1048576,100,153.2178361792034,158.90024883540957,1.037087148584712,3.708714858471196,0.3926157157746637,0.5609420658063252
niquests_blocking,h1,stream,1048576,150,152.13872663764667,159.60640662882423,1.04908467525802,4.908467525802007,1.085849902661132,0.18184266957436146
niquests_blocking,h1,stream,2097152,10,90.6108384698087,93.35958477473314,1.0303357341278805,3.0335734127880487,0.7187058519160575,0.36830823852627603
niquests_blocking,h1,stream,2097152,50,89.65659249589618,92.7528511023201,1.0345346451413,3.45346451413,0.7182681689447522,0.41362597502633036
niquests_blocking,h1,stream,2097152,100,90.6902431960959,94.08665871626249,1.0374507267868127,3.7450726786812716,0.8464805745157725,0.4294259204981716
niquests_blocking,h1,stream,2097152,150,89.45595185521383,92.65751707611697,1.035789292433945,3.578929243394491,0.4453501939817181,0.846539886051541
niquests_blocking,h1,stream,4194304,10,49.432915795147096,50.748877087561226,1.0266211545737571,2.6621154573757133,0.7289351851341359,0.30608227940505617
niquests_blocking,h1,stream,4194304,50,49.16805443163281,50.682608959553654,1.0308036294180971,3.080362941809711,0.6166303959021666,0.5366378972636753
niquests_blocking,h1,stream,4194304,100,49.84701556025532,51.80987365435249,1.0393776452217978,3.9377645221797763,0.27594201599393003,0.29068999957341735
niquests_blocking,h1,stream,4194304,150,49.371471189560076,51.203778889493265,1.0371126817934613,3.7112681793461277,0.2115077848629837,0.6474830812671112
niquests_blocking,h2,full,1024,10,1304.0682621990156,1342.9345313563592,1.0298038609511164,2.9803860951116423,0.7153353177457984,0.8738170278280317
niquests_blocking,h2,full,1024,50,1265.6939830924873,1311.5088105468355,1.0361973968955815,3.6197396895581546,1.171970176894402,1.0153716301183822
niquests_blocking,h2,full,1024,100,1180.0787321795958,1227.8780962887138,1.0405052330879931,4.050523308799314,8.151736196795222,6.029415400963495
niquests_blocking,h2,full,1024,150,1202.8612090717695,1176.321403004315,0.9779361027961532,-2.2063897203846827,0.6483076704401867,8.290490050275686
niquests_blocking,h2,full,10240,10,1289.8420326608018,1305.6648085481195,1.012267219928224,1.2267219928224105,0.1830752258869906,1.9067864271331811
niquests_blocking,h2,full,10240,50,1243.5086619884169,1311.096115701446,1.0543522178646945,5.435221786469446,0.7447975875784133,0.5436944827624033
niquests_blocking,h2,full,10240,100,1218.2808581894963,1194.6173599991,0.9805763194658061,-1.9423680534193855,1.3220616939704657,8.629844419422199
niquests_blocking,h2,full,10240,150,1097.9022933487322,1239.4992191231609,1.128970425357744,12.897042535774395,7.230270103031843,0.39569751568206635
niquests_blocking,h2,full,65536,10,673.1607315158027,694.8405834621382,1.03220605559911,3.220605559910994,1.5345425195277167,0.3452353872822258
niquests_blocking,h2,full,65536,50,661.9767662456645,671.8068650213038,1.0148496129726572,1.484961297265719,0.24202885597441415,2.82772308264872
niquests_blocking,h2,full,65536,100,630.8146987608009,660.1832282207546,1.04655650782654,4.655650782653997,2.466657210925962,1.0633664236416345
niquests_blocking,h2,full,65536,150,647.4317010277983,671.4808125397374,1.0371454030962046,3.714540309620462,1.4509897013753026,0.27462222601184794
niquests_blocking,h2,full,131072,10,435.28575528998556,445.7811428664004,1.0241114887148624,2.411148871486235,0.5859685560656978,0.6290653484220486
niquests_blocking,h2,full,131072,50,424.4880752343266,439.14071047790685,1.0345183671779041,3.451836717790413,0.07857781817466507,0.09273966657303315
niquests_blocking,h2,full,131072,100,410.3300092913775,430.78256202403026,1.049844155361616,4.984415536161602,1.0397886031354564,0.258600001438497
niquests_blocking,h2,full,131072,150,416.3243408934784,428.356600800883,1.0289011684533795,2.8901168453379533,0.9251147848971405,0.9776559168683571
niquests_blocking,h2,full,1048576,10,70.84692267476444,72.28452166169194,1.0202916221714675,2.0291622171467516,0.5563674847912419,0.32390361909774135
niquests_blocking,h2,full,1048576,50,70.52891625487119,72.52001624625912,1.0282309738631552,2.8230973863155207,0.4068995199995827,0.43663872696704337
niquests_blocking,h2,full,1048576,100,70.49495795258271,72.70458548903217,1.0313444762664548,3.1344476266454757,0.6110404801304082,0.6644404750479864
niquests_blocking,h2,full,1048576,150,72.24188923998628,74.02071573852542,1.0246232001578741,2.4623200157874114,0.28920323311764656,0.5760112848109196
niquests_blocking,h2,full,2097152,10,36.317720959292906,36.92138778662654,1.0166218256924837,1.6621825692483716,0.3404547075363822,0.24660560997270053
niquests_blocking,h2,full,2097152,50,36.09822159032222,36.94161677250433,1.0233638984145474,2.3363898414547446,0.9097006680005921,0.2860302445091427
niquests_blocking,h2,full,2097152,100,36.35181657414926,37.18970653528991,1.023049466026864,2.3049466026864085,0.3041700501204257,0.4906266702758722
niquests_blocking,h2,full,2097152,150,36.7317221298054,37.809772818874,1.0293493097127029,2.9349309712702887,1.0416725735689683,0.424860114876696
niquests_blocking,h2,full,4194304,10,18.361463917117547,18.783276852416474,1.022972729037454,2.2972729037453954,0.3391620430795756,0.6980517033584746
niquests_blocking,h2,full,4194304,50,18.351427429400278,18.822157348239244,1.0256508612558837,2.5650861255883672,0.2123459506296546,0.4536791244892428
niquests_blocking,h2,full,4194304,100,18.27821029118877,18.808418792031148,1.029007681408391,2.900768140839105,0.1972858389726051,0.518595961676606
niquests_blocking,h2,full,4194304,150,18.880377484607493,19.187171844536874,1.0162493763792328,1.624937637923285,0.08471113887624983,0.4133716814772694
niquests_blocking,h2,stream,1024,10,1311.1147343539337,1316.8332315124871,1.0043615535762942,0.4361553576294197,0.5378815371816654,0.46961744395993243
niquests_blocking,h2,stream,1024,50,1224.5145944210797,1310.6878168110732,1.0703733730758302,7.037337307583025,1.0679907817076195,0.7355254350069745
niquests_blocking,h2,stream,1024,100,1211.4951815728355,1258.403983592952,1.0387197594622017,3.871975946220174,1.2095414777412494,1.2491579281298466
niquests_blocking,h2,stream,1024,150,1221.416953484159,1230.208139777514,1.0071975309236356,0.719753092363562,0.43151925626369625,0.7237636126770353
niquests_blocking,h2,stream,10240,10,1289.4847353971682,1252.2988850672698,0.9711622407701903,-2.883775922980969,0.963571492254353,7.087485651025966
niquests_blocking,h2,stream,10240,50,1276.7670505965532,1307.1834631787372,1.0238229930573257,2.3822993057325714,0.11098273822067753,0.9273071387806037
niquests_blocking,h2,stream,10240,100,1241.370086535062,1259.1010728456583,1.0142834006578065,1.4283400657806533,0.6719978652238353,0.5502935891297548
niquests_blocking,h2,stream,10240,150,1173.174834944713,1232.0969148161303,1.0502244662230535,5.022446622305354,0.25870304316228826,0.5695976574600775
niquests_blocking,h2,stream,65536,10,654.2598051896559,691.9907110583474,1.0576696070420437,5.766960704204371,4.447059680932996,0.4214289686837632
niquests_blocking,h2,stream,65536,50,660.2072342973888,684.4139602004761,1.0366653448274448,3.666534482744477,1.9893093912290345,0.49171789081889683
niquests_blocking,h2,stream,65536,100,649.3916064697256,668.8153320321202,1.0299106507827955,2.9910650782795534,0.3022233122095311,0.57250137671166
niquests_blocking,h2,stream,65536,150,642.7122603642381,665.3979912544431,1.0352968696712719,3.529686967127188,0.5064887137980937,0.5674167466774803
niquests_blocking,h2,stream,131072,10,432.5643790647795,439.9084579631836,1.0169780020127461,1.697800201274613,0.5239646603015107,0.24036695366722208
niquests_blocking,h2,stream,131072,50,419.5849448383746,432.2975730375798,1.030298103770387,3.029810377038711,0.652797459379256,0.332494676907904
niquests_blocking,h2,stream,131072,100,414.1619034839515,423.08439328287983,1.0215434826908798,2.15434826908798,0.1993089005078865,0.9665517346357313
niquests_blocking,h2,stream,131072,150,410.6977895814982,424.68625612716664,1.034060243080253,3.4060243080253017,3.3775443445876165,0.4908349597000101
niquests_blocking,h2,stream,1048576,10,70.27501040118209,71.48997981767111,1.0172887831613695,1.7288783161369503,1.059795320860703,0.5448943812540422
niquests_blocking,h2,stream,1048576,50,70.1473463591451,71.99499119903003,1.0263394830422412,2.6339483042241207,0.5938223339857357,0.23867105574391914
niquests_blocking,h2,stream,1048576,100,69.78494724678016,72.10366324629665,1.033226592424249,3.322659242424897,1.2313259426511671,0.13468787450504985
niquests_blocking,h2,stream,1048576,150,72.23856938372761,73.37456312974794,1.0157255847632585,1.572558476325847,0.11286011003072763,0.5487345153010346
niquests_blocking,h2,stream,2097152,10,36.06863864531191,36.79895295419052,1.0202479033395273,2.0247903339527307,0.7963199436296767,0.7109335202078797
niquests_blocking,h2,stream,2097152,50,36.09677678692795,36.89629934792416,1.0221494169885483,2.214941698854833,0.2321754064628505,0.2578785989173269
niquests_blocking,h2,stream,2097152,100,36.166838873307476,36.89234088241713,1.0200598678709822,2.005986787098224,0.46151860656268223,0.4787353431406872
niquests_blocking,h2,stream,2097152,150,36.93955685736925,37.79386647332183,1.0231272296863558,2.3127229686355832,0.7927977873442676,0.6671859856130153
niquests_blocking,h2,stream,4194304,10,18.310055383076875,18.72207130761218,1.0225021670287306,2.2502167028730646,0.16757867486946357,0.5989495810639516
niquests_blocking,h2,stream,4194304,50,18.23956199533339,18.74937890065271,1.027951159432982,2.7951159432981987,0.03140047459928668,0.3092319027972802
niquests_blocking,h2,stream,4194304,100,18.22242000642535,18.74577355172905,1.0287203096580566,2.872030965805661,0.460057549789678,0.32675882550926916
niquests_blocking,h2,stream,4194304,150,18.72054160066399,19.203779619283093,1.0258132499009518,2.5813249900951796,0.5783402875354757,0.4919752080356988
pycurl,h1,full,1024,10,13052.158513760969,13665.045116708643,1.0469567238477455,4.695672384774552,3.0285355158629903,1.4499095939666462
pycurl,h1,full,1024,50,11415.68192771573,12144.96407244103,1.0638842383085938,6.38842383085938,1.1811116940708843,0.5678170086839921
pycurl,h1,full,1024,100,10297.64790624123,10765.985901064001,1.045480094006605,4.548009400660491,2.067012968138487,0.4962724602896126
pycurl,h1,full,1024,150,9214.975707572523,9753.945771820769,1.0584884953961777,5.848849539617773,4.341283845578421,1.1178466834987593
pycurl,h1,full,10240,10,13170.179009562571,13486.059258325,1.023984506856974,2.3984506856973953,0.642176867214561,0.3374585341217531
pycurl,h1,full,10240,50,11388.534691398301,12091.499926815977,1.0617256964540505,6.172569645405046,1.6322276469629513,1.1156689425069006
pycurl,h1,full,10240,100,10496.02793566124,10544.774818647344,1.0046443171916952,0.4644317191695224,1.0865771581887205,1.094113710670367
pycurl,h1,full,10240,150,9392.158201199147,9567.565595418586,1.0186759411907098,1.867594119070981,0.32510164887183074,0.34375054882349887
pycurl,h1,full,65536,10,4639.043571058115,4752.350500679764,1.0244246314754497,2.442463147544971,0.8894982502043235,1.4408411503027547
pycurl,h1,full,65536,50,4214.470133144438,4468.450150227507,1.0602638075628201,6.026380756282013,4.556395838256941,1.165769780092595
pycurl,h1,full,65536,100,4132.077618812602,4221.408365965244,1.0216188453832367,2.1618845383236662,0.6053966701228405,1.004818685379646
pycurl,h1,full,65536,150,3850.230549240561,4071.4204411958517,1.0574484798056885,5.744847980568846,1.6205651327286423,0.7581158433412367
pycurl,h1,full,131072,10,2728.892647562809,2841.5941859886916,1.0412993668059962,4.129936680599622,1.0686976845194653,0.7806762248659921
pycurl,h1,full,131072,50,2697.2722108540083,2770.3478843138305,1.027092435522733,2.7092435522733105,0.2034904532612979,0.5757592140371139
pycurl,h1,full,131072,100,2563.264727069864,2627.7951144924295,1.025175077213477,2.5175077213476893,0.6668382021710945,0.3585845736491764
pycurl,h1,full,131072,150,2471.4539516910563,2500.469977221054,1.0117404677963526,1.1740467796352627,1.5989477060319708,2.5018909331734345
pycurl,h1,full,1048576,10,421.03174899515335,433.0838227555437,1.0286250948750402,2.862509487504017,0.41455683528154313,1.1430143584532293
pycurl,h1,full,1048576,50,414.75111425964917,440.5173327090818,1.0621245309863159,6.212453098631587,1.6137771648825405,1.4161894941186572
pycurl,h1,full,1048576,100,415.1013806645264,426.27722969190216,1.0269231796085203,2.692317960852031,0.847376837755758,0.56523249628765
pycurl,h1,full,1048576,150,414.61453738857466,426.1063338327919,1.0277168198601951,2.771681986019514,0.3298194065029504,0.23087790955103202
pycurl,h1,full,2097152,10,213.88067439756367,220.94283782659988,1.033019175056036,3.301917505603602,0.7571970962148077,0.4570722147026714
pycurl,h1,full,2097152,50,222.78829868425265,226.7687270768095,1.017866415857855,1.7866415857854978,0.2863857632149044,0.7980867653612759
pycurl,h1,full,2097152,100,220.12283487160718,224.62439942071933,1.020450238848404,2.0450238848404023,2.5972777763626294,1.439380127679621
pycurl,h1,full,2097152,150,212.72990103617084,218.23382851434354,1.0258728436922313,2.5872843692231307,1.2645366952442618,0.4198596468428068
pycurl,h1,full,4194304,10,108.75275847067378,110.93393339026856,1.0200562721375288,2.0056272137528808,0.8563786606405153,0.2936540693239876
pycurl,h1,full,4194304,50,112.98307810333503,114.01014175467733,1.0090904201636544,0.9090420163654356,1.6227270595125378,0.4187021847908736
pycurl,h1,full,4194304,100,115.05284866569393,114.4159109039797,0.9944639548772498,-0.5536045122750188,1.0466837152833754,0.9927490985826157
pycurl,h1,full,4194304,150,108.88988118543895,113.90530961929798,1.0460596373075086,4.605963730750862,1.6048253665383274,3.817500247379723
pycurl,h1,stream,1024,10,6789.635208426292,6981.0776494096335,1.0281962778715639,2.819627787156387,1.2730715879443857,1.91800274767004
pycurl,h1,stream,1024,50,6446.435191200277,6733.181169919571,1.0444813249826381,4.448132498263813,0.5247588393421321,0.8147333611965341
pycurl,h1,stream,1024,100,5984.62107981562,6207.811925717786,1.037294064724486,3.729406472448593,2.168615869980097,1.7052221466605253
pycurl,h1,stream,1024,150,5712.434667841893,5838.068671916125,1.021993074998562,2.1993074998561957,0.2992957293804296,2.5007005165407294
pycurl,h1,stream,10240,10,6820.352912193966,7062.691613262385,1.035531695234589,3.553169523458899,1.336976338389005,2.074612306909648
pycurl,h1,stream,10240,50,6330.449150220363,6614.009110632968,1.044793023951979,4.479302395197893,0.44900186051143604,0.8317495443022532
pycurl,h1,stream,10240,100,6068.563479795971,6283.231049067028,1.0353737041699815,3.5373704169981535,0.6821683146051736,0.3128332407148319
pycurl,h1,stream,10240,150,5703.715588552846,5907.766608628092,1.0357751042995147,3.5775104299514693,1.3398592605249597,1.8054532109104349
pycurl,h1,stream,65536,10,2480.3404153661754,2561.7703458927795,1.032830143000586,3.2830143000585954,0.3043082222062682,0.7454209562100952
pycurl,h1,stream,65536,50,2479.250648587151,2615.3885831760917,1.054910920227659,5.491092022765898,0.9250990943406326,0.7923506685915742
pycurl,h1,stream,65536,100,2409.301090799862,2456.7977708025446,1.019713883077567,1.971388307756694,0.5995735882449525,0.6607216903602819
pycurl,h1,stream,65536,150,2320.8376511678152,2380.5052867960994,1.0257095258680675,2.5709525868067518,1.1928995240652336,0.4010502867502291
pycurl,h1,stream,131072,10,1828.4429550882323,1908.6596584303556,1.0438715920116044,4.38715920116044,1.3933407299088465,0.7073507144380827
pycurl,h1,stream,131072,50,1820.3635036135295,1847.3328348101168,1.014815354814053,1.481535481405305,0.30205425153888654,1.289133459675743
pycurl,h1,stream,131072,100,1763.6575884896254,1811.830043505267,1.0273139499016337,2.7313949901633716,0.7829944331741866,0.6606463493161062
pycurl,h1,stream,131072,150,1723.1913377976412,1750.6024012497462,1.015907150210689,1.5907150210688892,1.4185305188770247,0.2232764261041973
pycurl,h1,stream,1048576,10,277.8681714671193,287.8776488671361,1.036022396329769,3.6022396329769,0.2072638240330817,0.28573280693587016
pycurl,h1,stream,1048576,50,283.3271693146004,291.76688621470254,1.0297878841641581,2.978788416415812,0.3858918542381639,0.5393745334583518
pycurl,h1,stream,1048576,100,278.27104403646376,287.45543531675486,1.0330051993447353,3.3005199344735336,0.6510814800266196,0.5081276855975706
pycurl,h1,stream,1048576,150,279.62165892106543,286.0894798060539,1.0231306148098287,2.31306148098287,0.2734820072159127,0.17489928446274144
pycurl,h1,stream,2097152,10,153.5093612352146,158.27074364660137,1.0310168863519087,3.101688635190869,0.6133884462040952,0.403329629509984
pycurl,h1,stream,2097152,50,156.4820604778334,161.1537608836794,1.0298545430165,2.9854543016500035,0.6327653828884265,0.3625231260567525
pycurl,h1,stream,2097152,100,151.5964764147435,160.0071146416775,1.0554804334892576,5.5480433489257575,2.266248201005612,0.2317168167900733
pycurl,h1,stream,2097152,150,156.38162353468033,159.6986778658658,1.0212112795366257,2.1211279536625716,0.5076743525755812,0.12213651757274586
pycurl,h1,stream,4194304,10,80.85763854367748,83.81234343555776,1.0365420626312778,3.6542062631277794,0.19717763440496297,0.7052452550345422
pycurl,h1,stream,4194304,50,82.7679177377674,85.10909661084052,1.028286067078438,2.828606707843795,0.229073381061388,0.2804579547999655
pycurl,h1,stream,4194304,100,81.46958846914994,84.36382715528143,1.0355253873318317,3.552538733183175,0.45350697850687055,0.3527680311717086
pycurl,h1,stream,4194304,150,82.83608764297199,84.5183534439629,1.0203083685970487,2.0308368597048654,0.162498693623802,0.40462892698131653
pycurl,h2,full,1024,10,12681.070361671607,13463.285955776515,1.0616837200485179,6.168372004851785,2.1279733218940904,1.8604653605534731
pycurl,h2,full,1024,50,11447.189282591611,11955.20321585848,1.0443789231335097,4.437892313350966,1.071714341956195,0.2690214588944149
pycurl,h2,full,1024,100,10066.683951596528,10600.33114505403,1.0530112195856578,5.30112195856578,1.226870993152976,1.0234255563900752
pycurl,h2,full,1024,150,9220.004143090528,9411.649256113995,1.0207857946752752,2.0785794675275193,1.6211849327060925,1.6764311932187717
pycurl,h2,full,10240,10,12739.632306857911,12941.24542275479,1.01582566207883,1.582566207882996,1.8229537588178253,0.7896537442489518
pycurl,h2,full,10240,50,11210.242594273215,11752.310344262058,1.048354685050773,4.8354685050773005,2.670037387869976,0.6160522370815513
pycurl,h2,full,10240,100,10268.384304134746,10281.934646528327,1.0013196177696744,0.1319617769674375,1.3117530999683955,1.1241127357839713
pycurl,h2,full,10240,150,9174.414332028084,9483.984716499968,1.0337427952639078,3.3742795263907777,1.4467542445321737,0.37371121110604355
pycurl,h2,full,65536,10,3001.2963399155537,3118.7505977473843,1.0391345087353605,3.9134508735360507,0.7143982189205613,0.7738113370179119
pycurl,h2,full,65536,50,3045.7414940032454,3145.5648180853595,1.03277471981081,3.2774719810809927,1.0009346946962865,0.31956239979620676
pycurl,h2,full,65536,100,2805.2153029344768,2924.2545833706704,1.042434988969178,4.243498896917797,3.896967825078125,1.7763493281745193
pycurl,h2,full,65536,150,2770.095831800473,2884.2266888518952,1.0412010500652031,4.120105006520314,3.139308678053371,0.8280458622049798
pycurl,h2,full,131072,10,1614.3628441583114,1648.830071798257,1.021350359842998,2.1350359842998046,1.2228375562474099,0.4923441214467011
pycurl,h2,full,131072,50,1636.2696311863872,1687.9366660527046,1.0315761130571468,3.1576113057146804,0.6373981672713565,0.9199043439268011
pycurl,h2,full,131072,100,1605.9350362695293,1650.7674194886918,1.0279166854241533,2.7916685424153265,0.4491783663652039,0.6588009912592216
pycurl,h2,full,131072,150,1563.4065016345355,1596.1753538643295,1.0209599053064793,2.0959905306479287,0.6726827671185551,1.3114146952065864
pycurl,h2,full,1048576,10,212.54367545224844,220.43914624818777,1.0371475216994315,3.7147521699431474,0.30982197367752734,0.7796291017506809
pycurl,h2,full,1048576,50,220.24756645294204,227.52509782397027,1.0330425052509407,3.3042505250940657,1.4373479419818438,0.8516278160776141
pycurl,h2,full,1048576,100,218.76616802004287,225.70472350081585,1.03171676655294,3.171676655294009,0.9112466215841836,0.4835382210728807
pycurl,h2,full,1048576,150,219.58693105190972,226.22968639158316,1.0302511415768323,3.0251141576832286,0.32097666888461857,0.21176597245827056
pycurl,h2,full,2097152,10,106.96868175746545,109.83672507090542,1.0268119908212274,2.6811990821227427,0.5586266890577056,0.23819103521246537
pycurl,h2,full,2097152,50,110.75148301107086,113.93514132474621,1.0287459655358033,2.874596553580333,0.7692178457146087,0.5367242901638962
pycurl,h2,full,2097152,100,112.49535869462616,114.33237378477125,1.01632969672226,1.6329696722259923,0.6054227034983547,0.9992275046335777
pycurl,h2,full,2097152,150,111.134058016521,116.57895260012454,1.0489939329201325,4.899393292013254,0.38891658899093157,1.6995832673029065
pycurl,h2,full,4194304,10,53.34772441862961,54.833667673720235,1.027853920130316,2.7853920130316068,0.14609323135750835,0.7412422707148761
pycurl,h2,full,4194304,50,55.56169897488338,57.38330666372751,1.03278531294854,3.2785312948540035,1.0496009995060904,0.53210860499844
pycurl,h2,full,4194304,100,56.150163304086114,58.29811586689601,1.0382537188926322,3.8253718892632183,0.7979609199796817,1.2066972237843496
pycurl,h2,full,4194304,150,57.75900125574473,58.61520555792522,1.014823738007335,1.4823738007335052,1.366960750899684,0.15927051431509975
pycurl,h2,stream,1024,10,6757.960911780278,6923.855537378258,1.0245480297627643,2.4548029762764267,1.841418038276213,2.116781595736605
pycurl,h2,stream,1024,50,6265.210408045213,6590.765506998204,1.0519623568483738,5.19623568483738,1.369508088074539,0.6444200370676683
pycurl,h2,stream,1024,100,6017.544190213424,6218.924036578202,1.0334654536799728,3.346545367997278,0.7029874038142777,0.11960575316255204
pycurl,h2,stream,1024,150,5702.831857163756,5699.798166335387,0.9994680378267583,-0.05319621732416957,1.3908007950674095,4.3556712032967715
pycurl,h2,stream,10240,10,6817.386766246865,6854.61247365928,1.0054604071455533,0.5460407145553292,2.5575929406790014,1.1515334212688035
pycurl,h2,stream,10240,50,6289.538616679632,6374.15657426161,1.0134537623089832,1.3453762308983208,1.5221819473866949,0.3048694180648248
pycurl,h2,stream,10240,100,5975.3948378763225,6187.618875794415,1.035516320456828,3.5516320456828065,2.0430086362771283,0.8277402291481537
pycurl,h2,stream,10240,150,5510.608110396831,5755.712224636985,1.0444785964325276,4.447859643252761,2.188727037999527,0.7656339883841772
pycurl,h2,stream,65536,10,1957.4844853196785,2044.6957077587258,1.0445527017420038,4.455270174200376,0.8549620147824135,0.22000138585859735
pycurl,h2,stream,65536,50,1984.9179362955006,2023.2311219082665,1.0193021509414493,1.930215094144927,0.8846996883324667,0.20901572148331296
pycurl,h2,stream,65536,100,1892.1947083892117,1953.3748352806278,1.0323328918637014,3.2332891863701363,1.4293563737870225,1.4620477994106489
pycurl,h2,stream,65536,150,1827.3743936847982,1927.957861491849,1.0550426164198514,5.504261641985142,3.171916239014199,0.056833639914293355
pycurl,h2,stream,131072,10,1234.6200025389114,1285.3589537390606,1.041096816101965,4.109681610196492,1.7455554631055898,0.7455216563977023
pycurl,h2,stream,131072,50,1260.4041690144998,1306.0124146201695,1.0361854131610264,3.6185413161026414,1.364635377160651,0.457071353326341
pycurl,h2,stream,131072,100,1229.431525205868,1272.8240528651827,1.0352947901283471,3.529479012834713,1.401222174368077,1.1961898000606543
pycurl,h2,stream,131072,150,1221.3948959131926,1246.8613849342175,1.0208503319493443,2.085033194934427,0.9183650606155136,0.4706124025176762
pycurl,h2,stream,1048576,10,186.62449921768075,192.07687049529181,1.0292157315918709,2.9215731591870853,0.8862622059286379,0.8435249195299387
pycurl,h2,stream,1048576,50,191.82980135672707,198.3955581911608,1.0342269907386499,3.4226990738649876,0.714562586486546,0.24683901642906853
pycurl,h2,stream,1048576,100,191.3000408433788,196.40228076208035,1.0266714000488837,2.6671400048883687,0.46930395262071234,0.3307156637690891
pycurl,h2,stream,1048576,150,193.22181256462642,197.14752308960922,1.0203171188225437,2.0317118822543723,0.30278725200873613,0.39251641095947987
pycurl,h2,stream,2097152,10,93.67131475882668,96.97199907581748,1.035236874015156,3.523687401515607,0.27042556861464145,0.17887826259179518
pycurl,h2,stream,2097152,50,97.75400914293908,100.59108705320881,1.0290226245976393,2.902262459763927,0.31613214744991736,0.44961608400665076
pycurl,h2,stream,2097152,100,97.1084512165849,99.76469378498973,1.027353361475002,2.735336147500189,0.4669152896615688,0.17863744034851736
pycurl,h2,stream,2097152,150,97.7403260566639,99.90824905965475,1.0221804355526092,2.218043555260918,0.1666956305379914,0.28220335197780105
pycurl,h2,stream,4194304,10,47.504354969391436,48.90615650001173,1.0295089056892472,2.9508905689247245,0.6853456397424396,0.42370483478980625
pycurl,h2,stream,4194304,50,49.025997874607334,50.346899426049966,1.026942879466137,2.694287946613705,0.3143633436801927,0.4157042065916055
pycurl,h2,stream,4194304,100,48.39139074002097,50.03413174473688,1.0339469682436162,3.3946968243616205,0.21894494265438455,0.4799974300050465
pycurl,h2,stream,4194304,150,49.19948940579768,50.29050126450802,1.0221752679120646,2.217526791206459,0.49014477134186213,0.33896995330380236
requests,h1,full,1024,10,1434.2524204505114,1513.2516353661908,1.0550804124777877,5.508041247778772,2.7368677535878376,0.6731661504969116
requests,h1,full,1024,50,1413.443843910566,1460.288410725876,1.0331421492386321,3.3142149238632124,0.8421295207826512,1.137148246000883
requests,h1,full,1024,100,1375.7291416028247,1409.9226524426886,1.0248548277461258,2.4854827746125796,0.2808517723878659,1.04438823607609
requests,h1,full,1024,150,1318.6181737764207,1383.907913856954,1.0495137571883668,4.951375718836681,2.672838704782505,1.207547334665551
requests,h1,full,10240,10,1458.336247305343,1509.342978942501,1.034975974663872,3.4975974663872034,1.2026869455116953,1.2562197891478375
requests,h1,full,10240,50,1385.9924149891556,1442.400842738562,1.0406989440485848,4.069894404858476,1.6071957751322705,2.465519642127738
requests,h1,full,10240,100,1348.5546191593694,1426.9951402937136,1.0581663656925075,5.816636569250755,1.143576490866261,1.23422313786659
requests,h1,full,10240,150,1339.7411066416967,1404.121777010202,1.048054560727697,4.805456072769698,0.4098867818948716,0.9358040200457385
requests,h1,full,65536,10,994.6836963646365,1034.0197911162154,1.0395463350765115,3.9546335076511507,0.9690148159497183,0.7057058106273298
requests,h1,full,65536,50,978.5611612663913,1020.1981262168238,1.0425491697387097,4.25491697387097,1.259202646380597,1.0560403033077235
requests,h1,full,65536,100,927.6460814324439,989.2810453422619,1.066442326597923,6.644232659792304,4.116547864539891,0.4911765970766877
requests,h1,full,65536,150,943.3902417211515,986.1037352224406,1.0452765903358945,4.527659033589448,1.3515206052065094,0.9847877592628237
requests,h1,full,131072,10,789.919460013764,804.8251506986176,1.0188698866648935,1.8869886664893532,1.084675138829455,0.2949336148513315
requests,h1,full,131072,50,742.6597080234495,792.435928577001,1.0670242642973433,6.702426429734332,3.4752993060914026,0.49448198552049705
requests,h1,full,131072,100,740.5151743332063,778.6836472860481,1.0515431341257935,5.154313412579348,1.639944622664812,0.07520764894664339
requests,h1,full,131072,150,738.1152483996514,763.2527900675913,1.0340563912240561,3.4056391224056126,0.7849292930091426,0.5310791821033696
requests,h1,full,1048576,10,191.03423580448694,194.40040930773674,1.0176207866044225,1.7620786604422456,1.7156347105825414,0.7701218661950379
requests,h1,full,1048576,50,184.7468153188288,193.28722168425313,1.0462276242796695,4.622762427966953,2.1586305664260506,0.5222195161093083
requests,h1,full,1048576,100,187.6224380251922,192.82414991511575,1.0277243593286274,2.772435932862738,0.5194940516961504,0.7803297634203462
requests,h1,full,1048576,150,185.27278631383882,192.24049842057178,1.0376078551273589,3.760785512735887,0.9241716176781957,0.5903412632478481
requests,h1,full,2097152,10,102.22181106489784,104.57305922774455,1.0230014332396633,2.3001433239663305,0.23156764539663863,0.7063096308616118
requests,h1,full,2097152,50,102.11859223145976,104.00752474102356,1.018497439773576,1.8497439773575985,0.28587940384988786,0.46910793310737137
requests,h1,full,2097152,100,101.9542328155822,105.50196138690845,1.0347972661198235,3.479726611982348,0.23184429156703792,0.5040123372078652
requests,h1,full,2097152,150,101.45486214829383,104.40849817393068,1.0291128090176656,2.9112809017665553,0.7069489477956659,0.06586006648397451
requests,h1,full,4194304,10,53.27849526048704,54.16071546393261,1.0165586546529186,1.6558654652918614,0.5109759784747919,0.6553435426566887
requests,h1,full,4194304,50,53.00784779272309,54.479356096433065,1.0277601971214532,2.7760197121453167,0.8371437919723783,0.6059489061798949
requests,h1,full,4194304,100,53.95521248924501,55.380804800136545,1.0264217717829525,2.6421771782952463,0.4537271101722606,0.5248535474090726
requests,h1,full,4194304,150,53.13102355638204,54.9717490384503,1.0346450220390522,3.4645022039052176,0.049467313904355804,0.45565455248031134
requests,h1,stream,1024,10,1313.7155451406195,1370.0976215410246,1.0429180248410397,4.291802484103968,1.0815226855750988,0.9825283028386915
requests,h1,stream,1024,50,1284.521347070159,1334.0387532622929,1.0385493057823267,3.8549305782326737,0.5691992566381288,1.8977617017302943
requests,h1,stream,1024,100,1219.4807034370206,1240.8008096447124,1.0174829385554054,1.7482938555405392,1.2983738707941743,3.684251128215594
requests,h1,stream,1024,150,1195.3856027784373,1269.4009332394653,1.061917535470558,6.191753547055789,0.9865105820177787,1.2953869826081974
requests,h1,stream,10240,10,1316.0285156409034,1370.1707765789004,1.0411406442144073,4.114064421440733,0.6583835118130945,0.5986382013419892
requests,h1,stream,10240,50,1260.0418069262548,1317.877795555415,1.0459000553086768,4.59000553086768,0.432350735737419,0.34783519373759303
requests,h1,stream,10240,100,1236.6716221609247,1287.7361621030389,1.0412919153533138,4.129191535331378,0.7069494594769087,0.2391672309353635
requests,h1,stream,10240,150,1204.0065565649386,1254.368089482576,1.041828287930026,4.182828793002602,1.5984766362444762,1.260983522338816
requests,h1,stream,65536,10,780.881874524557,801.5947781551176,1.026525015250446,2.6525015250445927,0.8984786622168801,1.016712760638521
requests,h1,stream,65536,50,758.2401655208229,776.4399203199656,1.024002625588479,2.40026255884791,1.1540591912754194,3.0962949469160246
requests,h1,stream,65536,100,735.271253354157,762.8722919242767,1.0375385797339545,3.753857973395447,0.4563919649279374,0.7594214971468314
requests,h1,stream,65536,150,715.56549408554,760.7965468499439,1.0632102206412386,6.32102206412386,2.7679771767903176,0.1552055899774959
requests,h1,stream,131072,10,640.5342540776164,655.7482169559834,1.0237519895017564,2.3751989501756388,0.6995081911876136,0.634336701621236
requests,h1,stream,131072,50,620.6590395601842,639.2774753003916,1.0299978483410166,2.9997848341016597,0.7668104443320515,0.6894174446066399
requests,h1,stream,131072,100,607.1391357894772,629.8998271564603,1.037488427322984,3.7488427322984075,0.3357368921666951,0.7324480347694033
requests,h1,stream,131072,150,586.2714522041915,625.0088794665005,1.0660742171850066,6.607421718500661,2.577087379951517,0.4550588173265338
requests,h1,stream,1048576,10,155.07151525509235,159.26801549818646,1.0270617091487813,2.7061709148781254,0.40788028520095565,0.31916354639664213
requests,h1,stream,1048576,50,153.83641268783435,157.65980155478053,1.0248536013037735,2.4853601303773454,0.5425565226437078,0.15750628571754363
requests,h1,stream,1048576,100,154.30704802867535,158.1544137093198,1.0249331817943241,2.4933181794324133,0.16394767327522516,0.6764581791800623
requests,h1,stream,1048576,150,152.54177918357829,158.69069613237292,1.0403097235505208,4.030972355052076,0.5173205559904548,0.5352506063695431
requests,h1,stream,2097152,10,91.42243121249905,92.43563976725963,1.0110827128673214,1.1082712867321431,0.30365655091304916,0.10483148007020185
requests,h1,stream,2097152,50,90.31152323242634,93.19555541001972,1.0319342656880122,3.1934265688012164,0.8581240628721725,0.5430204971736302
requests,h1,stream,2097152,100,91.41422069371627,94.0658253422847,1.0290064787343387,2.9006478734338703,0.49052452012113146,0.19147945773699704
requests,h1,stream,2097152,150,91.12736927241632,93.91726254549998,1.0306153167304057,3.061531673040574,0.4795485099021675,0.7267450407635443
requests,h1,stream,4194304,10,49.798006184505624,50.596201430180976,1.0160286587121174,1.602865871211745,0.373658932183241,0.8269009191297965
requests,h1,stream,4194304,50,49.26128211285228,50.984710998198246,1.0349854654898705,3.498546548987047,0.8836694532853295,0.1282967951093815
requests,h1,stream,4194304,100,50.5597764581594,52.187317602572165,1.0321904339462347,3.2190433946234664,0.22129494075872455,0.26824450803556427
requests,h1,stream,4194304,150,49.97850283820288,51.52767385876215,1.030996747253003,3.0996747253003054,0.5758565681289038,0.46634687481117026
ry_blocking,h1,full,1024,10,9057.465451821537,8792.554019737725,0.9707521454547159,-2.9247854545284113,0.749885087244299,6.527227076193579
ry_blocking,h1,full,1024,50,7899.3054123242,8322.613114083088,1.053587964974548,5.35879649745481,2.9733909917433228,0.5968512073588291
ry_blocking,h1,full,1024,100,7385.515099389227,7645.469195586559,1.035197828817496,3.519782881749589,0.671811235883624,2.103858348612591
ry_blocking,h1,full,1024,150,6837.756709815576,7100.587346372143,1.0384381380781322,3.8438138078132233,0.7560129186880763,0.10201635072222542
ry_blocking,h1,full,10240,10,8685.159075226058,9171.583731036828,1.0560064187192921,5.600641871929213,1.5138761950066975,1.5673574400189174
ry_blocking,h1,full,10240,50,7971.434559126468,8318.85628961932,1.0435833384713784,4.358333847137841,1.5026972083250583,0.5714955274993734
ry_blocking,h1,full,10240,100,7454.233305920484,7531.718577490233,1.0103948009660775,1.0394800966077478,1.328666198331889,1.6415127797896385
ry_blocking,h1,full,10240,150,6420.640561633824,6863.37328361508,1.0689546031632389,6.895460316323887,7.31654053333853,1.289661121324839
ry_blocking,h1,full,65536,10,8911.363920789703,9103.770143292786,1.0215911081865046,2.159110818650456,0.9174066454532804,2.0295630168924568
ry_blocking,h1,full,65536,50,7805.616625097642,8085.393397216152,1.0358430071006735,3.584300710067345,0.20464880960548165,2.1716961785328666
ry_blocking,h1,full,65536,100,7190.67513250713,7516.172736789008,1.0452666263297572,4.52666263297572,1.873786314638726,1.0338321034652378
ry_blocking,h1,full,65536,150,6513.284886658414,6930.566039424408,1.0640661601676196,6.406616016761957,2.720075937592647,1.3938011480121855
ry_blocking,h1,full,131072,10,8538.417504310966,8876.46376830556,1.0395912080691672,3.959120806916716,2.786689207287268,0.40272080984360054
ry_blocking,h1,full,131072,50,7569.817180844844,7801.25812970923,1.0305741794465049,3.0574179446504868,0.27032762116355924,1.5646110562660913
ry_blocking,h1,full,131072,100,6969.661928950082,7203.263712346241,1.0335169461270195,3.35169461270195,1.5773978964857351,1.0621431014803708
ry_blocking,h1,full,131072,150,6205.77441930946,6635.892053706628,1.0693092602687657,6.9309260268765716,1.240702950973038,0.44391522488063545
ry_blocking,h1,full,1048576,10,4779.477992100927,4847.174277005455,1.0141639494974997,1.4163949497499662,2.749671466723827,4.786922761065075
ry_blocking,h1,full,1048576,50,4017.1723405110365,4292.916532216527,1.068641364704411,6.864136470441107,1.1196059662346627,2.89701969162319
ry_blocking,h1,full,1048576,100,3584.988477373295,3709.3105020657476,1.0346785004964765,3.467850049647647,1.7474066348242503,0.43461045212214583
ry_blocking,h1,full,1048576,150,3349.3005032421283,3476.382145326127,1.0379427411666955,3.7942741166695493,2.362137769781086,1.1022163113225067
ry_blocking,h1,full,2097152,10,2079.017010080931,2212.8089547816453,1.0643534632241927,6.435346322419266,3.6763937819274,4.905985358771292
ry_blocking,h1,full,2097152,50,1953.0634666322367,2043.5044616555808,1.0463072483657154,4.6307248365715425,1.2363865491139157,1.497384138307151
ry_blocking,h1,full,2097152,100,1812.448552767152,1934.5834284707612,1.067386671758015,6.738667175801494,2.1250228331099237,2.1660887270153424
ry_blocking,h1,full,2097152,150,1744.5085033562905,1896.724013898185,1.0872540949207439,8.725409492074387,4.096850287741955,3.121143249818596
ry_blocking,h1,full,4194304,10,912.6055651415645,1065.4520652027759,1.167483637947684,16.748363794768405,7.907402919022794,1.3837324679872136
ry_blocking,h1,full,4194304,50,931.7041219639794,992.5264248991156,1.0652807060753646,6.5280706075364625,2.5404444081252886,0.7706270821300251
ry_blocking,h1,full,4194304,100,864.2454011683158,951.9068675048957,1.1014312210606805,10.143122106068049,1.669550738013535,1.9862868016802684
ry_blocking,h1,full,4194304,150,801.1972001330025,876.2375018265967,1.0936602145902872,9.366021459028717,0.666680585895942,1.3752336582159816
ry_blocking,h1,stream,1024,10,5381.00810855349,5574.990557671416,1.036049462332082,3.604946233208195,0.25583080704157357,1.7292513367468005
ry_blocking,h1,stream,1024,50,5072.091982150798,5234.882335979519,1.0320953078929949,3.209530789299486,1.5759435844863598,1.1620188436582388
ry_blocking,h1,stream,1024,100,4781.391715972817,5028.797071179913,1.0517433772222862,5.174337722228617,0.2878485377554935,0.2936367159782677
ry_blocking,h1,stream,1024,150,4566.793441367899,4693.880450364839,1.0278284994993936,2.782849949939359,0.6822729237870313,1.947043823840233
ry_blocking,h1,stream,10240,10,5347.393127143617,5650.365479448815,1.0566579537171665,5.665795371716653,1.4301379571426822,0.8165303325925034
ry_blocking,h1,stream,10240,50,5051.679835397364,5283.220135358841,1.0458343179904361,4.5834317990436135,0.15941633225223967,0.4338779817075551
ry_blocking,h1,stream,10240,100,4773.6380358627475,4960.797326682079,1.0392068458926433,3.920684589264334,0.7704335966092869,1.9645222247356104
ry_blocking,h1,stream,10240,150,4548.4708018507445,4750.90084601854,1.0445050771976876,4.450507719768759,2.183601898898661,0.8003833711812046
ry_blocking,h1,stream,65536,10,3445.3731154142024,3511.564602540529,1.0192117036120685,1.9211703612068476,1.0589061143448257,0.8744271753685309
ry_blocking,h1,stream,65536,50,3306.7936808541735,3374.8617319183422,1.0205843054129056,2.058430541290557,0.558291734626438,1.3821055123795571
ry_blocking,h1,stream,65536,100,3150.06909204641,3228.20277314615,1.024803799160158,2.4803799160157958,1.805058330102629,1.4119932248721323
ry_blocking,h1,stream,65536,150,3027.0943917882764,3119.506905784533,1.0305284546946893,3.0528454694689344,0.34852948601744815,1.5685181410107645
ry_blocking,h1,stream,131072,10,3431.1247343573973,3480.5436488541977,1.0144031238508897,1.440312385088971,1.2547572691644575,0.6728330299316367
ry_blocking,h1,stream,131072,50,3305.7088710685225,3389.0812087839186,1.0252207139125495,2.522071391254954,0.21212853660212555,1.020058344835955
ry_blocking,h1,stream,131072,100,3109.34177587671,3203.8903031550717,1.0304078914746202,3.0407891474620197,0.730734196588319,1.5263179158588
ry_blocking,h1,stream,131072,150,2972.4331791090444,3038.1132932945934,1.0220964140244309,2.2096414024430855,1.147781290798267,0.4675861936743951
ry_blocking,h1,stream,1048576,10,1198.8780451672626,1251.301751805535,1.043727305583412,4.372730558341198,0.25640762054234384,0.5152669573814095
ry_blocking,h1,stream,1048576,50,1215.7297140426645,1254.3289522752686,1.0317498517859287,3.1749851785928707,0.9110548354865713,0.6886141908012946
ry_blocking,h1,stream,1048576,100,1167.4757067930002,1213.7825575838822,1.0396640808210773,3.9664080821077308,0.4032075845322837,0.9073786914295923
ry_blocking,h1,stream,1048576,150,1129.1650976609003,1162.9088711519937,1.0298838261658942,2.9883826165894245,0.9767694932994475,0.13166586647928363
ry_blocking,h1,stream,2097152,10,1101.4441316712355,1088.7856895876212,0.9885074133860903,-1.1492586613909728,5.818978541071294,2.858304253933549
ry_blocking,h1,stream,2097152,50,999.835525944704,1031.7744526742447,1.0319441807184866,3.1944180718486592,0.5973185437262553,1.2946478238085584
ry_blocking,h1,stream,2097152,100,964.2384125371044,1005.2669835470919,1.042550234959042,4.255023495904209,0.6253408347428592,0.3662804298110894
ry_blocking,h1,stream,2097152,150,942.9590482616386,980.5811686900547,1.0398979367107968,3.9897936710796778,0.3942805305001571,0.6647421964891986
ry_blocking,h1,stream,4194304,10,882.4375098346729,956.2910991797542,1.0836927131065834,8.369271310658345,10.079696187480538,9.534762041810026
ry_blocking,h1,stream,4194304,50,756.1642312790032,769.3119027053604,1.0173873225980536,1.7387322598053645,0.6134605673205933,0.5856196756902642
ry_blocking,h1,stream,4194304,100,741.0407750373557,750.09143427042,1.0122134429547525,1.2213442954752463,0.42325393674950507,0.5720933881725854
ry_blocking,h1,stream,4194304,150,719.2205289289595,739.452978813557,1.028131079510101,2.8131079510101076,0.895406527434231,0.5574414051409277
ry_blocking,h2,full,1024,10,8857.650906755363,9378.863310172912,1.0588431864051044,5.884318640510444,1.9800389507628775,1.0001721483484964
ry_blocking,h2,full,1024,50,7950.755774983497,8174.779176815377,1.0281763656402017,2.817636564020165,1.3661665995991472,0.5413786911127794
ry_blocking,h2,full,1024,100,7365.05964810363,7612.035074165162,1.0335333911552398,3.353339115523979,1.0332256915977622,1.503372692321468
ry_blocking,h2,full,1024,150,6708.043168862534,6996.15248925615,1.042949830992586,4.294983099258598,1.481235663067345,1.2696599138749034
ry_blocking,h2,full,10240,10,8745.047497385653,8936.849717627078,1.0219326676383136,2.1932667638313585,1.0279768072558944,1.1581240589646673
ry_blocking,h2,full,10240,50,8049.285884707008,8046.9196212505485,0.999706028150776,-0.02939718492239729,0.3112117167039184,0.67587213291104
ry_blocking,h2,full,10240,100,7225.678326594638,7635.181395601195,1.0566733046362375,5.667330463623754,0.9168164502799797,1.1309019473268798
ry_blocking,h2,full,10240,150,6718.15926724825,6964.177786146923,1.0366199295241538,3.6619929524153827,2.727642128979703,0.5245151089088554
ry_blocking,h2,full,65536,10,4607.325670348945,4753.293679971338,1.0316817216898275,3.1681721689827524,2.3201176341945766,0.978450697810907
ry_blocking,h2,full,65536,50,4322.575106691311,4455.065430445382,1.0306507858125997,3.0650785812599723,0.736236162970828,0.8518435462652671
ry_blocking,h2,full,65536,100,4119.76052289498,4133.558983429682,1.0033493355883234,0.3349335588323399,1.015506998277278,1.2266820224120691
ry_blocking,h2,full,65536,150,3830.5713601576285,3998.9918808171224,1.043967467206397,4.396746720639699,2.4180355565583938,1.5098431404959558
ry_blocking,h2,full,131072,10,2821.663431353652,2857.0215924436784,1.0125309633661956,1.2530963366195635,1.5913419722863247,1.6506593249063186
ry_blocking,h2,full,131072,50,2656.701517038486,2729.524593332809,1.0274110869539839,2.7411086953983865,0.5131557214460728,0.5573638544898778
ry_blocking,h2,full,131072,100,2512.7361030747525,2604.057546403083,1.0363434278739354,3.6343427873935408,0.9712184976544846,1.0569092262731934
ry_blocking,h2,full,131072,150,2477.049203358154,2534.5070102046147,1.0231960700532572,2.319607005325719,1.1184040851032004,0.7896618780860714
ry_blocking,h2,full,1048576,10,418.6729772296467,440.30029523146726,1.0516568280688385,5.165682806883853,0.4336638771303645,1.6639766912144298
ry_blocking,h2,full,1048576,50,422.2845768461979,436.4889134435538,1.0336368822736552,3.3636882273655244,0.5388670465796981,0.525188681599173
ry_blocking,h2,full,1048576,100,416.2644944598454,431.341640562511,1.036220110778917,3.622011077891707,0.4860904089230513,0.34334849743120327
ry_blocking,h2,full,1048576,150,416.07605171975104,426.4952666729004,1.0250416117680508,2.5041611768050753,1.06175515719587,0.393074785175513
ry_blocking,h2,full,2097152,10,213.05022507366635,217.9865418213721,1.0231697326111668,2.316973261116684,0.4424893838414528,0.5463822720717357
ry_blocking,h2,full,2097152,50,222.40851461432527,225.74714222330257,1.0150112400811937,1.50112400811937,1.3602892616734794,0.8512498156536987
ry_blocking,h2,full,2097152,100,222.8313465635183,227.9147468843911,1.0228127702824061,2.2812770282406136,2.0489129956843066,1.4648716599236542
ry_blocking,h2,full,2097152,150,217.790926920626,228.6942888934757,1.050063435272597,5.0063435272597046,1.13052094799398,3.1376408661085744
ry_blocking,h2,full,4194304,10,104.7179096940962,108.81130110883896,1.0390896975187953,3.908969751879532,0.1729097851788387,0.1740469538640336
ry_blocking,h2,full,4194304,50,108.10388009720937,111.01587371793039,1.026936994473302,2.6936994473302,0.8604319953755025,0.7228816736055047
ry_blocking,h2,full,4194304,100,109.43072250958474,111.65149763300857,1.0202938907145507,2.0293890714550678,0.8920176622959837,1.262150565619412
ry_blocking,h2,full,4194304,150,110.2905821715942,112.58371205537956,1.0207917107574755,2.0791710757475546,0.8520256114639921,0.6547667880448115
ry_blocking,h2,stream,1024,10,5391.806653731063,5565.850386059209,1.0322792977392299,3.2279297739229884,0.588959582744867,0.854575208416169
ry_blocking,h2,stream,1024,50,5065.003808691667,5221.56919534539,1.0309112080794596,3.0911208079459573,1.1933219651765783,1.4326198170710283
ry_blocking,h2,stream,1024,100,4773.476097321819,4997.506244373625,1.0469322863431745,4.693228634317448,0.89147389657199,0.8451179962619904
ry_blocking,h2,stream,1024,150,4523.316156856032,4678.59514702232,1.0343285732815581,3.432857328155814,0.6017553481645099,0.8653316926897325
ry_blocking,h2,stream,10240,10,5345.366950084023,5497.504688749288,1.0284616079842515,2.846160798425146,1.5214939655060713,2.3652462055852363
ry_blocking,h2,stream,10240,50,5031.970540948999,5219.117727963321,1.0371916300962738,3.71916300962738,0.6263713206557735,0.18225475842067287
ry_blocking,h2,stream,10240,100,4676.09213746193,4947.792351974345,1.0581041191074323,5.8104119107432295,1.0373168487327888,0.9713577041707616
ry_blocking,h2,stream,10240,150,4519.742824199498,4647.674224796474,1.0283050176908317,2.8305017690831713,1.2993817149635074,1.6612038949827055
ry_blocking,h2,stream,65536,10,2491.0676886320707,2570.4195789312557,1.0318545700951065,3.1854570095106505,2.493563940452638,0.7905750239023938
ry_blocking,h2,stream,65536,50,2467.7476351880064,2529.4766732251337,1.025014323651626,2.5014323651626036,0.5772041335603054,0.5028898573041876
ry_blocking,h2,stream,65536,100,2374.126603667785,2425.330847398382,1.0215676129703832,2.156761297038323,0.1993522538742264,0.4857163238961021
ry_blocking,h2,stream,65536,150,2297.3535921221514,2395.9127262308966,1.0429011600333158,4.290116003331579,1.146242832021226,0.24883956929219156
ry_blocking,h2,stream,131072,10,1847.4619629139845,1901.043523979561,1.0290027952624599,2.9002795262459857,1.0588594063493717,0.9284970599254102
ry_blocking,h2,stream,131072,50,1821.4821893595729,1885.1696063505347,1.034964611437323,3.496461143732299,0.8890848143849948,0.45329585830880614
ry_blocking,h2,stream,131072,100,1747.0844731943514,1797.0912963160692,1.0286230138776782,2.8623013877678183,0.200091187893226,0.08773059716388198
ry_blocking,h2,stream,131072,150,1717.922546494091,1759.1407509077721,1.0239930516645228,2.3993051664522813,1.2136945245952333,0.5263053181656024
ry_blocking,h2,stream,1048576,10,334.64722327820095,344.2055761346248,1.0285624747242492,2.856247472424922,0.49491198774541867,0.7524282694783626
ry_blocking,h2,stream,1048576,50,338.5233719369417,345.2356548832339,1.0198281226725536,1.9828122672553627,0.8828359991054967,0.6155799711464548
ry_blocking,h2,stream,1048576,100,335.77323802379476,343.56684607717636,1.023210926812545,2.3210926812545107,0.09119892575086426,0.14439895716675408
ry_blocking,h2,stream,1048576,150,329.6116156996264,340.8918824544104,1.0342229042227191,3.422290422271912,1.000572422877228,0.5356670868579227
ry_blocking,h2,stream,2097152,10,187.97806338281904,192.9900995678224,1.0266628780763438,2.666287807634382,0.47433139966301086,0.11656478878328803
ry_blocking,h2,stream,2097152,50,190.76371346130966,196.91428480594615,1.0322418306555137,3.224183065551367,0.34072657352295,0.38796425252634553
ry_blocking,h2,stream,2097152,100,190.85748070392563,195.18547055943347,1.0226765534132864,2.267655341328645,0.3334223804799148,0.13251422156115092
ry_blocking,h2,stream,2097152,150,189.96429768355117,195.14888290765435,1.0272924190878217,2.729241908782165,0.13618475216291587,0.16415108849881083
ry_blocking,h2,stream,4194304,10,98.14178711042823,101.94779072442111,1.0387806634263792,3.8780663426379203,0.48723260375100885,0.23374064976629524
ry_blocking,h2,stream,4194304,50,100.50026252410892,103.58183888082598,1.030662371214979,3.0662371214978945,0.3246797034612303,0.5984427039474779
ry_blocking,h2,stream,4194304,100,99.35745780431922,102.84511177739216,1.0351020854412534,3.5102085441253372,0.6949713576740123,0.5029181741421933
ry_blocking,h2,stream,4194304,150,101.77522571685478,103.91694213108042,1.02104359286988,2.104359286988,0.08778588614020517,0.30908307149622577
wreq_blocking,h1,full,1024,10,18996.449247061497,19830.182251302012,1.0438888864648999,4.388888646489986,0.884242848708937,2.1583581843687223
wreq_blocking,h1,full,1024,50,15439.5983015134,15894.76394684565,1.0294804072258559,2.9480407225855876,1.6024923621130973,1.8385094104087636
wreq_blocking,h1,full,1024,100,12985.919209127083,13270.064027178512,1.021880993826892,2.1880993826892015,1.015870966181724,1.6527241534082207
wreq_blocking,h1,full,1024,150,10964.737951050713,11482.570128403386,1.0472270454309445,4.722704543094447,1.6564477308315038,1.7595289157475573
wreq_blocking,h1,full,10240,10,19292.575965796572,19323.552423843932,1.0016056154503306,0.16056154503305553,2.262157770299789,3.4289490375640126
wreq_blocking,h1,full,10240,50,14865.626873248002,15960.322779412385,1.0736394042106885,7.363940421068849,4.08082305675736,1.6310974983940243
wreq_blocking,h1,full,10240,100,12714.75234364658,13033.255843753936,1.0250499177254135,2.504991772541354,2.670213865895282,1.7509694749248492
wreq_blocking,h1,full,10240,150,11128.455289563104,11442.413916059975,1.0282122377569616,2.821223775696158,2.6716760979001464,1.026359058269228
wreq_blocking,h1,full,65536,10,17525.23916789466,18691.140042448904,1.0665269593975137,6.652695939751374,0.8835677135309613,2.2290382105523268
wreq_blocking,h1,full,65536,50,14336.070073189452,14933.173302902012,1.041650412328078,4.165041232807809,0.48380281881939596,2.0263349433450433
wreq_blocking,h1,full,65536,100,11964.95926076807,12640.686628643169,1.0564755260045675,5.647552600456751,1.6900492686289783,1.0313121015365068
wreq_blocking,h1,full,65536,150,10692.495045893256,10995.98854119444,1.0283837863846146,2.8383786384614584,0.5887892600071919,1.6371541833557115
wreq_blocking,h1,full,131072,10,16787.471174503502,17637.086261600947,1.0506100697517697,5.061006975176974,1.1676557634992495,1.5049640084580045
wreq_blocking,h1,full,131072,50,13752.946740745212,14479.155574353645,1.0528038715846204,5.280387158462041,1.7036358459899998,1.3808732326288677
wreq_blocking,h1,full,131072,100,11767.675489893183,12134.561936987535,1.031177478288678,3.1177478288678007,0.8581624343314119,1.1075619553459897
wreq_blocking,h1,full,131072,150,10078.55370338266,10090.43383150234,1.0011787532685064,0.11787532685063606,1.321150532602585,1.0428398713922584
wreq_blocking,h1,full,1048576,10,4836.674555595923,4987.941125816578,1.0312749118184192,3.1274911818419238,3.75520092237846,10.36540565236878
wreq_blocking,h1,full,1048576,50,4158.808636251758,4359.46752902257,1.0482491286138285,4.824912861382846,1.1591494500485504,1.4292687931581043
wreq_blocking,h1,full,1048576,100,3863.3561493421894,4040.4475738429824,1.045838752021593,4.583875202159304,0.8419313531187825,1.560384217442483
wreq_blocking,h1,full,1048576,150,3689.880621287875,3895.2720110251757,1.0556634240556035,5.566342405560354,0.39157026840555814,3.6243262904198774
wreq_blocking,h1,full,2097152,10,1977.0941212339542,2240.3345749505943,1.133145129960907,13.314512996090698,3.718548158604396,6.2784914509693746
wreq_blocking,h1,full,2097152,50,1990.0724264075436,2069.7729761255996,1.0400490699034157,4.004906990341572,0.5773995753069339,1.203924721668851
wreq_blocking,h1,full,2097152,100,1866.9640422298712,1938.8620984232675,1.038510680745368,3.85106807453679,0.5802842348198068,2.208453051979671
wreq_blocking,h1,full,2097152,150,1745.2359141451618,1852.5959893428912,1.0615160817672697,6.151608176726975,0.09137163002463723,1.5366581732788906
wreq_blocking,h1,full,4194304,10,986.9053029133157,1023.2448113486623,1.036821677143768,3.682167714376794,2.8920874121993254,3.6596567758460883
wreq_blocking,h1,full,4194304,50,957.8934528279207,995.4971517976973,1.0392566614363652,3.9256661436365192,0.5098621719872412,1.277984364408813
wreq_blocking,h1,full,4194304,100,901.9808536827453,954.7720238273544,1.0585280385155242,5.852803851552424,1.6063008074795289,1.795105713169153
wreq_blocking,h1,full,4194304,150,794.0580214758091,883.5681800617631,1.112724959845621,11.272495984562102,3.3883435141249065,1.3284719113935621
wreq_blocking,h1,stream,1024,10,8133.883285057411,8128.623508946973,0.9993533499404766,-0.06466500595233571,1.0595897719777985,1.7466177147634057
wreq_blocking,h1,stream,1024,50,7405.3284909171525,7156.756529630765,0.9664333646250443,-3.3566635374955744,0.9440830620197579,1.0624016153100106
wreq_blocking,h1,stream,1024,100,6918.356528429777,6681.921989516013,0.965825042704553,-3.417495729544695,0.6026871744134125,0.3085514563362787
wreq_blocking,h1,stream,1024,150,6368.8614419089345,6287.023100236059,0.9871502398946292,-1.2849760105370756,0.973502592561985,0.24353416807034983
wreq_blocking,h1,stream,10240,10,8044.442793453776,8178.710717853934,1.0166907675083996,1.6690767508399595,1.537546982591121,1.2946253038892603
wreq_blocking,h1,stream,10240,50,7203.045447600678,7190.6997215444335,0.9982860407939871,-0.1713959206012916,1.891567178793931,1.4149515596539772
wreq_blocking,h1,stream,10240,100,6931.831292761605,6733.022548995925,0.9713194485888192,-2.8680551411180755,0.45967510663310074,1.3800776772531949
wreq_blocking,h1,stream,10240,150,6257.828543510695,6192.03366385916,0.98948598875887,-1.051401124113005,2.864237923176291,0.8374159367749914
wreq_blocking,h1,stream,65536,10,4191.081833299074,4396.307031759811,1.048967117947967,4.896711794796693,1.5163671609643883,0.32030684806485665
wreq_blocking,h1,stream,65536,50,4097.11206270274,4120.118559064603,1.0056152958498006,0.5615295849800583,0.6715027119900581,1.341760371022652
wreq_blocking,h1,stream,65536,100,3901.6448398202915,3883.442159893758,0.9953346138170351,-0.4665386182964859,0.8887223777363248,0.5905579592641237
wreq_blocking,h1,stream,65536,150,3668.0608993367628,3697.818465830318,1.0081126151692126,0.8112615169212578,2.43461172090142,2.0950605341976463
wreq_blocking,h1,stream,131072,10,4133.616773906162,4343.640789713872,1.050808777710964,5.080877771096404,1.7029317485254611,1.4853289833866696
wreq_blocking,h1,stream,131072,50,4023.3865872205224,4038.401591496845,1.0037319317820501,0.3731931782050113,0.622310748295504,0.6416718623031923
wreq_blocking,h1,stream,131072,100,3839.069319505555,3854.8621774989147,1.0041137204564448,0.4113720456444758,0.48520409456007707,1.39687847654025
wreq_blocking,h1,stream,131072,150,3571.234520175238,3637.204616855313,1.0184726307688239,1.8472630768823883,0.3359683545369083,1.9332010761679035
wreq_blocking,h1,stream,1048576,10,1321.2376143710537,1427.2110879857303,1.0802077328574413,8.02077328574413,0.6812005191191576,0.8248459023987066
wreq_blocking,h1,stream,1048576,50,1320.6802848806255,1386.8621076302925,1.050111918461514,5.011191846151397,1.1165372012023207,0.6867855642026535
wreq_blocking,h1,stream,1048576,100,1253.334684929476,1334.6912897750344,1.0649121147159,6.491211471589997,0.9944385294836738,0.261186783915432
wreq_blocking,h1,stream,1048576,150,1250.0631108255834,1319.6356772701993,1.0556552431970156,5.565524319701565,0.8611191277169101,0.5551337731390609
wreq_blocking,h1,stream,2097152,10,1196.977609193225,1279.744025713225,1.069146169388904,6.914616938890394,1.0174406879661841,0.5470468898256372
wreq_blocking,h1,stream,2097152,50,1208.6172751889003,1265.6206201618652,1.047164099126463,4.716409912646302,0.4360386832261818,0.4029889308372926
wreq_blocking,h1,stream,2097152,100,1147.5761142760455,1199.2347730880178,1.0450154531532416,4.5015453153241625,0.7235388627793226,0.7727976353918994
wreq_blocking,h1,stream,2097152,150,1129.6540093058127,1177.0862166363704,1.0419882609540823,4.198826095408226,1.0138700955779767,0.7421265390168214
wreq_blocking,h1,stream,4194304,10,936.4747854493044,947.8772655151062,1.0121759605736005,1.2175960573600486,6.025182916683129,5.833782760919816
wreq_blocking,h1,stream,4194304,50,894.0836544422134,951.7747453917508,1.0645253837970328,6.4525383797032765,1.5397764898813133,0.7041554361299692
wreq_blocking,h1,stream,4194304,100,813.1270045485126,881.1808272681502,1.0836939645823527,8.369396458235268,1.4936548963696803,0.15675180778448775
wreq_blocking,h1,stream,4194304,150,808.7833984915421,872.287611012212,1.0785181949074514,7.851819490745138,1.6841022816207594,0.9827183533180291
wreq_blocking,h2,full,1024,10,17755.256922636087,19206.80709743008,1.0817532622095385,8.175326220953849,3.2824858534332813,0.4223475753679456
wreq_blocking,h2,full,1024,50,14903.834251634604,15566.419725110296,1.0444573834013904,4.445738340139038,0.6663602420652678,2.0579386151167607
wreq_blocking,h2,full,1024,100,12628.791042275909,13215.844864230186,1.0464853539811583,4.648535398115827,0.5679713057155036,1.2449246029377756
wreq_blocking,h2,full,1024,150,11127.176143452085,11335.870351701538,1.0187553612487983,1.8755361248798286,1.4857339052518885,4.214647494783033
wreq_blocking,h2,full,10240,10,18764.473663927434,19127.75848542782,1.0193602457498587,1.9360245749858729,0.9748961735007818,0.04618635191141141
wreq_blocking,h2,full,10240,50,14929.319129061874,15439.7614617028,1.0341905969206113,3.4190596920611327,0.4947269175304877,1.9129832750986873
wreq_blocking,h2,full,10240,100,12632.744883164592,13039.354612178608,1.0321869659186973,3.2186965918697297,0.5830437316396515,1.3179273468813657
wreq_blocking,h2,full,10240,150,10987.770940799528,11341.20154827676,1.0321658150121134,3.2165815012113352,1.8765181030787201,1.7807289919606606
wreq_blocking,h2,full,65536,10,11308.258735562255,11867.412363869988,1.0494464834403996,4.944648344039959,1.899619016394821,0.36216861132484074
wreq_blocking,h2,full,65536,50,9783.885492785288,10195.318051605356,1.0420520619465,4.205206194649991,2.088146795286576,1.7251117238536766
wreq_blocking,h2,full,65536,100,9002.502515597791,9162.333459752424,1.0177540571499657,1.7754057149965696,0.3355255698160786,2.3491730763140053
wreq_blocking,h2,full,65536,150,8101.040862209432,8306.006111777942,1.0253011005690211,2.530110056902113,2.585345649912287,1.8413284137721806
wreq_blocking,h2,full,131072,10,10217.136051059753,10963.261246571732,1.0730268435091053,7.302684350910527,2.1190210279647235,1.7059166271243902
wreq_blocking,h2,full,131072,50,9443.855048905158,9715.341466581058,1.0287474147231193,2.874741472311926,1.9370286636191758,0.32169538167199796
wreq_blocking,h2,full,131072,100,8615.551023562024,8809.320840915636,1.022490705101007,2.2490705101007036,0.3695483944351507,2.23084102463368
wreq_blocking,h2,full,131072,150,7540.7648722412405,7860.677903808773,1.0424244804058516,4.242448040585156,2.3430044152417837,0.8132319516833149
wreq_blocking,h2,full,1048576,10,2831.643324682468,2898.110473188262,1.0234729946128533,2.347299461285335,0.8227278540951483,0.3140143617112108
wreq_blocking,h2,full,1048576,50,2563.488539215052,2660.3950160003064,1.037802578518618,3.7802578518618013,3.9292316498370923,1.4205760509817904
wreq_blocking,h2,full,1048576,100,2470.1919060759737,2481.54555223209,1.0045962607715577,0.45962607715577253,2.0207817761461193,0.0945355811552893
wreq_blocking,h2,full,1048576,150,2282.000423478522,2368.7604960089625,1.0380193060605087,3.801930606050874,1.2335068147704975,2.280050617805516
wreq_blocking,h2,full,2097152,10,1521.7713434655568,1548.3216344015632,1.017446964716488,1.74469647164881,1.2431893014219004,0.9766987986578239
wreq_blocking,h2,full,2097152,50,1403.6963188912866,1421.6334354316432,1.0127784879813067,1.2778487981306652,0.6953715250755221,0.5845044752166232
wreq_blocking,h2,full,2097152,100,1269.990968400047,1299.5628713796257,1.0232851285681455,2.3285128568145463,0.7269951437951299,1.6967081766355472
wreq_blocking,h2,full,2097152,150,1244.648836310443,1281.784694568148,1.0298364142353504,2.983641423535044,0.6102594211319903,0.19612492725690786
wreq_blocking,h2,full,4194304,10,768.1202321590024,796.3830483500071,1.0367947816080365,3.679478160803651,0.8268010313460015,1.7938355823387726
wreq_blocking,h2,full,4194304,50,716.0985581374488,719.6897198828557,1.0050148987239234,0.5014898723923356,1.1971223653319953,1.9039716292094138
wreq_blocking,h2,full,4194304,100,662.9240733215904,686.8833208293715,1.0361417671675928,3.6141767167592764,2.0876657083807735,0.44511121779968255
wreq_blocking,h2,full,4194304,150,622.4522760339062,638.6246955488199,1.025981782278892,2.598178227889192,3.129348891706414,2.8667537254107995
wreq_blocking,h2,stream,1024,10,7786.754636900236,8023.533988005253,1.030407963541442,3.040796354144204,5.746890082185414,1.0449911326484398
wreq_blocking,h2,stream,1024,50,7403.7431334219855,7176.055798101525,0.9692469969288057,-3.075300307119433,2.091085408041686,1.0021683854307228
wreq_blocking,h2,stream,1024,100,6651.981800900265,6704.781661808148,1.0079374632234768,0.7937463223476771,3.8826331864156036,1.0542592344464818
wreq_blocking,h2,stream,1024,150,6281.028148187142,6272.29290500418,0.9986092653978182,-0.13907346021817535,0.6537142116273601,0.8945133532997144
wreq_blocking,h2,stream,10240,10,7929.387011396552,8079.376389891561,1.0189156334883689,1.8915633488368888,1.3385951864781722,0.7230772458006398
wreq_blocking,h2,stream,10240,50,7253.610565284456,7241.272122862196,0.9982989929896,-0.17010070103999908,1.5379046253581503,1.4288347415520586
wreq_blocking,h2,stream,10240,100,6805.004133825816,6579.96557961991,0.9669304309328336,-3.3069569067166404,2.7055610336727134,0.8290956029244622
wreq_blocking,h2,stream,10240,150,6262.652776646061,5998.761575613204,0.9578627124248482,-4.213728757515178,1.836653918261139,1.5226717158059746
wreq_blocking,h2,stream,65536,10,3669.7999622504435,3821.1887625773606,1.0412526028350821,4.125260283508214,2.7433133796367226,0.7807022710831165
wreq_blocking,h2,stream,65536,50,3583.4672010382137,3672.854357038147,1.0249443209565405,2.4944320956540533,0.5724541444589722,0.37328063265332956
wreq_blocking,h2,stream,65536,100,3425.9266784315523,3473.5231585012048,1.013893023563319,1.3893023563319007,0.41597806302039836,0.9874829226960695
wreq_blocking,h2,stream,65536,150,3260.5532561323434,3365.216793180499,1.0320999317681157,3.2099931768115653,1.365995673066706,0.8221738862331595
wreq_blocking,h2,stream,131072,10,3562.9426882116886,3646.200067634512,1.0233675887345277,2.336758873452771,0.44913820209115435,1.6347849954809557
wreq_blocking,h2,stream,131072,50,3411.0216507130563,3567.040545375814,1.0457396377505088,4.573963775050882,2.384504511700129,0.7471962047265432
wreq_blocking,h2,stream,131072,100,3341.690604495006,3392.7428107672386,1.0152773587727004,1.5277358772700422,1.223400406857003,0.578408578231856
wreq_blocking,h2,stream,131072,150,3253.8284690364394,3273.590750740524,1.006073547481726,0.6073547481725949,0.7600981825804884,0.9335365378835765
wreq_blocking,h2,stream,1048576,10,1017.818879350813,1066.5559799601424,1.0478838638171215,4.788386381712151,0.7820351109250806,1.0125942299849118
wreq_blocking,h2,stream,1048576,50,1000.251633303613,1048.209540879213,1.0479458428047805,4.794584280478054,1.952201019730035,0.4342957754934721
wreq_blocking,h2,stream,1048576,100,965.55868582041,1007.2348166028288,1.043162711282544,4.31627112825439,0.808694967613653,1.5456106668242824
wreq_blocking,h2,stream,1048576,150,961.1281973965895,994.1668563152898,1.0343748721639758,3.4374872163975834,0.5974701542195044,0.5256070654854771
wreq_blocking,h2,stream,2097152,10,771.0439423258891,815.867293158216,1.058133328558571,5.813332855857101,0.20023378373829734,1.1810702412106322
wreq_blocking,h2,stream,2097152,50,769.5540365175435,798.7452315912311,1.0379326125112491,3.793261251124913,0.4484720745540457,0.6099742247487241
wreq_blocking,h2,stream,2097152,100,747.3318819424395,766.3634589945975,1.0254660312399517,2.5466031239951725,0.322881845334012,0.3084539099024105
wreq_blocking,h2,stream,2097152,150,735.7632851607007,749.7819402933492,1.0190532137378758,1.905321373787583,0.30390572278090683,1.0278596042195889
wreq_blocking,h2,stream,4194304,10,529.066935371665,546.0206434423878,1.0320445428305078,3.204454283050784,0.16862838380376508,0.22037246989747689
wreq_blocking,h2,stream,4194304,50,526.4807808533898,530.0206745930956,1.0067236903386443,0.6723690338644284,0.4577891507754052,0.43449375280500757
wreq_blocking,h2,stream,4194304,100,502.12897300599815,506.9712384178762,1.0096434694514633,0.9643469451463327,0.34807925133113543,0.9329328161837592
wreq_blocking,h2,stream,4194304,150,497.2361377899369,509.1944290384692,1.0240495216250438,2.4049521625043813,1.1086712887934802,0.527379747366712
