h1 stream httpx             10240 B c= 50 round=1/3     731.1 req/s
h1 stream wreq_blocking     10240 B c= 50 round=1/3     576.0 req/s
h1 full   curl_cffi          1024 B c= 50 round=1/3    5810.3 req/s
h1 stream aiohttp         4194304 B c=150 round=1/3     362.7 req/s
h1 stream httpx           1048576 B c=100 round=1/3     160.0 req/s
h1 full   niquests_blocking    65536 B c= 10 round=1/3    1027.2 req/s
h1 stream niquests        2097152 B c=150 round=1/3     337.7 req/s
h1 stream niquests_blocking  1048576 B c=150 round=1/3     148.2 req/s
h1 full   requests          10240 B c=150 round=1/3    1262.5 req/s
h1 full   wreq_blocking     10240 B c= 10 round=1/3    3636.3 req/s
h1 full   curl_cffi       4194304 B c= 50 round=1/3     161.8 req/s
h1 stream httpx            131072 B c= 10 round=1/3    1045.8 req/s
h1 full   pycurl           131072 B c=150 round=1/3    2490.7 req/s
h1 full   wreq_st           65536 B c=100 round=1/3   15889.0 req/s
h1 full   ry                 1024 B c=150 round=1/3    3001.4 req/s
h1 full   wreq_st         1048576 B c=100 round=1/3    1032.3 req/s
h1 stream wreq_st           10240 B c=100 round=1/3   15668.6 req/s
h1 stream niquests         131072 B c= 10 round=1/3    1464.2 req/s
h1 stream niquests_blocking   131072 B c= 50 round=1/3     640.8 req/s
h1 stream wreq_blocking   2097152 B c=150 round=1/3     316.6 req/s
h1 full   wreq_st           10240 B c= 10 round=1/3   26482.9 req/s
h1 full   curl_cffi       1048576 B c=100 round=1/3     642.4 req/s
h1 full   niquests_blocking    65536 B c= 50 round=1/3    1032.7 req/s
h1 full   curl_cffi         10240 B c= 50 round=1/3    6426.9 req/s
h1 full   pyreqwest_mt    2097152 B c= 50 round=1/3    1822.9 req/s
h1 stream httpx            131072 B c=100 round=1/3     403.9 req/s
h1 full   ry               131072 B c= 50 round=1/3    2582.5 req/s
h1 stream curl_cffi       1048576 B c= 10 round=1/3     422.5 req/s
h1 full   requests          65536 B c=150 round=1/3     953.4 req/s
h1 stream httpx             10240 B c= 10 round=1/3    1322.4 req/s
h1 full   pyreqwest_st    1048576 B c=100 round=1/3     928.5 req/s
h1 full   niquests           1024 B c= 50 round=1/3    2369.9 req/s
h1 stream ry                 1024 B c= 10 round=1/3    1397.2 req/s
h1 full   wreq_st            1024 B c= 10 round=1/3   26604.5 req/s
h1 full   ry_blocking     2097152 B c= 50 round=1/3    1922.6 req/s
h1 full   curl_cffi        131072 B c= 50 round=1/3    3249.7 req/s
h1 full   curl_cffi_blocking  4194304 B c=150 round=1/3      87.6 req/s
h1 full   niquests          10240 B c=150 round=1/3    2201.6 req/s
h1 stream curl_cffi_blocking  2097152 B c=100 round=1/3     110.5 req/s
h1 stream curl_cffi        131072 B c=150 round=1/3    1994.8 req/s
h1 stream pycurl          2097152 B c=150 round=1/3     156.4 req/s
h1 stream niquests         131072 B c=100 round=1/3    1405.3 req/s
h1 stream niquests_blocking     1024 B c=100 round=1/3    1281.6 req/s
h1 stream niquests_blocking  1048576 B c= 10 round=1/3     154.3 req/s
h1 stream niquests_blocking  4194304 B c= 50 round=1/3      49.2 req/s
h1 stream niquests           1024 B c=100 round=1/3    2222.5 req/s
h1 full   aiohttp           65536 B c=150 round=1/3    7197.6 req/s
h1 stream pycurl            65536 B c= 50 round=1/3    2490.2 req/s
h1 stream httpx           4194304 B c= 50 round=1/3     134.7 req/s
h1 stream httpx_blocking     1024 B c= 50 round=1/3    1489.3 req/s
h1 stream pyreqwest_mt    4194304 B c= 50 round=1/3     404.1 req/s
h1 stream ry              1048576 B c= 50 round=1/3     382.9 req/s
h1 full   pyreqwest_mt      10240 B c= 10 round=1/3    7222.1 req/s
h1 stream ry              4194304 B c=150 round=1/3     265.4 req/s
h1 stream pyreqwest_st     131072 B c=100 round=1/3    1316.1 req/s
h1 full   httpx              1024 B c=100 round=1/3     797.5 req/s
h1 stream httpx           1048576 B c= 50 round=1/3     236.7 req/s
h1 stream requests         131072 B c=150 round=1/3     598.7 req/s
h1 full   ry              2097152 B c= 10 round=1/3     894.0 req/s
h1 full   pyreqwest_mt      65536 B c=100 round=1/3    7571.8 req/s
h1 full   httpx_blocking    10240 B c= 50 round=1/3    1778.4 req/s
h1 full   requests          10240 B c= 50 round=1/3    1416.5 req/s
h1 stream pyreqwest_st      65536 B c= 10 round=1/3    1430.5 req/s
h1 full   pycurl            10240 B c= 50 round=1/3   11813.1 req/s
h1 stream aiohttp         1048576 B c=150 round=1/3    1130.6 req/s
h1 full   pyreqwest_st     131072 B c=100 round=1/3    3208.7 req/s
h1 stream httpx_blocking   131072 B c=100 round=1/3     612.1 req/s
h1 stream wreq_st           65536 B c=100 round=1/3    5599.9 req/s
h1 stream httpx_blocking  4194304 B c= 50 round=1/3      45.2 req/s
h1 full   niquests_blocking   131072 B c= 50 round=1/3     788.9 req/s
h1 stream requests         131072 B c=100 round=1/3     623.8 req/s
h1 full   requests        2097152 B c= 10 round=1/3     103.2 req/s
h1 stream pyreqwest_mt      10240 B c=150 round=1/3    3499.1 req/s
h1 full   wreq_blocking   4194304 B c= 10 round=1/3     564.3 req/s
h1 full   curl_cffi_blocking    65536 B c=150 round=1/3     504.8 req/s
h1 stream wreq_st         2097152 B c= 10 round=1/3     403.4 req/s
h1 full   aiohttp           65536 B c= 10 round=1/3    7598.7 req/s
h1 stream pyreqwest_st      10240 B c= 50 round=1/3    2617.0 req/s
h1 stream aiohttp            1024 B c= 10 round=1/3    7407.7 req/s
h1 full   ry_blocking     4194304 B c=150 round=1/3     831.6 req/s
h1 full   aiohttp         2097152 B c=100 round=1/3     738.3 req/s
h1 full   wreq            1048576 B c=150 round=1/3    3662.8 req/s
h1 full   niquests        1048576 B c= 50 round=1/3     695.7 req/s
h1 full   wreq_st         1048576 B c=150 round=1/3    1035.2 req/s
h1 stream wreq            1048576 B c= 10 round=1/3    3966.9 req/s
h1 full   niquests_blocking  2097152 B c= 10 round=1/3     100.4 req/s
h1 stream niquests_blocking     1024 B c= 10 round=1/3    1403.0 req/s
h1 stream pyreqwest_st      65536 B c=100 round=1/3    1394.8 req/s
h1 stream requests          10240 B c= 10 round=1/3    1341.1 req/s
h1 full   httpx           1048576 B c= 10 round=1/3     529.7 req/s
h1 full   ry               131072 B c= 10 round=1/3    2386.3 req/s
h1 stream pyreqwest_mt    2097152 B c= 50 round=1/3     497.3 req/s
h1 full   niquests_blocking   131072 B c= 10 round=1/3     812.5 req/s
h1 full   wreq_st            1024 B c=150 round=1/3   51926.9 req/s
h1 stream wreq               1024 B c=100 round=1/3   28599.7 req/s
h1 stream niquests_blocking  2097152 B c= 10 round=1/3      89.9 req/s
h1 full   pyreqwest_st    1048576 B c= 50 round=1/3    1046.3 req/s
h1 full   wreq             131072 B c= 50 round=1/3   33102.1 req/s
h1 stream ry              2097152 B c=100 round=1/3     336.5 req/s
h1 stream requests          10240 B c=150 round=1/3    1208.0 req/s
h1 full   niquests        1048576 B c=100 round=1/3     722.6 req/s
h1 stream niquests        1048576 B c= 50 round=1/3     522.3 req/s
h1 full   curl_cffi         65536 B c=100 round=1/3    4122.5 req/s
h1 stream niquests         131072 B c=150 round=1/3    1373.1 req/s
h1 stream pyreqwest_st    4194304 B c=100 round=1/3     182.9 req/s
h1 stream niquests          10240 B c=100 round=1/3    1766.6 req/s
h1 full   httpx_blocking    65536 B c=150 round=1/3    1068.9 req/s
h1 stream curl_cffi        131072 B c= 50 round=1/3    2312.8 req/s
h1 stream curl_cffi_blocking     1024 B c=150 round=1/3     518.8 req/s
h1 stream pyreqwest_mt       1024 B c= 10 round=1/3    2953.0 req/s
h1 stream pycurl            65536 B c=150 round=1/3    2261.9 req/s
h1 stream wreq             131072 B c=150 round=1/3   17183.9 req/s
h1 stream wreq_blocking    131072 B c= 50 round=1/3     518.9 req/s
h1 stream pyreqwest_st    2097152 B c=150 round=1/3     284.7 req/s
h1 full   curl_cffi_blocking   131072 B c= 10 round=1/3     471.1 req/s
h1 full   requests        4194304 B c=150 round=1/3      54.4 req/s
h1 stream ry_blocking        1024 B c= 50 round=1/3    4971.8 req/s
h1 full   ry_blocking       10240 B c=100 round=1/3    7491.7 req/s
h1 full   httpx           2097152 B c=150 round=1/3     131.0 req/s
h1 stream pyreqwest_st       1024 B c= 10 round=1/3    2605.5 req/s
h1 stream aiohttp            1024 B c=150 round=1/3    8328.3 req/s
h1 full   wreq              65536 B c=100 round=1/3   51631.8 req/s
h1 full   curl_cffi_blocking     1024 B c=100 round=1/3     557.5 req/s
h1 stream ry                65536 B c=100 round=1/3    1055.7 req/s
h1 full   httpx           1048576 B c= 50 round=1/3     272.4 req/s
h1 stream wreq_blocking   2097152 B c= 50 round=1/3     322.2 req/s
h1 stream niquests_blocking    65536 B c= 50 round=1/3     786.5 req/s
h1 stream wreq_blocking     10240 B c= 10 round=1/3     564.2 req/s
h1 stream curl_cffi_blocking  1048576 B c= 50 round=1/3     177.9 req/s
h1 full   niquests_blocking  2097152 B c= 50 round=1/3     100.5 req/s
h1 stream wreq             131072 B c= 50 round=1/3   18572.9 req/s
h1 stream wreq_st         1048576 B c=150 round=1/3     580.7 req/s
h1 stream requests           1024 B c= 10 round=1/3    1300.3 req/s
h1 full   httpx              1024 B c=150 round=1/3     796.1 req/s
h1 full   pycurl            65536 B c= 10 round=1/3    4574.1 req/s
h1 full   niquests        1048576 B c=150 round=1/3     722.6 req/s
h1 full   pyreqwest_st    2097152 B c=150 round=1/3     556.0 req/s
h1 full   requests        2097152 B c= 50 round=1/3      98.2 req/s
h1 stream aiohttp         4194304 B c= 10 round=1/3     383.3 req/s
h1 stream curl_cffi          1024 B c= 50 round=1/3    4240.9 req/s
h1 stream curl_cffi       4194304 B c= 50 round=1/3     130.5 req/s
h1 stream curl_cffi         10240 B c=150 round=1/3    3800.4 req/s
h1 full   curl_cffi_blocking   131072 B c=100 round=1/3     460.5 req/s
h1 stream ry              4194304 B c=100 round=1/3     274.1 req/s
h1 stream ry_blocking      131072 B c= 10 round=1/3    3337.3 req/s
h1 stream httpx           4194304 B c= 10 round=1/3     155.0 req/s
h1 full   pycurl           131072 B c=100 round=1/3    2583.3 req/s
h1 full   curl_cffi_blocking    10240 B c= 50 round=1/3     553.9 req/s
h1 stream niquests_blocking   131072 B c= 10 round=1/3     662.2 req/s
h1 full   ry_blocking      131072 B c= 10 round=1/3    9028.1 req/s
h1 stream wreq_st           10240 B c= 50 round=1/3   18421.6 req/s
h1 stream httpx              1024 B c= 10 round=1/3    1308.9 req/s
h1 stream niquests           1024 B c= 50 round=1/3    2111.7 req/s
h1 stream pycurl          2097152 B c=100 round=1/3     151.0 req/s
h1 full   httpx             65536 B c=100 round=1/3     686.2 req/s
h1 stream wreq_st          131072 B c=150 round=1/3    3879.3 req/s
h1 full   ry_blocking     1048576 B c= 10 round=1/3    4683.2 req/s
h1 full   pyreqwest_st    4194304 B c= 50 round=1/3     327.9 req/s
h1 full   pyreqwest_mt    1048576 B c= 50 round=1/3    3137.4 req/s
h1 full   ry              2097152 B c= 50 round=1/3    1036.3 req/s
h1 full   aiohttp         1048576 B c= 50 round=1/3    1425.6 req/s
h1 stream aiohttp           65536 B c=100 round=1/3    5155.9 req/s
h1 stream niquests        4194304 B c=100 round=1/3     208.0 req/s
h1 stream curl_cffi          1024 B c=150 round=1/3    4289.1 req/s
h1 stream aiohttp            1024 B c= 50 round=1/3    7832.2 req/s
h1 full   requests           1024 B c=100 round=1/3    1366.4 req/s
h1 stream wreq              65536 B c=150 round=1/3   17921.3 req/s
h1 full   pyreqwest_st      10240 B c=100 round=1/3    4269.4 req/s
h1 stream wreq_st         4194304 B c= 50 round=1/3     218.0 req/s
h1 stream aiohttp          131072 B c= 50 round=1/3    4532.2 req/s
h1 stream curl_cffi_blocking  1048576 B c= 10 round=1/3     179.4 req/s
h1 full   aiohttp           10240 B c= 10 round=1/3    7715.7 req/s
h1 stream requests        1048576 B c=100 round=1/3     155.6 req/s
h1 stream wreq_st         2097152 B c=100 round=1/3     367.2 req/s
h1 stream niquests          10240 B c=150 round=1/3    2127.7 req/s
h1 stream ry                10240 B c=150 round=1/3    1685.5 req/s
h1 full   pyreqwest_mt      65536 B c= 10 round=1/3    6785.8 req/s
h1 full   pyreqwest_st      65536 B c=100 round=1/3    3641.7 req/s
h1 stream pyreqwest_mt      65536 B c=150 round=1/3    1885.0 req/s
h1 full   httpx_blocking    10240 B c= 10 round=1/3    1842.0 req/s
h1 stream ry_blocking       65536 B c=100 round=1/3    3156.1 req/s
h1 stream pyreqwest_mt     131072 B c=150 round=1/3    1843.3 req/s
h1 stream requests        2097152 B c=150 round=1/3      92.5 req/s
h1 full   pyreqwest_st     131072 B c=150 round=1/3    3112.7 req/s
h1 stream wreq_st            1024 B c=100 round=1/3   19919.1 req/s
h1 stream httpx_blocking    10240 B c= 50 round=1/3    1510.0 req/s
h1 stream wreq              65536 B c= 50 round=1/3   21489.8 req/s
h1 stream pyreqwest_mt       1024 B c= 50 round=1/3    3485.1 req/s
h1 full   pyreqwest_st    2097152 B c=100 round=1/3     555.0 req/s
h1 full   pyreqwest_mt    1048576 B c= 10 round=1/3    3308.1 req/s
h1 stream niquests        4194304 B c=150 round=1/3     194.9 req/s
h1 full   wreq_st         2097152 B c= 10 round=1/3     580.6 req/s
h1 stream curl_cffi_blocking     1024 B c= 50 round=1/3     526.4 req/s
h1 full   curl_cffi          1024 B c= 10 round=1/3    6143.8 req/s
h1 full   pyreqwest_mt       1024 B c= 10 round=1/3    7362.8 req/s
h1 stream wreq_st           65536 B c= 10 round=1/3    7209.6 req/s
h1 full   wreq_blocking     10240 B c=150 round=1/3    3265.5 req/s
h1 full   pycurl          2097152 B c=150 round=1/3     213.2 req/s
h1 full   curl_cffi_blocking  4194304 B c=100 round=1/3      82.8 req/s
h1 stream pycurl          1048576 B c= 10 round=1/3     277.2 req/s
h1 full   wreq_st           65536 B c= 10 round=1/3   16309.7 req/s
h1 stream pyreqwest_mt    1048576 B c= 10 round=1/3     483.0 req/s
h1 stream ry_blocking     1048576 B c= 10 round=1/3    1185.1 req/s
h1 stream ry_blocking     2097152 B c= 50 round=1/3     982.1 req/s
h1 stream niquests           1024 B c= 10 round=1/3    2222.6 req/s
h1 stream curl_cffi_blocking  2097152 B c= 10 round=1/3     113.5 req/s
h1 stream pycurl             1024 B c= 10 round=1/3    6872.8 req/s
h1 stream pyreqwest_st      10240 B c=150 round=1/3    2434.4 req/s
h1 full   niquests_blocking  2097152 B c=100 round=1/3     102.0 req/s
h1 full   ry              2097152 B c=100 round=1/3    1003.8 req/s
h1 full   pycurl          2097152 B c= 10 round=1/3     210.4 req/s
h1 stream curl_cffi       2097152 B c= 50 round=1/3     247.7 req/s
h1 stream requests        2097152 B c= 10 round=1/3      91.2 req/s
h1 full   pyreqwest_mt    4194304 B c=150 round=1/3     860.4 req/s
h1 full   httpx           4194304 B c=100 round=1/3      82.1 req/s
h1 stream ry_blocking     4194304 B c=150 round=1/3     684.3 req/s
h1 stream pyreqwest_st      10240 B c= 10 round=1/3    2618.2 req/s
h1 full   requests        1048576 B c=150 round=1/3     178.8 req/s
h1 full   pyreqwest_mt      10240 B c=100 round=1/3    7908.9 req/s
h1 stream wreq               1024 B c= 10 round=1/3   15008.0 req/s
h1 full   ry_blocking       65536 B c= 10 round=1/3    8686.2 req/s
h1 full   niquests_blocking     1024 B c=150 round=1/3    1346.9 req/s
h1 full   ry              1048576 B c=100 round=1/3    1560.5 req/s
h1 stream wreq_st            1024 B c=150 round=1/3   15241.0 req/s
h1 stream niquests_blocking  4194304 B c= 10 round=1/3      49.5 req/s
h1 full   httpx_blocking    65536 B c=100 round=1/3    1093.8 req/s
h1 stream niquests         131072 B c= 50 round=1/3    1369.5 req/s
h1 full   httpx             10240 B c= 10 round=1/3    1555.9 req/s
h1 stream curl_cffi_blocking  4194304 B c= 50 round=1/3      63.8 req/s
h1 stream httpx_blocking  1048576 B c=150 round=1/3     137.3 req/s
h1 stream wreq_st         4194304 B c=150 round=1/3     195.5 req/s
h1 full   pyreqwest_mt       1024 B c= 50 round=1/3    7570.5 req/s
h1 full   wreq_st            1024 B c=100 round=1/3   46578.6 req/s
h1 stream niquests_blocking  2097152 B c=150 round=1/3      89.5 req/s
h1 full   curl_cffi_blocking  1048576 B c=150 round=1/3     239.5 req/s
h1 stream ry                10240 B c=100 round=1/3    1665.1 req/s
h1 full   wreq_blocking      1024 B c= 50 round=1/3    3619.8 req/s
h1 stream wreq_st          131072 B c= 10 round=1/3    4962.1 req/s
h1 stream ry_blocking      131072 B c=100 round=1/3    3038.9 req/s
h1 stream curl_cffi_blocking    65536 B c=150 round=1/3     452.2 req/s
h1 stream pyreqwest_st    4194304 B c= 50 round=1/3     183.3 req/s
h1 stream httpx_blocking     1024 B c=100 round=1/3    1254.2 req/s
h1 stream niquests        1048576 B c=150 round=1/3     535.5 req/s
h1 stream ry_blocking     4194304 B c=100 round=1/3     718.5 req/s
h1 full   ry                 1024 B c= 10 round=1/3    2395.1 req/s
h1 stream pycurl          2097152 B c= 50 round=1/3     148.1 req/s
h1 full   requests        4194304 B c=100 round=1/3      54.0 req/s
h1 stream httpx_blocking   131072 B c= 50 round=1/3     587.4 req/s
h1 full   wreq_st           10240 B c=150 round=1/3   41454.1 req/s
h1 full   pyreqwest_mt     131072 B c= 50 round=1/3    7209.4 req/s
h1 stream curl_cffi_blocking    10240 B c= 50 round=1/3     522.5 req/s
h1 stream requests        4194304 B c= 10 round=1/3      49.9 req/s
h1 stream pycurl          1048576 B c=150 round=1/3     279.5 req/s
h1 full   wreq_blocking     10240 B c= 50 round=1/3    3636.6 req/s
h1 full   niquests        4194304 B c= 10 round=1/3     206.8 req/s
h1 full   pyreqwest_st       1024 B c=100 round=1/3    4297.7 req/s
h1 full   requests          10240 B c=100 round=1/3    1334.1 req/s
h1 stream ry_blocking       65536 B c=150 round=1/3    2971.4 req/s
h1 stream httpx_blocking  1048576 B c=100 round=1/3     130.1 req/s
h1 full   wreq            2097152 B c= 50 round=1/3    1891.8 req/s
h1 full   httpx_blocking   131072 B c=150 round=1/3     742.6 req/s
h1 stream httpx           1048576 B c= 10 round=1/3     351.4 req/s
h1 stream wreq_blocking      1024 B c= 10 round=1/3     557.0 req/s
h1 full   pyreqwest_st      65536 B c= 10 round=1/3    3679.5 req/s
h1 stream ry              1048576 B c=100 round=1/3     368.7 req/s
h1 full   wreq            2097152 B c=150 round=1/3    1751.4 req/s
h1 full   pyreqwest_mt      65536 B c= 50 round=1/3    7585.9 req/s
h1 full   pycurl            65536 B c= 50 round=1/3    4260.2 req/s
h1 stream wreq              10240 B c= 10 round=1/3   15536.9 req/s
h1 stream curl_cffi         65536 B c= 10 round=1/3    2501.0 req/s
h1 full   niquests_blocking    65536 B c=100 round=1/3     948.7 req/s
h1 full   niquests        1048576 B c= 10 round=1/3     662.7 req/s
h1 full   httpx_blocking    65536 B c= 10 round=1/3    1034.2 req/s
h1 stream aiohttp           10240 B c= 10 round=1/3    6660.5 req/s
h1 full   wreq_blocking     65536 B c=150 round=1/3    3019.4 req/s
h1 full   httpx_blocking   131072 B c= 10 round=1/3     829.8 req/s
h1 stream wreq_st           65536 B c= 50 round=1/3    6530.9 req/s
h1 full   wreq_st         4194304 B c= 50 round=1/3     313.8 req/s
h1 stream requests          10240 B c= 50 round=1/3    1241.8 req/s
h1 full   curl_cffi_blocking   131072 B c=150 round=1/3     465.6 req/s
h1 full   httpx           4194304 B c= 50 round=1/3     130.1 req/s
h1 stream curl_cffi_blocking  1048576 B c=150 round=1/3     182.6 req/s
h1 stream httpx_blocking    65536 B c= 50 round=1/3     763.6 req/s
h1 full   pycurl          4194304 B c=100 round=1/3     112.6 req/s
h1 full   wreq_blocking      1024 B c= 10 round=1/3    3504.7 req/s
h1 full   pyreqwest_mt    4194304 B c=100 round=1/3     876.0 req/s
h1 stream httpx_blocking  4194304 B c=100 round=1/3      43.8 req/s
h1 full   aiohttp         4194304 B c=150 round=1/3     350.2 req/s
h1 stream wreq_st         1048576 B c=100 round=1/3     599.2 req/s
h1 stream aiohttp           10240 B c=150 round=1/3    7432.5 req/s
h1 full   curl_cffi_blocking   131072 B c= 50 round=1/3     469.3 req/s
h1 full   httpx_blocking    10240 B c=150 round=1/3    1686.8 req/s
h1 full   wreq_st         2097152 B c=100 round=1/3     571.4 req/s
h1 stream pyreqwest_st    4194304 B c=150 round=1/3     177.0 req/s
h1 stream curl_cffi        131072 B c=100 round=1/3    2084.3 req/s
h1 full   niquests_blocking  4194304 B c=100 round=1/3      53.6 req/s
h1 stream pyreqwest_mt    4194304 B c= 10 round=1/3     378.8 req/s
h1 stream requests        4194304 B c=100 round=1/3      50.4 req/s
h1 stream httpx_blocking    65536 B c=100 round=1/3     709.8 req/s
h1 stream curl_cffi_blocking   131072 B c= 10 round=1/3     424.8 req/s
h1 full   wreq_blocking    131072 B c=100 round=1/3    3124.7 req/s
h1 stream aiohttp           65536 B c= 50 round=1/3    5646.0 req/s
h1 full   pycurl          4194304 B c=150 round=1/3     107.9 req/s
h1 stream requests           1024 B c= 50 round=1/3    1268.8 req/s
h1 stream wreq_blocking   4194304 B c= 10 round=1/3     256.5 req/s
h1 stream niquests_blocking  2097152 B c=100 round=1/3      88.2 req/s
h1 full   curl_cffi          1024 B c=100 round=1/3    5221.0 req/s
h1 full   niquests_blocking    65536 B c=150 round=1/3     946.5 req/s
h1 full   pyreqwest_mt    1048576 B c=100 round=1/3    2977.0 req/s
h1 full   httpx_blocking     1024 B c=150 round=1/3    1534.6 req/s
h1 stream wreq            1048576 B c=100 round=1/3    3336.2 req/s
h1 full   aiohttp         2097152 B c=150 round=1/3     761.8 req/s
h1 stream wreq             131072 B c= 10 round=1/3   11804.6 req/s
h1 full   aiohttp         1048576 B c= 10 round=1/3    1497.0 req/s
h1 full   pycurl          1048576 B c= 50 round=1/3     403.3 req/s
h1 full   ry_blocking     1048576 B c=150 round=1/3    3413.9 req/s
h1 stream niquests_blocking    10240 B c= 50 round=1/3    1303.8 req/s
h1 full   requests        4194304 B c= 50 round=1/3      52.4 req/s
h1 stream httpx           2097152 B c=100 round=1/3     116.7 req/s
h1 full   httpx              1024 B c= 50 round=1/3     823.3 req/s
h1 full   ry_blocking     4194304 B c=100 round=1/3     883.2 req/s
h1 full   niquests_blocking  1048576 B c=150 round=1/3     187.1 req/s
h1 stream curl_cffi_blocking  2097152 B c=150 round=1/3     117.9 req/s
h1 full   httpx             65536 B c=150 round=1/3     669.1 req/s
h1 full   ry_blocking       10240 B c=150 round=1/3    6774.6 req/s
h1 full   curl_cffi       4194304 B c= 10 round=1/3     179.6 req/s
h1 stream httpx              1024 B c=150 round=1/3     707.3 req/s
h1 full   pyreqwest_mt    1048576 B c=150 round=1/3    3072.0 req/s
h1 full   wreq_blocking   1048576 B c= 50 round=1/3    1532.4 req/s
h1 stream pycurl          2097152 B c= 10 round=1/3     152.0 req/s
h1 full   pyreqwest_mt     131072 B c= 10 round=1/3    6358.9 req/s
h1 full   ry                65536 B c= 50 round=1/3    2692.0 req/s
h1 full   wreq_blocking   1048576 B c=150 round=1/3    1401.4 req/s
h1 stream httpx_blocking  4194304 B c= 10 round=1/3      44.2 req/s
h1 full   pyreqwest_st    4194304 B c= 10 round=1/3     324.6 req/s
h1 stream httpx_blocking  2097152 B c= 50 round=1/3      82.8 req/s
h1 stream niquests_blocking   131072 B c=100 round=1/3     626.9 req/s
h1 full   curl_cffi        131072 B c=150 round=1/3    2869.0 req/s
h1 full   aiohttp           10240 B c=150 round=1/3    8199.2 req/s
h1 full   ry_blocking      131072 B c=150 round=1/3    6379.8 req/s
h1 full   ry_blocking       65536 B c=100 round=1/3    7237.6 req/s
h1 stream pyreqwest_mt      65536 B c=100 round=1/3    1831.5 req/s
h1 stream niquests_blocking  4194304 B c=100 round=1/3      50.4 req/s
h1 full   aiohttp         4194304 B c= 50 round=1/3     363.0 req/s
h1 stream niquests          65536 B c=100 round=1/3    1701.5 req/s
h1 full   wreq_st           65536 B c=150 round=1/3   15309.3 req/s
h1 stream ry              4194304 B c= 10 round=1/3     240.3 req/s
h1 stream ry_blocking     4194304 B c= 10 round=1/3     928.1 req/s
h1 full   ry               131072 B c=150 round=1/3    2533.8 req/s
h1 stream wreq_blocking     10240 B c=150 round=1/3     531.3 req/s
h1 stream curl_cffi_blocking  2097152 B c= 50 round=1/3     111.7 req/s
h1 stream wreq_blocking     10240 B c=100 round=1/3     547.2 req/s
h1 stream httpx             65536 B c= 10 round=1/3    1134.7 req/s
h1 stream pycurl           131072 B c=150 round=1/3    1682.7 req/s
h1 stream httpx           2097152 B c= 10 round=1/3     248.1 req/s
h1 stream curl_cffi_blocking   131072 B c=150 round=1/3     426.9 req/s
h1 stream requests          65536 B c=150 round=1/3     711.8 req/s
h1 full   niquests          10240 B c= 50 round=1/3    2151.2 req/s
h1 full   pycurl          1048576 B c=150 round=1/3     413.4 req/s
h1 stream pyreqwest_mt    1048576 B c= 50 round=1/3     562.0 req/s
h1 full   curl_cffi         65536 B c= 50 round=1/3    4428.9 req/s
h1 full   curl_cffi       1048576 B c=150 round=1/3     612.0 req/s
h1 stream pyreqwest_st    1048576 B c= 10 round=1/3     396.0 req/s
h1 full   pyreqwest_mt    2097152 B c=150 round=1/3    1689.9 req/s
h1 stream pycurl             1024 B c=150 round=1/3    5735.4 req/s
h1 full   httpx           4194304 B c= 10 round=1/3     165.5 req/s
h1 full   niquests_blocking  4194304 B c=150 round=1/3      52.7 req/s
h1 full   wreq_blocking   2097152 B c=150 round=1/3     843.9 req/s
h1 full   pycurl             1024 B c=100 round=1/3   10195.8 req/s
h1 stream requests          65536 B c= 10 round=1/3     771.9 req/s
h1 full   aiohttp         1048576 B c=150 round=1/3    1357.9 req/s
h1 stream niquests_blocking    65536 B c=150 round=1/3     703.3 req/s
h1 stream pyreqwest_mt    2097152 B c=100 round=1/3     504.5 req/s
h1 full   niquests           1024 B c=100 round=1/3    2263.9 req/s
h1 stream pycurl          1048576 B c= 50 round=1/3     281.7 req/s
h1 full   pycurl            10240 B c= 10 round=1/3   12997.3 req/s
h1 stream wreq_blocking     65536 B c= 10 round=1/3     525.3 req/s
h1 stream wreq_st         1048576 B c= 50 round=1/3     608.1 req/s
h1 stream niquests        2097152 B c= 10 round=1/3     368.2 req/s
h1 stream wreq              10240 B c=150 round=1/3   24815.7 req/s
h1 stream curl_cffi_blocking     1024 B c= 10 round=1/3     519.9 req/s
h1 full   httpx           4194304 B c=150 round=1/3      76.4 req/s
h1 full   wreq_st         1048576 B c= 10 round=1/3    1098.6 req/s
h1 full   wreq_blocking   2097152 B c=100 round=1/3     867.2 req/s
h1 full   curl_cffi       2097152 B c=150 round=1/3     312.9 req/s
h1 full   niquests         131072 B c=100 round=1/3    1582.7 req/s
h1 full   pyreqwest_mt      65536 B c=150 round=1/3    7178.1 req/s
h1 stream curl_cffi         10240 B c= 50 round=1/3    3667.6 req/s
h1 full   ry_blocking     2097152 B c= 10 round=1/3    2067.9 req/s
h1 full   ry              4194304 B c=150 round=1/3     563.8 req/s
h1 stream ry_blocking     4194304 B c= 50 round=1/3     706.3 req/s
h1 full   niquests         131072 B c= 50 round=1/3    1654.7 req/s
h1 full   curl_cffi       2097152 B c= 10 round=1/3     333.5 req/s
h1 full   pyreqwest_st     131072 B c= 50 round=1/3    3089.3 req/s
h1 stream curl_cffi_blocking  4194304 B c=150 round=1/3      67.4 req/s
h1 full   ry                65536 B c=150 round=1/3    2543.6 req/s
h1 stream niquests          65536 B c= 50 round=1/3    1699.5 req/s
h1 full   wreq              10240 B c= 10 round=1/3   27195.8 req/s
h1 full   curl_cffi_blocking  2097152 B c= 10 round=1/3     146.5 req/s
h1 stream pycurl           131072 B c=100 round=1/3    1719.1 req/s
h1 stream httpx           1048576 B c=150 round=1/3     141.1 req/s
h1 full   curl_cffi_blocking  4194304 B c= 50 round=1/3      84.2 req/s
h1 stream httpx             65536 B c=100 round=1/3     453.0 req/s
h1 stream ry_blocking       10240 B c=150 round=1/3    4629.4 req/s
h1 full   curl_cffi_blocking    10240 B c=150 round=1/3     552.9 req/s
h1 full   pyreqwest_mt     131072 B c=100 round=1/3    7313.2 req/s
h1 full   pyreqwest_st       1024 B c=150 round=1/3    4071.5 req/s
h1 stream pyreqwest_st      65536 B c= 50 round=1/3    1390.2 req/s
h1 full   wreq_st           65536 B c= 50 round=1/3   19006.4 req/s
h1 stream pycurl          4194304 B c= 50 round=1/3      82.7 req/s
h1 stream ry                65536 B c=150 round=1/3    1052.2 req/s
h1 stream curl_cffi_blocking    10240 B c= 10 round=1/3     525.9 req/s
h1 stream wreq_blocking   2097152 B c=100 round=1/3     318.8 req/s
h1 stream aiohttp           65536 B c= 10 round=1/3    4994.1 req/s
h1 full   httpx           2097152 B c= 50 round=1/3     202.0 req/s
h1 full   aiohttp          131072 B c=100 round=1/3    5920.2 req/s
h1 stream ry_blocking     1048576 B c=100 round=1/3    1173.5 req/s
h1 stream curl_cffi         65536 B c=150 round=1/3    2537.6 req/s
h1 full   wreq            4194304 B c=150 round=1/3     873.4 req/s
h1 stream niquests_blocking    65536 B c= 10 round=1/3     802.1 req/s
h1 full   httpx           1048576 B c=150 round=1/3     204.0 req/s
h1 full   pyreqwest_st    4194304 B c=150 round=1/3     303.0 req/s
h1 full   pycurl            65536 B c=150 round=1/3    3893.4 req/s
h1 full   niquests_blocking  1048576 B c= 50 round=1/3     187.0 req/s
h1 stream niquests        1048576 B c= 10 round=1/3     541.4 req/s
h1 stream wreq            2097152 B c=100 round=1/3    1845.5 req/s
h1 stream requests        2097152 B c= 50 round=1/3      91.9 req/s
h1 stream wreq_st          131072 B c=100 round=1/3    3888.5 req/s
h1 stream niquests        2097152 B c= 50 round=1/3     386.5 req/s
h1 full   curl_cffi_blocking     1024 B c= 10 round=1/3     562.3 req/s
h1 full   wreq               1024 B c= 50 round=1/3   71550.1 req/s
h1 stream ry                10240 B c= 10 round=1/3    1439.2 req/s
h1 stream niquests           1024 B c=150 round=1/3    2261.3 req/s
h1 full   niquests           1024 B c=150 round=1/3    2284.5 req/s
h1 full   aiohttp          131072 B c=150 round=1/3    6159.7 req/s
h1 full   httpx_blocking    65536 B c= 50 round=1/3    1107.2 req/s
h1 full   pyreqwest_mt     131072 B c=150 round=1/3    7190.5 req/s
h1 full   httpx_blocking  4194304 B c= 50 round=1/3      49.3 req/s
h1 stream curl_cffi_blocking    65536 B c= 10 round=1/3     459.3 req/s
h1 stream pyreqwest_mt      10240 B c=100 round=1/3    3419.4 req/s
h1 full   wreq_blocking   1048576 B c=100 round=1/3    1454.7 req/s
h1 full   wreq_st          131072 B c= 10 round=1/3    9457.3 req/s
h1 stream pycurl            65536 B c=100 round=1/3    2343.2 req/s
h1 full   wreq_st          131072 B c=150 round=1/3    6715.4 req/s
h1 full   requests        2097152 B c=100 round=1/3     104.2 req/s
h1 full   niquests_blocking    10240 B c= 50 round=1/3    1529.2 req/s
h1 full   wreq_blocking   4194304 B c=150 round=1/3     492.5 req/s
h1 stream aiohttp         4194304 B c=100 round=1/3     392.1 req/s
h1 stream pyreqwest_mt    4194304 B c=100 round=1/3     425.1 req/s
h1 stream niquests          65536 B c=150 round=1/3    1724.7 req/s
h1 full   wreq_blocking    131072 B c= 50 round=1/3    3289.2 req/s
h1 stream requests        4194304 B c=150 round=1/3      50.8 req/s
h1 full   requests         131072 B c=100 round=1/3     753.5 req/s
h1 stream httpx_blocking  2097152 B c= 10 round=1/3      82.8 req/s
h1 stream niquests        4194304 B c= 50 round=1/3     198.4 req/s
h1 full   aiohttp          131072 B c= 50 round=1/3    5869.8 req/s
h1 stream requests           1024 B c=150 round=1/3    1207.8 req/s
h1 full   httpx              1024 B c= 10 round=1/3    1410.4 req/s
h1 full   requests         131072 B c=150 round=1/3     746.8 req/s
h1 stream ry_blocking     2097152 B c= 10 round=1/3    1147.5 req/s
h1 full   ry                 1024 B c= 50 round=1/3    2776.9 req/s
h1 full   curl_cffi         65536 B c=150 round=1/3    4070.7 req/s
h1 stream ry_blocking        1024 B c=150 round=1/3    4569.7 req/s
h1 stream pycurl          4194304 B c=100 round=1/3      81.8 req/s
h1 full   pyreqwest_st    1048576 B c=150 round=1/3     949.6 req/s
h1 stream wreq_blocking     65536 B c=100 round=1/3     519.0 req/s
h1 full   curl_cffi        131072 B c=100 round=1/3    3119.0 req/s
h1 stream wreq_blocking   2097152 B c= 10 round=1/3     319.7 req/s
h1 full   ry              1048576 B c=150 round=1/3    1522.7 req/s
h1 stream ry               131072 B c=100 round=1/3    1010.3 req/s
h1 full   httpx_blocking  1048576 B c= 10 round=1/3     177.3 req/s
h1 stream wreq_blocking   4194304 B c=100 round=1/3     250.9 req/s
h1 stream wreq_st         4194304 B c= 10 round=1/3     233.1 req/s
h1 full   httpx_blocking     1024 B c= 50 round=1/3    1769.3 req/s
h1 stream wreq_blocking    131072 B c=150 round=1/3     513.1 req/s
h1 stream curl_cffi          1024 B c=100 round=1/3    4537.6 req/s
h1 stream httpx_blocking    65536 B c= 10 round=1/3     764.7 req/s
h1 stream pyreqwest_st    2097152 B c= 10 round=1/3     288.4 req/s
h1 full   curl_cffi_blocking    65536 B c=100 round=1/3     513.0 req/s
h1 full   ry_blocking        1024 B c= 50 round=1/3    7979.5 req/s
h1 stream pycurl            65536 B c= 10 round=1/3    2530.7 req/s
h1 full   httpx             10240 B c= 50 round=1/3     859.5 req/s
h1 full   wreq            4194304 B c=100 round=1/3     921.3 req/s
h1 full   curl_cffi_blocking  1048576 B c= 10 round=1/3     230.7 req/s
h1 full   ry_blocking       10240 B c= 10 round=1/3    8882.5 req/s
h1 full   curl_cffi_blocking     1024 B c=150 round=1/3     550.0 req/s
h1 full   curl_cffi          1024 B c=150 round=1/3    6202.5 req/s
h1 stream requests          10240 B c=100 round=1/3    1250.0 req/s
h1 full   wreq            1048576 B c= 50 round=1/3    4147.7 req/s
h1 full   pyreqwest_st     131072 B c= 10 round=1/3    3421.9 req/s
h1 stream requests          65536 B c=100 round=1/3     740.1 req/s
h1 stream aiohttp         2097152 B c=150 round=1/3     767.1 req/s
h1 full   ry_blocking     1048576 B c=100 round=1/3    3532.1 req/s
h1 full   pyreqwest_mt       1024 B c=150 round=1/3    7749.3 req/s
h1 full   pycurl          1048576 B c=100 round=1/3     419.0 req/s
h1 full   pycurl           131072 B c= 10 round=1/3    2728.4 req/s
h1 full   wreq_blocking    131072 B c= 10 round=1/3    3377.3 req/s
h1 stream niquests_blocking  2097152 B c= 50 round=1/3      89.2 req/s
h1 full   curl_cffi       1048576 B c= 10 round=1/3     657.2 req/s
h1 full   httpx           2097152 B c=100 round=1/3     141.1 req/s
h1 full   ry_blocking     4194304 B c= 50 round=1/3     941.6 req/s
h1 full   wreq               1024 B c= 10 round=1/3   27781.8 req/s
h1 full   wreq_st         4194304 B c= 10 round=1/3     347.0 req/s
h1 full   ry                65536 B c=100 round=1/3    2642.2 req/s
h1 stream wreq_st            1024 B c= 10 round=1/3   13656.2 req/s
h1 full   aiohttp            1024 B c=100 round=1/3    8854.7 req/s
h1 full   aiohttp          131072 B c= 10 round=1/3    6055.8 req/s
h1 full   httpx             10240 B c=150 round=1/3     766.4 req/s
h1 stream curl_cffi         65536 B c= 50 round=1/3    2709.7 req/s
h1 stream ry              2097152 B c=150 round=1/3     336.0 req/s
h1 full   wreq_st          131072 B c= 50 round=1/3    8589.2 req/s
h1 full   pycurl          4194304 B c= 10 round=1/3     108.7 req/s
h1 stream pyreqwest_mt      65536 B c= 10 round=1/3    1496.7 req/s
h1 full   curl_cffi         10240 B c=100 round=1/3    5678.5 req/s
h1 stream pycurl           131072 B c= 50 round=1/3    1833.2 req/s
h1 full   ry_blocking     4194304 B c= 10 round=1/3    1046.3 req/s
h1 stream ry               131072 B c= 10 round=1/3     858.1 req/s
h1 full   httpx_blocking    10240 B c=100 round=1/3    1712.8 req/s
h1 stream curl_cffi       2097152 B c=150 round=1/3     216.2 req/s
h1 full   curl_cffi        131072 B c= 10 round=1/3    2909.8 req/s
h1 full   pyreqwest_mt    4194304 B c= 50 round=1/3     935.1 req/s
h1 full   ry_blocking     1048576 B c= 50 round=1/3    3978.1 req/s
h1 stream wreq_blocking   1048576 B c= 50 round=1/3     366.3 req/s
h1 stream pyreqwest_st    2097152 B c= 50 round=1/3     289.0 req/s
h1 stream httpx_blocking   131072 B c= 10 round=1/3     632.7 req/s
h1 full   ry                10240 B c= 10 round=1/3    2355.0 req/s
h1 full   niquests        4194304 B c= 50 round=1/3     220.1 req/s
h1 stream pycurl            10240 B c=100 round=1/3    6068.5 req/s
h1 full   niquests          10240 B c=100 round=1/3    2258.7 req/s
h1 full   pyreqwest_st      65536 B c=150 round=1/3    3621.0 req/s
h1 full   niquests        4194304 B c=100 round=1/3     224.9 req/s
h1 stream curl_cffi        131072 B c= 10 round=1/3    2052.1 req/s
h1 full   httpx             65536 B c= 50 round=1/3     741.2 req/s
h1 full   httpx             10240 B c=100 round=1/3     830.3 req/s
h1 stream ry_blocking       10240 B c=100 round=1/3    4746.7 req/s
h1 stream requests        1048576 B c= 50 round=1/3     155.1 req/s
h1 full   aiohttp         2097152 B c= 50 round=1/3     778.6 req/s
h1 full   pycurl          1048576 B c= 10 round=1/3     415.6 req/s
h1 full   pyreqwest_mt    2097152 B c= 10 round=1/3    2016.0 req/s
h1 stream wreq_blocking      1024 B c= 50 round=1/3     558.7 req/s
h1 stream wreq_st            1024 B c= 50 round=1/3   24012.3 req/s
h1 full   httpx_blocking   131072 B c=100 round=1/3     829.3 req/s
h1 full   wreq             131072 B c=150 round=1/3   28387.5 req/s
h1 stream curl_cffi       1048576 B c= 50 round=1/3     437.4 req/s
h1 stream pyreqwest_st    1048576 B c= 50 round=1/3     376.4 req/s
h1 stream ry              2097152 B c= 50 round=1/3     333.2 req/s
h1 full   wreq_blocking     65536 B c= 50 round=1/3    3245.2 req/s
h1 stream ry_blocking        1024 B c= 10 round=1/3    5270.1 req/s
h1 full   httpx_blocking     1024 B c=100 round=1/3    1640.5 req/s
h1 stream curl_cffi       4194304 B c=100 round=1/3     127.1 req/s
h1 full   curl_cffi       4194304 B c=100 round=1/3     175.8 req/s
h1 stream niquests_blocking  1048576 B c=100 round=1/3     149.3 req/s
h1 stream niquests          10240 B c= 10 round=1/3    2169.2 req/s
h1 full   aiohttp           10240 B c=100 round=1/3    7896.2 req/s
h1 full   aiohttp           65536 B c= 50 round=1/3    7997.4 req/s
h1 stream niquests_blocking    10240 B c= 10 round=1/3    1373.6 req/s
h1 full   pyreqwest_st    2097152 B c= 50 round=1/3     561.5 req/s
h1 full   wreq_blocking     65536 B c=100 round=1/3    3095.3 req/s
h1 full   curl_cffi_blocking    10240 B c= 10 round=1/3     548.3 req/s
h1 full   wreq            1048576 B c=100 round=1/3    3763.7 req/s
h1 stream pyreqwest_mt      10240 B c= 10 round=1/3    2907.2 req/s
h1 full   aiohttp            1024 B c= 10 round=1/3    8153.2 req/s
h1 full   aiohttp         2097152 B c= 10 round=1/3     686.2 req/s
h1 full   wreq            2097152 B c= 10 round=1/3    2333.5 req/s
h1 full   niquests          65536 B c= 50 round=1/3    1916.7 req/s
h1 stream requests         131072 B c= 50 round=1/3     609.1 req/s
h1 stream pyreqwest_mt     131072 B c= 50 round=1/3    1708.8 req/s
h1 full   httpx_blocking  1048576 B c= 50 round=1/3     172.3 req/s
h1 stream curl_cffi_blocking   131072 B c= 50 round=1/3     412.3 req/s
h1 stream niquests_blocking    10240 B c=100 round=1/3    1269.4 req/s
h1 full   wreq_st         4194304 B c=100 round=1/3     301.4 req/s
h1 stream httpx           4194304 B c=150 round=1/3      73.5 req/s
h1 full   curl_cffi       1048576 B c= 50 round=1/3     685.0 req/s
h1 full   pyreqwest_st    2097152 B c= 10 round=1/3     550.2 req/s
h1 full   curl_cffi_blocking  1048576 B c=100 round=1/3     231.9 req/s
h1 full   httpx_blocking     1024 B c= 10 round=1/3    1801.0 req/s
h1 full   httpx_blocking  2097152 B c= 50 round=1/3      93.6 req/s
h1 stream httpx_blocking  4194304 B c=150 round=1/3      46.1 req/s
h1 full   pyreqwest_st       1024 B c= 50 round=1/3    4348.4 req/s
h1 full   ry              4194304 B c= 50 round=1/3     620.2 req/s
h1 full   niquests_blocking  1048576 B c=100 round=1/3     187.4 req/s
h1 stream curl_cffi       1048576 B c=150 round=1/3     399.5 req/s
h1 full   aiohttp         4194304 B c=100 round=1/3     352.8 req/s
h1 stream httpx            131072 B c= 50 round=1/3     450.5 req/s
h1 stream curl_cffi_blocking    65536 B c= 50 round=1/3     461.8 req/s
h1 stream pycurl           131072 B c= 10 round=1/3    1828.9 req/s
h1 full   niquests_blocking     1024 B c= 10 round=1/3    1582.8 req/s
h1 full   niquests         131072 B c= 10 round=1/3    1738.4 req/s
h1 full   ry                10240 B c= 50 round=1/3    2791.6 req/s
h1 stream wreq            2097152 B c= 50 round=1/3    2030.9 req/s
h1 full   wreq            2097152 B c=100 round=1/3    1815.3 req/s
h1 stream curl_cffi_blocking  1048576 B c=100 round=1/3     172.9 req/s
h1 full   aiohttp         1048576 B c=100 round=1/3    1417.8 req/s
h1 stream pyreqwest_st    2097152 B c=100 round=1/3     279.3 req/s
h1 stream pyreqwest_mt    1048576 B c=100 round=1/3     556.1 req/s
h1 full   niquests_blocking     1024 B c=100 round=1/3    1337.1 req/s
h1 full   pycurl             1024 B c= 50 round=1/3   11169.7 req/s
h1 stream pycurl             1024 B c=100 round=1/3    5938.5 req/s
h1 stream httpx_blocking    10240 B c=100 round=1/3    1391.3 req/s
h1 stream ry                 1024 B c= 50 round=1/3    1608.8 req/s
h1 stream aiohttp           65536 B c=150 round=1/3    5107.6 req/s
h1 stream httpx             10240 B c=100 round=1/3     633.1 req/s
h1 full   httpx            131072 B c=100 round=1/3     570.6 req/s
h1 stream pyreqwest_st     131072 B c=150 round=1/3    1273.8 req/s
h1 stream curl_cffi          1024 B c= 10 round=1/3    3495.1 req/s
h1 full   pycurl            10240 B c=150 round=1/3    8983.0 req/s
h1 stream wreq_blocking   1048576 B c= 10 round=1/3     364.0 req/s
h1 stream wreq_st           65536 B c=150 round=1/3    5621.3 req/s
h1 stream wreq_st           10240 B c= 10 round=1/3   13877.8 req/s
h1 stream niquests        2097152 B c=100 round=1/3     365.6 req/s
h1 full   wreq_st           10240 B c=100 round=1/3   40528.7 req/s
h1 full   aiohttp           65536 B c=100 round=1/3    6952.4 req/s
h1 full   niquests_blocking  1048576 B c= 10 round=1/3     190.0 req/s
h1 full   pycurl            10240 B c=100 round=1/3   10407.0 req/s
h1 full   curl_cffi_blocking  2097152 B c=150 round=1/3     153.4 req/s
h1 stream wreq_blocking   4194304 B c=150 round=1/3     255.0 req/s
h1 stream pyreqwest_mt     131072 B c=100 round=1/3    1806.2 req/s
h1 stream wreq_st         2097152 B c= 50 round=1/3     384.1 req/s
h1 full   pyreqwest_st      65536 B c= 50 round=1/3    3895.4 req/s
h1 full   pyreqwest_st      10240 B c=150 round=1/3    4274.1 req/s
h1 full   httpx           2097152 B c= 10 round=1/3     298.5 req/s
h1 full   ry                10240 B c=150 round=1/3    2892.3 req/s
h1 stream pycurl            10240 B c=150 round=1/3    5649.8 req/s
h1 full   niquests        2097152 B c= 50 round=1/3     417.7 req/s
h1 full   curl_cffi         10240 B c=150 round=1/3    5658.0 req/s
h1 stream wreq              65536 B c= 10 round=1/3   12043.3 req/s
h1 full   ry              2097152 B c=150 round=1/3     952.3 req/s
h1 stream httpx_blocking     1024 B c= 10 round=1/3    1531.4 req/s
h1 stream curl_cffi         65536 B c=100 round=1/3    2655.1 req/s
h1 full   ry              4194304 B c= 10 round=1/3     540.6 req/s
h1 full   wreq_st           10240 B c= 50 round=1/3   41105.8 req/s
h1 full   wreq             131072 B c=100 round=1/3   30676.4 req/s
h1 stream aiohttp         1048576 B c= 10 round=1/3     989.2 req/s
h1 full   wreq              10240 B c=100 round=1/3   64080.3 req/s
h1 stream requests        2097152 B c=100 round=1/3      92.3 req/s
h1 full   httpx             65536 B c= 10 round=1/3    1384.9 req/s
h1 stream wreq            1048576 B c=150 round=1/3    3421.3 req/s
h1 stream curl_cffi_blocking    65536 B c=100 round=1/3     452.2 req/s
h1 full   curl_cffi_blocking    10240 B c=100 round=1/3     552.6 req/s
h1 full   niquests          10240 B c= 10 round=1/3    2317.4 req/s
h1 full   pycurl            65536 B c=100 round=1/3    4075.0 req/s
h1 full   niquests          65536 B c= 10 round=1/3    2124.4 req/s
h1 stream wreq_blocking      1024 B c=150 round=1/3     539.2 req/s
h1 full   wreq_blocking      1024 B c=150 round=1/3    3145.7 req/s
h1 full   aiohttp            1024 B c= 50 round=1/3    8559.8 req/s
h1 full   httpx_blocking  2097152 B c= 10 round=1/3      91.9 req/s
h1 stream ry_blocking     1048576 B c=150 round=1/3    1096.4 req/s
h1 stream wreq_st           10240 B c=150 round=1/3   14566.6 req/s
h1 stream pyreqwest_st    4194304 B c= 10 round=1/3     181.6 req/s
h1 full   ry              4194304 B c=100 round=1/3     571.6 req/s
h1 stream wreq_blocking   1048576 B c=150 round=1/3     353.2 req/s
h1 stream wreq_st         2097152 B c=150 round=1/3     344.1 req/s
h1 stream niquests_blocking    65536 B c=100 round=1/3     747.5 req/s
h1 full   curl_cffi_blocking    65536 B c= 10 round=1/3     508.9 req/s
h1 full   ry_blocking        1024 B c= 10 round=1/3    8802.2 req/s
h1 stream ry               131072 B c=150 round=1/3    1021.0 req/s
h1 stream wreq_blocking      1024 B c=100 round=1/3     544.6 req/s
h1 full   ry_blocking     2097152 B c=150 round=1/3    1656.7 req/s
h1 full   requests        1048576 B c= 50 round=1/3     183.1 req/s
h1 full   requests        2097152 B c=150 round=1/3     100.1 req/s
h1 full   ry_blocking       10240 B c= 50 round=1/3    7816.1 req/s
h1 full   ry                65536 B c= 10 round=1/3    2430.4 req/s
h1 stream niquests_blocking     1024 B c= 50 round=1/3    1308.2 req/s
h1 stream wreq              65536 B c=100 round=1/3   20188.4 req/s
h1 stream pyreqwest_st    1048576 B c=150 round=1/3     375.8 req/s
h1 full   httpx_blocking  4194304 B c=100 round=1/3      48.3 req/s
h1 stream wreq            2097152 B c=150 round=1/3    1700.3 req/s
h1 stream httpx_blocking  1048576 B c= 50 round=1/3     136.9 req/s
h1 full   niquests_blocking     1024 B c= 50 round=1/3    1295.9 req/s
h1 stream aiohttp         4194304 B c= 50 round=1/3     398.7 req/s
h1 full   wreq               1024 B c=100 round=1/3   77155.9 req/s
h1 stream wreq_blocking    131072 B c=100 round=1/3     510.0 req/s
h1 full   pyreqwest_mt      10240 B c=150 round=1/3    7906.9 req/s
h1 full   pyreqwest_st      10240 B c= 50 round=1/3    4342.0 req/s
h1 full   requests         131072 B c= 10 round=1/3     798.5 req/s
h1 full   requests        1048576 B c=100 round=1/3     181.9 req/s
h1 stream wreq            4194304 B c=150 round=1/3     813.3 req/s
h1 full   curl_cffi_blocking    65536 B c= 50 round=1/3     502.9 req/s
h1 stream wreq_st         1048576 B c= 10 round=1/3     682.7 req/s
h1 stream aiohttp            1024 B c=100 round=1/3    7768.7 req/s
h1 full   ry              1048576 B c= 50 round=1/3    1550.0 req/s
h1 full   requests          10240 B c= 10 round=1/3    1406.6 req/s
h1 stream curl_cffi       2097152 B c= 10 round=1/3     256.5 req/s
h1 stream ry_blocking       10240 B c= 50 round=1/3    4927.5 req/s
h1 full   pyreqwest_st    4194304 B c=100 round=1/3     306.2 req/s
h1 stream wreq_blocking     65536 B c= 50 round=1/3     509.6 req/s
h1 full   pycurl          4194304 B c= 50 round=1/3     111.0 req/s
h1 stream httpx_blocking  2097152 B c=150 round=1/3      82.8 req/s
h1 full   niquests_blocking   131072 B c=150 round=1/3     745.8 req/s
h1 full   pyreqwest_st      10240 B c= 10 round=1/3    4307.9 req/s
h1 stream aiohttp           10240 B c= 50 round=1/3    7234.1 req/s
h1 stream curl_cffi_blocking     1024 B c=100 round=1/3     516.3 req/s
h1 full   requests           1024 B c=150 round=1/3    1325.9 req/s
h1 full   requests        4194304 B c= 10 round=1/3      52.3 req/s
h1 full   pycurl             1024 B c=150 round=1/3    9303.1 req/s
h1 full   httpx_blocking  4194304 B c= 10 round=1/3      47.4 req/s
h1 stream ry              1048576 B c= 10 round=1/3     327.6 req/s
h1 full   wreq_blocking    131072 B c=150 round=1/3    2979.7 req/s
h1 stream httpx             10240 B c=150 round=1/3     698.1 req/s
h1 full   wreq            4194304 B c= 50 round=1/3     959.8 req/s
h1 full   ry              1048576 B c= 10 round=1/3    1426.5 req/s
h1 stream pycurl          4194304 B c= 10 round=1/3      79.2 req/s
h1 full   wreq_blocking     65536 B c= 10 round=1/3    3394.3 req/s
h1 full   niquests        2097152 B c=150 round=1/3     410.9 req/s
h1 full   aiohttp           10240 B c= 50 round=1/3    8788.0 req/s
h1 stream wreq              10240 B c=100 round=1/3   29063.5 req/s
h1 full   httpx_blocking  1048576 B c=150 round=1/3     178.5 req/s
h1 stream httpx           4194304 B c=100 round=1/3      82.6 req/s
h1 stream wreq            4194304 B c=100 round=1/3     887.1 req/s
h1 full   pycurl           131072 B c= 50 round=1/3    2599.8 req/s
h1 full   httpx            131072 B c= 10 round=1/3    1184.4 req/s
h1 full   requests          65536 B c= 10 round=1/3    1004.5 req/s
h1 stream curl_cffi       1048576 B c=100 round=1/3     440.6 req/s
h1 stream curl_cffi_blocking  4194304 B c= 10 round=1/3      67.0 req/s
h1 stream httpx             65536 B c=150 round=1/3     446.6 req/s
h1 stream httpx              1024 B c= 50 round=1/3     726.9 req/s
h1 stream httpx            131072 B c=150 round=1/3     401.6 req/s
h1 stream niquests_blocking  4194304 B c=150 round=1/3      48.6 req/s
h1 stream ry_blocking     2097152 B c=100 round=1/3     949.5 req/s
h1 stream aiohttp         1048576 B c= 50 round=1/3     937.6 req/s
h1 full   wreq_blocking      1024 B c=100 round=1/3    3357.6 req/s
h1 stream curl_cffi_blocking   131072 B c=100 round=1/3     424.3 req/s
h1 full   curl_cffi       2097152 B c= 50 round=1/3     343.6 req/s
h1 stream wreq_blocking   4194304 B c= 50 round=1/3     250.2 req/s
h1 stream niquests_blocking    10240 B c=150 round=1/3    1183.3 req/s
h1 full   httpx_blocking  4194304 B c=150 round=1/3      48.6 req/s
h1 full   curl_cffi         10240 B c= 10 round=1/3    5489.2 req/s
h1 stream httpx_blocking    10240 B c=150 round=1/3    1369.8 req/s
h1 full   requests           1024 B c= 50 round=1/3    1286.7 req/s
h1 stream ry_blocking     1048576 B c= 50 round=1/3    1150.1 req/s
h1 full   pyreqwest_mt      10240 B c= 50 round=1/3    7453.4 req/s
h1 full   ry_blocking        1024 B c=150 round=1/3    6647.8 req/s
h1 full   pyreqwest_mt    2097152 B c=100 round=1/3    1639.8 req/s
h1 stream ry                65536 B c= 10 round=1/3     879.4 req/s
h1 full   requests          65536 B c=100 round=1/3     900.2 req/s
h1 stream ry              4194304 B c= 50 round=1/3     275.4 req/s
h1 stream aiohttp         1048576 B c=100 round=1/3    1057.4 req/s
h1 full   wreq            4194304 B c= 10 round=1/3     851.2 req/s
h1 stream httpx_blocking  2097152 B c=100 round=1/3      79.5 req/s
h1 stream niquests          10240 B c= 50 round=1/3    2140.8 req/s
h1 stream wreq            4194304 B c= 10 round=1/3     870.1 req/s
h1 full   niquests_blocking  4194304 B c= 10 round=1/3      53.0 req/s
h1 stream aiohttp           10240 B c=100 round=1/3    7153.8 req/s
h1 full   curl_cffi         65536 B c= 10 round=1/3    3894.4 req/s
h1 full   niquests          65536 B c=150 round=1/3    2055.3 req/s
h1 stream pyreqwest_mt     131072 B c= 10 round=1/3    1499.0 req/s
h1 full   httpx_blocking  2097152 B c=150 round=1/3      97.2 req/s
h1 stream ry                 1024 B c=150 round=1/3    1671.9 req/s
h1 full   requests        1048576 B c= 10 round=1/3     193.3 req/s
h1 stream wreq               1024 B c=150 round=1/3   24651.6 req/s
h1 stream requests          65536 B c= 50 round=1/3     773.4 req/s
h1 stream wreq_st          131072 B c= 50 round=1/3    4389.7 req/s
h1 stream niquests        4194304 B c= 10 round=1/3     206.9 req/s
h1 stream pyreqwest_st       1024 B c=150 round=1/3    2630.2 req/s
h1 stream aiohttp         2097152 B c=100 round=1/3     744.1 req/s
h1 full   wreq              10240 B c=150 round=1/3   87530.9 req/s
h1 stream ry_blocking      131072 B c=150 round=1/3    2988.2 req/s
h1 stream pyreqwest_st     131072 B c= 10 round=1/3    1390.4 req/s
h1 full   ry                10240 B c=100 round=1/3    2833.9 req/s
h1 full   curl_cffi       4194304 B c=150 round=1/3     169.8 req/s
h1 stream wreq            1048576 B c= 50 round=1/3    4170.1 req/s
h1 full   wreq_st         4194304 B c=150 round=1/3     293.2 req/s
h1 stream wreq            2097152 B c= 10 round=1/3    2455.0 req/s
h1 stream pyreqwest_st     131072 B c= 50 round=1/3    1331.4 req/s
h1 full   niquests_blocking   131072 B c=100 round=1/3     760.9 req/s
h1 stream niquests          65536 B c= 10 round=1/3    1779.5 req/s
h1 full   wreq_st            1024 B c= 50 round=1/3   48600.0 req/s
h1 full   niquests           1024 B c= 10 round=1/3    2354.4 req/s
h1 full   wreq_st         1048576 B c= 50 round=1/3    1136.8 req/s
h1 full   ry_blocking       65536 B c=150 round=1/3    6698.4 req/s
h1 full   curl_cffi_blocking  1048576 B c= 50 round=1/3     232.5 req/s
h1 full   requests         131072 B c= 50 round=1/3     773.0 req/s
h1 stream httpx_blocking  1048576 B c= 10 round=1/3     137.4 req/s
h1 full   niquests         131072 B c=150 round=1/3    1548.8 req/s
h1 stream wreq_blocking    131072 B c= 10 round=1/3     525.6 req/s
h1 stream niquests        1048576 B c=100 round=1/3     539.6 req/s
h1 stream requests        1048576 B c=150 round=1/3     154.1 req/s
h1 full   httpx            131072 B c=150 round=1/3     574.3 req/s
h1 full   httpx_blocking   131072 B c= 50 round=1/3     838.0 req/s
h1 stream ry              1048576 B c=150 round=1/3     378.2 req/s
h1 stream requests        1048576 B c= 10 round=1/3     155.2 req/s
h1 full   wreq_blocking   4194304 B c= 50 round=1/3     529.9 req/s
h1 full   wreq               1024 B c=150 round=1/3   66243.8 req/s
h1 stream niquests_blocking     1024 B c=150 round=1/3    1279.8 req/s
h1 full   wreq_blocking     10240 B c=100 round=1/3    3447.6 req/s
h1 stream ry_blocking      131072 B c= 50 round=1/3    3168.7 req/s
h1 stream pyreqwest_mt      65536 B c= 50 round=1/3    1733.9 req/s
h1 full   curl_cffi_blocking  4194304 B c= 10 round=1/3      84.7 req/s
h1 stream ry_blocking       65536 B c= 50 round=1/3    3337.3 req/s
h1 stream wreq_st         4194304 B c=100 round=1/3     210.3 req/s
h1 full   pyreqwest_st       1024 B c= 10 round=1/3    4483.8 req/s
h1 stream ry_blocking       65536 B c= 10 round=1/3    3403.4 req/s
h1 full   curl_cffi_blocking     1024 B c= 50 round=1/3     540.5 req/s
h1 full   pycurl          2097152 B c= 50 round=1/3     198.3 req/s
h1 stream aiohttp         2097152 B c= 10 round=1/3     649.4 req/s
h1 stream pycurl            10240 B c= 50 round=1/3    6013.8 req/s
h1 stream requests           1024 B c=100 round=1/3    1206.6 req/s
h1 stream pycurl          1048576 B c=100 round=1/3     278.3 req/s
h1 stream requests        4194304 B c= 50 round=1/3      48.6 req/s
h1 stream pyreqwest_mt    2097152 B c=150 round=1/3     507.6 req/s
h1 full   wreq             131072 B c= 10 round=1/3   18834.2 req/s
h1 stream wreq            4194304 B c= 50 round=1/3     939.5 req/s
h1 stream curl_cffi         10240 B c= 10 round=1/3    3471.3 req/s
h1 full   wreq_blocking   1048576 B c= 10 round=1/3    1555.5 req/s
h1 full   pyreqwest_st    1048576 B c= 10 round=1/3     954.6 req/s
h1 full   aiohttp         4194304 B c= 10 round=1/3     372.7 req/s
h1 stream httpx             65536 B c= 50 round=1/3     546.9 req/s
h1 stream niquests_blocking  1048576 B c= 50 round=1/3     147.7 req/s
h1 full   httpx_blocking  1048576 B c=100 round=1/3     176.9 req/s
h1 stream wreq_blocking   1048576 B c=100 round=1/3     358.9 req/s
h1 stream aiohttp          131072 B c= 10 round=1/3    4763.4 req/s
h1 stream aiohttp          131072 B c=100 round=1/3    4285.4 req/s
h1 full   ry               131072 B c=100 round=1/3    2643.9 req/s
h1 full   ry_blocking       65536 B c= 50 round=1/3    7202.8 req/s
h1 stream httpx           2097152 B c= 50 round=1/3     184.5 req/s
h1 stream curl_cffi       4194304 B c=150 round=1/3     126.4 req/s
h1 stream requests         131072 B c= 10 round=1/3     625.6 req/s
h1 full   ry_blocking        1024 B c=100 round=1/3    7095.3 req/s
h1 full   wreq              65536 B c= 10 round=1/3   25626.8 req/s
h1 full   httpx            131072 B c= 50 round=1/3     595.6 req/s
h1 stream pycurl             1024 B c= 50 round=1/3    6176.8 req/s
h1 full   httpx           1048576 B c=100 round=1/3     206.0 req/s
h1 full   aiohttp            1024 B c=150 round=1/3    8781.4 req/s
h1 stream pyreqwest_mt       1024 B c=100 round=1/3    3437.7 req/s
h1 full   niquests          65536 B c=100 round=1/3    1912.2 req/s
h1 stream curl_cffi         10240 B c=100 round=1/3    4218.4 req/s
h1 stream curl_cffi_blocking  4194304 B c=100 round=1/3      63.9 req/s
h1 stream ry_blocking        1024 B c=100 round=1/3    4789.7 req/s
h1 full   wreq              10240 B c= 50 round=1/3   53910.9 req/s
h1 stream wreq             131072 B c=100 round=1/3   17343.2 req/s
h1 full   pycurl          2097152 B c=100 round=1/3     204.6 req/s
h1 stream httpx           2097152 B c=150 round=1/3      99.7 req/s
h1 stream ry              2097152 B c= 10 round=1/3     288.1 req/s
h1 stream ry                65536 B c= 50 round=1/3     990.1 req/s
h1 stream pycurl          4194304 B c=150 round=1/3      81.3 req/s
h1 stream niquests_blocking   131072 B c=150 round=1/3     595.0 req/s
h1 stream wreq               1024 B c= 50 round=1/3   25317.5 req/s
h1 stream ry                10240 B c= 50 round=1/3    1668.8 req/s
h1 stream ry_blocking     2097152 B c=150 round=1/3     927.9 req/s
h1 full   wreq_st         2097152 B c= 50 round=1/3     570.2 req/s
h1 stream pyreqwest_st       1024 B c= 50 round=1/3    2421.3 req/s
h1 full   ry_blocking      131072 B c=100 round=1/3    6999.7 req/s
h1 full   pyreqwest_mt    4194304 B c= 10 round=1/3     916.7 req/s
h1 full   httpx_blocking  2097152 B c=100 round=1/3      89.9 req/s
h1 stream wreq_blocking     65536 B c=150 round=1/3     499.1 req/s
h1 full   wreq_blocking   2097152 B c= 50 round=1/3     946.2 req/s
h1 stream ry_blocking       10240 B c= 10 round=1/3    5354.2 req/s
h1 stream pyreqwest_st      10240 B c=100 round=1/3    2523.4 req/s
h1 full   niquests        2097152 B c=100 round=1/3     423.8 req/s
h1 full   niquests_blocking    10240 B c=150 round=1/3    1404.3 req/s
h1 full   wreq            1048576 B c= 10 round=1/3    5329.7 req/s
h1 full   requests           1024 B c= 10 round=1/3    1439.1 req/s
h1 stream pyreqwest_mt    1048576 B c=150 round=1/3     585.3 req/s
h1 full   wreq              65536 B c= 50 round=1/3   55912.7 req/s
h1 stream httpx_blocking    65536 B c=150 round=1/3     726.7 req/s
h1 stream aiohttp         2097152 B c= 50 round=1/3     703.4 req/s
h1 full   requests          65536 B c= 50 round=1/3     947.2 req/s
h1 full   wreq_st         2097152 B c=150 round=1/3     538.4 req/s
h1 full   niquests_blocking  2097152 B c=150 round=1/3     100.2 req/s
h1 stream httpx_blocking     1024 B c=150 round=1/3    1418.4 req/s
h1 full   curl_cffi_blocking  2097152 B c=100 round=1/3     143.7 req/s
h1 stream curl_cffi       2097152 B c=100 round=1/3     224.9 req/s
h1 full   wreq_blocking   2097152 B c= 10 round=1/3     953.1 req/s
h1 stream httpx_blocking    10240 B c= 10 round=1/3    1483.0 req/s
h1 stream curl_cffi_blocking    10240 B c=150 round=1/3     509.6 req/s
h1 full   wreq              65536 B c=150 round=1/3   39336.3 req/s
h1 stream aiohttp          131072 B c=150 round=1/3    4248.0 req/s
h1 full   curl_cffi_blocking  2097152 B c= 50 round=1/3     147.1 req/s
h1 stream pyreqwest_st      65536 B c=150 round=1/3    1355.0 req/s
h1 full   niquests        2097152 B c= 10 round=1/3     386.0 req/s
h1 full   pyreqwest_mt       1024 B c=100 round=1/3    7715.8 req/s
h1 full   curl_cffi       2097152 B c=100 round=1/3     315.2 req/s
h1 stream pyreqwest_mt       1024 B c=150 round=1/3    3495.7 req/s
h1 full   niquests_blocking    10240 B c= 10 round=1/3    1453.7 req/s
h1 full   wreq_blocking   4194304 B c=100 round=1/3     476.6 req/s
h1 stream ry                 1024 B c=100 round=1/3    1599.2 req/s
h1 full   niquests        4194304 B c=150 round=1/3     222.6 req/s
h1 full   pycurl             1024 B c= 10 round=1/3   13329.3 req/s
h1 full   wreq_st          131072 B c=100 round=1/3    8197.7 req/s
h1 stream pyreqwest_mt      10240 B c= 50 round=1/3    3229.4 req/s
h1 full   niquests_blocking    10240 B c=100 round=1/3    1444.8 req/s
h1 stream pyreqwest_mt    2097152 B c= 10 round=1/3     445.2 req/s
h1 full   ry                 1024 B c=100 round=1/3    2876.5 req/s
h1 stream pycurl            10240 B c= 10 round=1/3    6778.4 req/s
h1 stream httpx_blocking   131072 B c=150 round=1/3     593.4 req/s
h1 stream curl_cffi_blocking    10240 B c=100 round=1/3     512.6 req/s
h1 stream wreq              10240 B c= 50 round=1/3   29591.5 req/s
h1 full   ry_blocking      131072 B c= 50 round=1/3    7089.5 req/s
h1 full   niquests_blocking  4194304 B c= 50 round=1/3      50.4 req/s
h1 full   ry_blocking     2097152 B c=100 round=1/3    1779.1 req/s
h1 stream pyreqwest_mt    4194304 B c=150 round=1/3     388.7 req/s
h1 stream httpx              1024 B c=100 round=1/3     639.1 req/s
h1 stream ry               131072 B c= 50 round=1/3    1025.7 req/s
h1 stream pyreqwest_st    1048576 B c=100 round=1/3     379.0 req/s
h1 stream curl_cffi       4194304 B c= 10 round=1/3     132.2 req/s
h1 stream pyreqwest_st       1024 B c=100 round=1/3    2528.0 req/s
h1 stream wreq_st           10240 B c=100 round=2/3   19917.9 req/s
h1 full   httpx_blocking    10240 B c= 50 round=2/3    1715.9 req/s
h1 stream niquests_blocking    10240 B c= 50 round=2/3    1328.7 req/s
h1 stream ry_blocking       10240 B c=150 round=2/3    4548.5 req/s
h1 stream pyreqwest_mt    1048576 B c= 50 round=2/3     552.0 req/s
h1 full   curl_cffi       4194304 B c= 50 round=2/3     169.1 req/s
h1 stream httpx_blocking    10240 B c=150 round=2/3    1379.4 req/s
h1 stream httpx_blocking  2097152 B c=100 round=2/3      79.7 req/s
h1 stream pycurl           131072 B c= 10 round=2/3    1811.9 req/s
h1 full   curl_cffi_blocking  4194304 B c=150 round=2/3      87.6 req/s
h1 full   ry_blocking     1048576 B c= 50 round=2/3    3739.5 req/s
h1 stream pyreqwest_st      65536 B c=150 round=2/3    1343.7 req/s
h1 full   curl_cffi       4194304 B c=150 round=2/3     168.6 req/s
h1 full   curl_cffi       4194304 B c=100 round=2/3     178.2 req/s
h1 full   httpx_blocking  4194304 B c= 50 round=2/3      48.5 req/s
h1 full   niquests_blocking  4194304 B c= 10 round=2/3      52.9 req/s
h1 full   httpx_blocking  2097152 B c= 50 round=2/3      95.6 req/s
h1 stream ry                65536 B c=100 round=2/3    1045.6 req/s
h1 full   pycurl          4194304 B c= 10 round=2/3     109.3 req/s
h1 full   wreq_blocking     65536 B c= 50 round=2/3    3342.2 req/s
h1 stream httpx           2097152 B c=100 round=2/3     120.7 req/s
h1 stream httpx              1024 B c= 50 round=2/3     748.2 req/s
h1 full   wreq_st         2097152 B c= 50 round=2/3     621.2 req/s
h1 stream pyreqwest_st    4194304 B c= 50 round=2/3     186.7 req/s
h1 stream pyreqwest_st       1024 B c=100 round=2/3    2392.2 req/s
h1 full   httpx_blocking  4194304 B c= 10 round=2/3      48.3 req/s
h1 stream wreq_st          131072 B c=150 round=2/3    3716.8 req/s
h1 stream niquests        1048576 B c=150 round=2/3     504.7 req/s
h1 stream httpx           2097152 B c= 10 round=2/3     247.1 req/s
h1 stream httpx_blocking   131072 B c=100 round=2/3     590.6 req/s
h1 full   httpx           2097152 B c= 10 round=2/3     304.1 req/s
h1 full   aiohttp          131072 B c= 50 round=2/3    5995.5 req/s
h1 full   requests         131072 B c= 50 round=2/3     762.0 req/s
h1 full   httpx            131072 B c=100 round=2/3     603.1 req/s
h1 stream niquests_blocking    10240 B c=100 round=2/3    1300.4 req/s
h1 stream aiohttp          131072 B c= 50 round=2/3    4651.3 req/s
h1 stream httpx           1048576 B c= 50 round=2/3     235.0 req/s
h1 stream httpx_blocking     1024 B c= 10 round=2/3    1445.7 req/s
h1 stream curl_cffi_blocking  4194304 B c=150 round=2/3      66.7 req/s
h1 stream pyreqwest_st      10240 B c= 50 round=2/3    2379.4 req/s
h1 stream niquests        2097152 B c= 50 round=2/3     372.1 req/s
h1 stream aiohttp         1048576 B c=100 round=2/3    1055.4 req/s
h1 stream pyreqwest_mt    4194304 B c=150 round=2/3     399.9 req/s
h1 stream niquests_blocking    10240 B c=150 round=2/3    1128.0 req/s
h1 full   niquests          10240 B c= 50 round=2/3    2202.3 req/s
h1 full   pyreqwest_st    1048576 B c=100 round=2/3     913.4 req/s
h1 full   aiohttp           65536 B c=100 round=2/3    6941.2 req/s
h1 stream wreq_blocking   1048576 B c= 50 round=2/3     352.8 req/s
h1 full   niquests_blocking   131072 B c=100 round=2/3     760.7 req/s
h1 stream curl_cffi       1048576 B c= 10 round=2/3     433.0 req/s
h1 stream requests        4194304 B c= 50 round=2/3      47.6 req/s
h1 stream ry               131072 B c=100 round=2/3     969.6 req/s
h1 full   niquests        1048576 B c=100 round=2/3     668.5 req/s
h1 full   wreq            2097152 B c= 10 round=2/3    2264.6 req/s
h1 stream niquests_blocking    65536 B c=100 round=2/3     723.6 req/s
h1 stream wreq_blocking   2097152 B c= 10 round=2/3     311.0 req/s
h1 full   httpx_blocking   131072 B c= 50 round=2/3     826.0 req/s
h1 full   wreq            2097152 B c=150 round=2/3    1587.8 req/s
h1 full   wreq_st         1048576 B c=100 round=2/3    1006.6 req/s
h1 stream ry                10240 B c= 10 round=2/3    1372.4 req/s
h1 full   wreq_blocking   1048576 B c= 10 round=2/3    1492.5 req/s
h1 full   curl_cffi_blocking  1048576 B c=100 round=2/3     224.7 req/s
h1 stream pycurl           131072 B c=100 round=2/3    1740.7 req/s
h1 stream httpx             10240 B c=100 round=2/3     674.0 req/s
h1 stream requests        4194304 B c=100 round=2/3      50.7 req/s
h1 stream wreq              65536 B c= 50 round=2/3   18234.5 req/s
h1 stream pycurl          1048576 B c= 50 round=2/3     273.6 req/s
h1 full   wreq_blocking      1024 B c= 10 round=2/3    3689.1 req/s
h1 stream wreq_st           65536 B c= 50 round=2/3    6769.9 req/s
h1 full   pyreqwest_mt      10240 B c=150 round=2/3    7615.5 req/s
h1 stream ry                10240 B c=100 round=2/3    1662.4 req/s
h1 full   aiohttp          131072 B c=100 round=2/3    6069.1 req/s
h1 stream aiohttp           65536 B c=150 round=2/3    4802.5 req/s
h1 full   niquests        2097152 B c=100 round=2/3     386.3 req/s
h1 full   requests        2097152 B c=100 round=2/3     101.4 req/s
h1 full   httpx              1024 B c=100 round=2/3     789.4 req/s
h1 stream httpx           1048576 B c=150 round=2/3     141.6 req/s
h1 stream curl_cffi_blocking   131072 B c=100 round=2/3     422.6 req/s
h1 stream pycurl            10240 B c=150 round=2/3    5580.5 req/s
h1 full   ry_blocking     2097152 B c=100 round=2/3    1751.9 req/s
h1 stream wreq              10240 B c=100 round=2/3   23039.4 req/s
h1 full   httpx_blocking  1048576 B c=100 round=2/3     172.8 req/s
h1 stream pyreqwest_st       1024 B c=150 round=2/3    2422.9 req/s
h1 stream wreq              10240 B c= 50 round=2/3   23702.0 req/s
h1 full   pyreqwest_mt     131072 B c=100 round=2/3    7545.1 req/s
h1 full   ry                 1024 B c= 50 round=2/3    2834.7 req/s
h1 full   pyreqwest_mt      65536 B c=150 round=2/3    7713.1 req/s
h1 full   httpx           1048576 B c=150 round=2/3     200.5 req/s
h1 stream wreq              65536 B c=100 round=2/3   16524.2 req/s
h1 stream wreq_st            1024 B c=100 round=2/3   20085.8 req/s
h1 full   ry              1048576 B c= 50 round=2/3    1575.1 req/s
h1 stream pyreqwest_mt      65536 B c=150 round=2/3    1835.3 req/s
h1 stream aiohttp           65536 B c= 50 round=2/3    5386.1 req/s
h1 full   pycurl          2097152 B c= 50 round=2/3     217.9 req/s
h1 stream curl_cffi_blocking  1048576 B c=100 round=2/3     175.4 req/s
h1 stream ry_blocking     4194304 B c=150 round=2/3     698.2 req/s
h1 stream ry                 1024 B c= 50 round=2/3    1635.8 req/s
h1 stream pyreqwest_mt    1048576 B c=100 round=2/3     582.1 req/s
h1 stream pyreqwest_mt    2097152 B c=150 round=2/3     512.6 req/s
h1 stream curl_cffi          1024 B c=100 round=2/3    4352.5 req/s
h1 full   pyreqwest_mt      65536 B c= 50 round=2/3    7446.9 req/s
h1 full   ry_blocking        1024 B c=150 round=2/3    6732.7 req/s
h1 full   ry_blocking     1048576 B c= 10 round=2/3    4851.4 req/s
h1 full   pyreqwest_mt    1048576 B c= 50 round=2/3    3386.1 req/s
h1 full   aiohttp         4194304 B c= 50 round=2/3     343.7 req/s
h1 stream pycurl          1048576 B c= 10 round=2/3     276.3 req/s
h1 full   wreq_st          131072 B c= 50 round=2/3    7675.2 req/s
h1 full   wreq_st           10240 B c= 50 round=2/3   44152.8 req/s
h1 stream niquests        1048576 B c= 10 round=2/3     531.5 req/s
h1 stream ry                65536 B c= 10 round=2/3     887.8 req/s
h1 stream pyreqwest_st      65536 B c= 50 round=2/3    1373.5 req/s
h1 full   ry_blocking       10240 B c=150 round=2/3    6828.2 req/s
h1 full   requests          65536 B c=100 round=2/3     943.8 req/s
h1 full   ry_blocking      131072 B c=100 round=2/3    7022.5 req/s
h1 full   requests        4194304 B c=150 round=2/3      54.2 req/s
h1 stream wreq            2097152 B c= 50 round=2/3    2013.0 req/s
h1 full   niquests_blocking     1024 B c=100 round=2/3    1439.2 req/s
h1 stream ry               131072 B c= 50 round=2/3    1027.9 req/s
h1 stream niquests         131072 B c=100 round=2/3    1409.3 req/s
h1 full   niquests          65536 B c= 50 round=2/3    2054.7 req/s
h1 stream requests          65536 B c=150 round=2/3     736.8 req/s
h1 stream niquests          10240 B c= 10 round=2/3    2099.5 req/s
h1 stream pyreqwest_st    1048576 B c=150 round=2/3     390.1 req/s
h1 stream pyreqwest_mt    2097152 B c=100 round=2/3     509.9 req/s
h1 full   aiohttp         1048576 B c=100 round=2/3    1420.5 req/s
h1 full   curl_cffi        131072 B c=100 round=2/3    2961.2 req/s
h1 full   pycurl            65536 B c= 10 round=2/3    4545.2 req/s
h1 full   pycurl           131072 B c= 10 round=2/3    2766.4 req/s
h1 stream wreq            1048576 B c= 50 round=2/3    4178.7 req/s
h1 stream ry_blocking      131072 B c= 10 round=2/3    3397.2 req/s
h1 full   aiohttp           65536 B c=150 round=2/3    6765.7 req/s
h1 stream httpx_blocking   131072 B c=150 round=2/3     594.7 req/s
h1 stream httpx_blocking  1048576 B c=100 round=2/3     136.3 req/s
h1 full   curl_cffi       2097152 B c= 10 round=2/3     351.0 req/s
h1 stream pyreqwest_mt    2097152 B c= 10 round=2/3     434.0 req/s
h1 stream aiohttp           10240 B c=150 round=2/3    7295.5 req/s
h1 full   httpx           1048576 B c= 10 round=2/3     516.3 req/s
h1 stream ry_blocking     2097152 B c= 50 round=2/3    1005.4 req/s
h1 stream niquests_blocking  1048576 B c= 10 round=2/3     153.8 req/s
h1 stream curl_cffi_blocking     1024 B c= 10 round=2/3     519.8 req/s
h1 full   httpx_blocking   131072 B c= 10 round=2/3     842.9 req/s
h1 full   httpx              1024 B c= 10 round=2/3    1587.2 req/s
h1 full   curl_cffi_blocking     1024 B c=150 round=2/3     547.6 req/s
h1 stream wreq            4194304 B c=150 round=2/3     891.2 req/s
h1 stream curl_cffi_blocking  4194304 B c=100 round=2/3      64.6 req/s
h1 full   wreq            2097152 B c= 50 round=2/3    2085.4 req/s
h1 full   ry_blocking     4194304 B c= 10 round=2/3     991.3 req/s
h1 stream wreq_blocking     10240 B c= 50 round=2/3     557.6 req/s
h1 stream ry_blocking       65536 B c= 50 round=2/3    3277.9 req/s
h1 stream ry              4194304 B c=150 round=2/3     270.9 req/s
h1 stream wreq_blocking   2097152 B c=100 round=2/3     313.9 req/s
h1 full   aiohttp         1048576 B c= 10 round=2/3    1396.9 req/s
h1 stream niquests          65536 B c= 50 round=2/3    1742.7 req/s
h1 full   wreq_blocking   2097152 B c=100 round=2/3     872.2 req/s
h1 stream pycurl            65536 B c=150 round=2/3    2294.0 req/s
h1 stream requests          65536 B c= 10 round=2/3     776.2 req/s
h1 full   niquests         131072 B c= 10 round=2/3    1825.5 req/s
h1 full   niquests_blocking   131072 B c= 10 round=2/3     817.5 req/s
h1 full   ry               131072 B c=150 round=2/3    2612.7 req/s
h1 full   pycurl             1024 B c= 50 round=2/3   11289.2 req/s
h1 full   wreq             131072 B c=150 round=2/3   28956.0 req/s
h1 full   wreq_st         1048576 B c= 50 round=2/3    1098.3 req/s
h1 stream requests          10240 B c=100 round=2/3    1232.6 req/s
h1 full   requests         131072 B c=100 round=2/3     763.5 req/s
h1 full   pyreqwest_mt    1048576 B c=100 round=2/3    3181.5 req/s
h1 stream wreq_st         1048576 B c=100 round=2/3     593.1 req/s
h1 full   curl_cffi_blocking  1048576 B c= 10 round=2/3     230.3 req/s
h1 stream wreq_st         2097152 B c=100 round=2/3     358.2 req/s
h1 full   curl_cffi_blocking  4194304 B c= 50 round=2/3      84.6 req/s
h1 full   pyreqwest_st      65536 B c=100 round=2/3    3786.4 req/s
h1 stream curl_cffi_blocking  2097152 B c=150 round=2/3     117.2 req/s
h1 full   curl_cffi_blocking  2097152 B c= 50 round=2/3     146.6 req/s
h1 full   ry_blocking     2097152 B c= 10 round=2/3    1863.4 req/s
h1 full   wreq              10240 B c= 50 round=2/3   69417.7 req/s
h1 stream ry               131072 B c= 10 round=2/3     899.3 req/s
h1 full   httpx            131072 B c= 10 round=2/3    1064.4 req/s
h1 stream curl_cffi_blocking  1048576 B c= 50 round=2/3     177.1 req/s
h1 stream httpx           2097152 B c=150 round=2/3     101.0 req/s
h1 full   pyreqwest_mt    2097152 B c= 50 round=2/3    1885.8 req/s
h1 full   curl_cffi         65536 B c=150 round=2/3    3752.7 req/s
h1 full   requests        1048576 B c=100 round=2/3     188.1 req/s
h1 stream requests           1024 B c=100 round=2/3    1257.8 req/s
h1 full   wreq            2097152 B c=100 round=2/3    1664.2 req/s
h1 full   curl_cffi         10240 B c=100 round=2/3    5244.7 req/s
h1 full   curl_cffi         65536 B c= 10 round=2/3    4468.7 req/s
h1 full   wreq_st            1024 B c=100 round=2/3   49715.3 req/s
h1 full   niquests_blocking     1024 B c= 50 round=2/3    1464.5 req/s
h1 full   wreq               1024 B c= 50 round=2/3   87496.2 req/s
h1 full   wreq            1048576 B c= 50 round=2/3    4280.2 req/s
h1 stream pyreqwest_mt    4194304 B c=100 round=2/3     416.1 req/s
h1 full   curl_cffi_blocking  2097152 B c=150 round=2/3     152.2 req/s
h1 full   pycurl          4194304 B c= 50 round=2/3     108.5 req/s
h1 stream wreq_blocking   4194304 B c=100 round=2/3     251.2 req/s
h1 full   wreq               1024 B c=100 round=2/3   70033.6 req/s
h1 stream ry_blocking       65536 B c=150 round=2/3    2996.8 req/s
h1 stream wreq_st           10240 B c= 10 round=2/3   13937.3 req/s
h1 stream curl_cffi_blocking    65536 B c=150 round=2/3     456.5 req/s
h1 full   niquests           1024 B c=100 round=2/3    2212.9 req/s
h1 full   wreq_st         1048576 B c=150 round=2/3    1048.1 req/s
h1 full   niquests_blocking  2097152 B c= 50 round=2/3     100.0 req/s
h1 stream niquests          65536 B c=150 round=2/3    1638.6 req/s
h1 stream curl_cffi_blocking    65536 B c= 10 round=2/3     449.8 req/s
h1 full   requests          65536 B c= 10 round=2/3     973.0 req/s
h1 stream wreq            2097152 B c=150 round=2/3    1746.8 req/s
h1 stream niquests          10240 B c=150 round=2/3    1508.7 req/s
h1 stream wreq_st           65536 B c=150 round=2/3    5596.0 req/s
h1 stream curl_cffi         65536 B c= 50 round=2/3    2722.4 req/s
h1 full   httpx             10240 B c=100 round=2/3     837.9 req/s
h1 stream httpx            131072 B c= 50 round=2/3     459.9 req/s
h1 stream httpx_blocking  2097152 B c= 50 round=2/3      81.8 req/s
h1 full   pycurl          1048576 B c= 50 round=2/3     419.1 req/s
h1 stream pycurl          4194304 B c=100 round=2/3      81.3 req/s
h1 stream niquests_blocking  4194304 B c=100 round=2/3      49.8 req/s
h1 full   curl_cffi         65536 B c=100 round=2/3    3972.9 req/s
h1 stream aiohttp           65536 B c=100 round=2/3    5319.9 req/s
h1 stream pycurl          2097152 B c=150 round=2/3     155.7 req/s
h1 full   pyreqwest_st    1048576 B c=150 round=2/3     914.3 req/s
h1 stream wreq_blocking     65536 B c=150 round=2/3     512.4 req/s
h1 full   pyreqwest_mt    2097152 B c= 10 round=2/3    1948.3 req/s
h1 stream ry              2097152 B c= 10 round=2/3     293.2 req/s
h1 stream curl_cffi_blocking  4194304 B c= 50 round=2/3      63.4 req/s
h1 stream wreq            2097152 B c=100 round=2/3    1769.4 req/s
h1 full   requests        2097152 B c= 50 round=2/3     102.4 req/s
h1 full   pycurl           131072 B c=150 round=2/3    2474.6 req/s
h1 stream wreq_st         2097152 B c=150 round=2/3     349.5 req/s
h1 stream wreq_st         4194304 B c= 10 round=2/3     237.2 req/s
h1 stream curl_cffi_blocking    10240 B c= 50 round=2/3     517.7 req/s
h1 stream aiohttp          131072 B c= 10 round=2/3    4682.4 req/s
h1 full   httpx            131072 B c=150 round=2/3     594.5 req/s
h1 full   niquests_blocking  4194304 B c=150 round=2/3      51.9 req/s
h1 full   pycurl             1024 B c=150 round=2/3    9134.2 req/s
h1 full   wreq             131072 B c= 50 round=2/3   30514.1 req/s
h1 stream wreq_blocking     65536 B c= 10 round=2/3     499.9 req/s
h1 full   niquests_blocking   131072 B c= 50 round=2/3     742.7 req/s
h1 full   niquests           1024 B c=150 round=2/3    2233.1 req/s
h1 stream niquests_blocking     1024 B c=150 round=2/3    1198.1 req/s
h1 stream requests        1048576 B c=100 round=2/3     152.6 req/s
h1 full   requests          10240 B c= 10 round=2/3    1444.6 req/s
h1 stream ry              1048576 B c=150 round=2/3     377.5 req/s
h1 full   curl_cffi_blocking  4194304 B c= 10 round=2/3      85.0 req/s
h1 full   wreq_st          131072 B c= 10 round=2/3    9723.2 req/s
h1 full   curl_cffi_blocking    10240 B c=150 round=2/3     543.8 req/s
h1 full   wreq_blocking    131072 B c= 50 round=2/3    3351.7 req/s
h1 full   wreq              65536 B c=150 round=2/3   44464.8 req/s
h1 stream niquests_blocking    65536 B c= 50 round=2/3     753.9 req/s
h1 stream httpx              1024 B c=100 round=2/3     705.1 req/s
h1 stream ry              2097152 B c=150 round=2/3     333.3 req/s
h1 full   aiohttp         2097152 B c=100 round=2/3     697.9 req/s
h1 stream wreq_blocking   2097152 B c= 50 round=2/3     311.7 req/s
h1 stream niquests_blocking    65536 B c= 10 round=2/3     746.2 req/s
h1 full   requests          10240 B c=150 round=2/3    1362.3 req/s
h1 full   wreq_blocking   4194304 B c=100 round=2/3     475.2 req/s
h1 stream pyreqwest_st       1024 B c= 10 round=2/3    2545.4 req/s
h1 stream httpx             10240 B c=150 round=2/3     668.3 req/s
h1 full   niquests          65536 B c= 10 round=2/3    2047.8 req/s
h1 full   pyreqwest_mt       1024 B c=100 round=2/3    7976.6 req/s
h1 full   curl_cffi        131072 B c= 10 round=2/3    2975.7 req/s
h1 stream wreq            1048576 B c= 10 round=2/3    3769.1 req/s
h1 full   requests           1024 B c= 10 round=2/3    1471.7 req/s
h1 stream wreq             131072 B c= 50 round=2/3   19154.6 req/s
h1 full   pyreqwest_mt      65536 B c=100 round=2/3    7617.6 req/s
h1 stream curl_cffi_blocking    10240 B c=100 round=2/3     520.3 req/s
h1 full   wreq              10240 B c=100 round=2/3   69447.0 req/s
h1 stream wreq_st            1024 B c= 10 round=2/3   15198.6 req/s
h1 stream ry_blocking       65536 B c=100 round=2/3    3098.6 req/s
h1 stream httpx_blocking  4194304 B c= 10 round=2/3      44.4 req/s
h1 full   niquests          10240 B c= 10 round=2/3    2275.9 req/s
h1 stream wreq_st         1048576 B c=150 round=2/3     542.6 req/s
h1 full   wreq_blocking     10240 B c=150 round=2/3    3296.3 req/s
h1 full   niquests_blocking    65536 B c=150 round=2/3     972.6 req/s
h1 stream niquests           1024 B c=150 round=2/3    2192.9 req/s
h1 stream aiohttp           10240 B c= 50 round=2/3    7321.6 req/s
h1 full   pyreqwest_mt     131072 B c= 10 round=2/3    6450.3 req/s
h1 full   aiohttp            1024 B c=100 round=2/3    8687.5 req/s
h1 stream httpx_blocking    10240 B c= 10 round=2/3    1547.1 req/s
h1 full   httpx             65536 B c=100 round=2/3     696.2 req/s
h1 full   pyreqwest_st    1048576 B c= 10 round=2/3    1057.7 req/s
h1 stream ry_blocking       10240 B c= 50 round=2/3    5021.1 req/s
h1 full   niquests_blocking  4194304 B c=100 round=2/3      53.0 req/s
h1 stream niquests_blocking   131072 B c=100 round=2/3     594.0 req/s
h1 stream niquests          65536 B c=100 round=2/3    1661.3 req/s
h1 full   wreq_blocking    131072 B c=100 round=2/3    3143.7 req/s
h1 stream httpx_blocking  1048576 B c= 10 round=2/3     137.8 req/s
h1 full   httpx             10240 B c=150 round=2/3     769.8 req/s
h1 stream wreq_st          131072 B c= 10 round=2/3    4733.3 req/s
h1 stream curl_cffi        131072 B c=150 round=2/3    2070.4 req/s
h1 full   ry                65536 B c=150 round=2/3    2590.3 req/s
h1 stream pyreqwest_st    4194304 B c=100 round=2/3     180.1 req/s
h1 stream httpx_blocking    65536 B c=150 round=2/3     736.8 req/s
h1 stream wreq_st         1048576 B c= 10 round=2/3     676.1 req/s
h1 stream httpx_blocking     1024 B c=150 round=2/3    1428.7 req/s
h1 full   httpx             65536 B c= 10 round=2/3    1378.0 req/s
h1 full   wreq_blocking     65536 B c=150 round=2/3    3068.1 req/s
h1 stream niquests          65536 B c= 10 round=2/3    1762.4 req/s
h1 stream ry_blocking       65536 B c= 10 round=2/3    3432.6 req/s
h1 stream ry              4194304 B c=100 round=2/3     272.0 req/s
h1 stream httpx             10240 B c= 50 round=2/3     746.2 req/s
h1 full   pycurl             1024 B c= 10 round=2/3   13489.1 req/s
h1 full   niquests        1048576 B c= 10 round=2/3     658.2 req/s
h1 full   ry              2097152 B c=100 round=2/3    1019.4 req/s
h1 stream curl_cffi       4194304 B c=100 round=2/3     129.2 req/s
h1 full   requests        1048576 B c=150 round=2/3     189.0 req/s
h1 full   pycurl            65536 B c= 50 round=2/3    4283.0 req/s
h1 stream ry                10240 B c=150 round=2/3    1652.2 req/s
h1 full   wreq_blocking     65536 B c= 10 round=2/3    3357.9 req/s
h1 full   curl_cffi         10240 B c= 10 round=2/3    5816.7 req/s
h1 full   httpx_blocking   131072 B c=100 round=2/3     817.0 req/s
h1 stream aiohttp         4194304 B c=150 round=2/3     420.6 req/s
h1 full   niquests        2097152 B c=150 round=2/3     421.4 req/s
h1 stream wreq               1024 B c= 10 round=2/3   16867.6 req/s
h1 stream requests         131072 B c= 10 round=2/3     647.0 req/s
h1 full   httpx_blocking     1024 B c= 50 round=2/3    1768.0 req/s
h1 full   wreq_st            1024 B c=150 round=2/3   47524.5 req/s
h1 stream aiohttp         4194304 B c=100 round=2/3     397.1 req/s
h1 stream aiohttp          131072 B c=150 round=2/3    4373.2 req/s
h1 stream httpx_blocking  4194304 B c=150 round=2/3      45.7 req/s
h1 full   wreq            1048576 B c=150 round=2/3    3724.5 req/s
h1 stream curl_cffi_blocking  2097152 B c= 10 round=2/3     114.8 req/s
h1 full   pyreqwest_mt       1024 B c= 10 round=2/3    7076.7 req/s
h1 stream pyreqwest_mt      10240 B c=150 round=2/3    3593.2 req/s
h1 full   pyreqwest_st     131072 B c=150 round=2/3    3290.2 req/s
h1 stream curl_cffi_blocking    65536 B c=100 round=2/3     455.5 req/s
h1 full   wreq             131072 B c=100 round=2/3   30595.7 req/s
h1 stream wreq               1024 B c= 50 round=2/3   25076.4 req/s
h1 full   pyreqwest_st    4194304 B c= 10 round=2/3     315.6 req/s
h1 stream wreq              65536 B c= 10 round=2/3   12315.0 req/s
h1 stream curl_cffi         65536 B c=150 round=2/3    2546.0 req/s
h1 full   niquests         131072 B c=100 round=2/3    1776.9 req/s
h1 stream curl_cffi_blocking    65536 B c= 50 round=2/3     459.8 req/s
h1 stream niquests_blocking  4194304 B c=150 round=2/3      49.6 req/s
h1 full   niquests_blocking  2097152 B c=150 round=2/3     101.5 req/s
h1 stream ry_blocking      131072 B c=100 round=2/3    3076.1 req/s
h1 stream ry_blocking     4194304 B c=100 round=2/3     733.7 req/s
h1 stream pycurl            65536 B c= 10 round=2/3    2490.8 req/s
h1 stream requests           1024 B c=150 round=2/3    1215.0 req/s
h1 full   ry              2097152 B c=150 round=2/3     961.4 req/s
h1 full   niquests        4194304 B c= 50 round=2/3     221.7 req/s
h1 stream ry_blocking      131072 B c=150 round=2/3    2935.3 req/s
h1 full   aiohttp            1024 B c=150 round=2/3    9272.0 req/s
h1 full   wreq_blocking   1048576 B c= 50 round=2/3    1531.5 req/s
h1 full   pycurl            10240 B c=150 round=2/3    9238.0 req/s
h1 stream pyreqwest_mt     131072 B c=100 round=2/3    1807.4 req/s
h1 full   aiohttp          131072 B c=150 round=2/3    6131.5 req/s
h1 full   aiohttp         4194304 B c= 10 round=2/3     380.1 req/s
h1 stream pyreqwest_mt       1024 B c=100 round=2/3    3418.5 req/s
h1 full   pyreqwest_st      65536 B c=150 round=2/3    3729.1 req/s
h1 full   wreq_blocking   2097152 B c= 50 round=2/3     941.7 req/s
h1 stream httpx           2097152 B c= 50 round=2/3     196.4 req/s
h1 stream httpx_blocking  1048576 B c=150 round=2/3     141.0 req/s
h1 full   niquests        4194304 B c=150 round=2/3     224.6 req/s
h1 full   pycurl          1048576 B c=100 round=2/3     416.4 req/s
h1 full   pyreqwest_mt    4194304 B c=100 round=2/3     895.6 req/s
h1 full   pyreqwest_st      65536 B c= 50 round=2/3    3872.9 req/s
h1 full   curl_cffi_blocking     1024 B c= 10 round=2/3     557.8 req/s
h1 stream wreq            1048576 B c=150 round=2/3    3579.7 req/s
h1 full   httpx_blocking  4194304 B c=100 round=2/3      48.2 req/s
h1 stream ry_blocking     4194304 B c= 10 round=2/3     993.5 req/s
h1 full   ry              1048576 B c= 10 round=2/3    1440.2 req/s
h1 stream niquests_blocking  1048576 B c= 50 round=2/3     146.8 req/s
h1 stream httpx_blocking   131072 B c= 10 round=2/3     589.3 req/s
h1 stream ry              2097152 B c=100 round=2/3     325.2 req/s
h1 stream pycurl            10240 B c=100 round=2/3    5741.1 req/s
h1 full   httpx_blocking    65536 B c= 10 round=2/3    1095.3 req/s
h1 full   pyreqwest_st       1024 B c= 10 round=2/3    4503.7 req/s
h1 full   niquests_blocking  2097152 B c=100 round=2/3     101.2 req/s
h1 full   curl_cffi_blocking   131072 B c= 50 round=2/3     475.0 req/s
h1 full   pyreqwest_mt     131072 B c= 50 round=2/3    7483.2 req/s
h1 full   niquests        4194304 B c= 10 round=2/3     209.3 req/s
h1 stream ry              1048576 B c= 50 round=2/3     377.7 req/s
h1 full   httpx              1024 B c=150 round=2/3     809.4 req/s
h1 stream pyreqwest_mt       1024 B c=150 round=2/3    3656.9 req/s
h1 stream wreq_st          131072 B c= 50 round=2/3    4415.5 req/s
h1 full   pyreqwest_mt     131072 B c=150 round=2/3    7421.7 req/s
h1 stream pyreqwest_mt      10240 B c= 50 round=2/3    3392.1 req/s
h1 full   niquests        1048576 B c=150 round=2/3     645.9 req/s
h1 full   aiohttp            1024 B c= 50 round=2/3    8454.5 req/s
h1 stream aiohttp          131072 B c=100 round=2/3    4113.2 req/s
h1 stream niquests_blocking   131072 B c= 10 round=2/3     656.8 req/s
h1 full   wreq_blocking   1048576 B c=100 round=2/3    1406.8 req/s
h1 full   wreq_st           65536 B c= 10 round=2/3   16440.0 req/s
h1 stream requests          10240 B c= 10 round=2/3    1322.5 req/s
h1 full   niquests_blocking    65536 B c=100 round=2/3     921.9 req/s
h1 stream pycurl           131072 B c= 50 round=2/3    1829.3 req/s
h1 full   curl_cffi_blocking  2097152 B c= 10 round=2/3     145.0 req/s
h1 full   aiohttp           65536 B c= 50 round=2/3    8001.6 req/s
h1 full   pyreqwest_mt    4194304 B c= 50 round=2/3     949.9 req/s
h1 full   ry_blocking       65536 B c=100 round=2/3    7176.0 req/s
h1 full   ry                10240 B c=100 round=2/3    2813.2 req/s
h1 full   curl_cffi_blocking  1048576 B c= 50 round=2/3     231.5 req/s
h1 full   pycurl          4194304 B c=100 round=2/3     113.2 req/s
h1 full   pycurl            10240 B c=100 round=2/3   10287.1 req/s
h1 stream curl_cffi       1048576 B c=100 round=2/3     450.4 req/s
h1 stream curl_cffi       1048576 B c= 50 round=2/3     454.2 req/s
h1 stream httpx             65536 B c= 10 round=2/3    1176.7 req/s
h1 stream pyreqwest_st    1048576 B c= 50 round=2/3     385.7 req/s
h1 stream ry              4194304 B c= 50 round=2/3     279.9 req/s
h1 stream httpx              1024 B c= 10 round=2/3    1356.8 req/s
h1 full   curl_cffi_blocking    10240 B c= 10 round=2/3     554.6 req/s
h1 full   curl_cffi       1048576 B c= 10 round=2/3     653.7 req/s
h1 stream wreq_blocking   2097152 B c=150 round=2/3     318.1 req/s
h1 full   wreq_blocking    131072 B c= 10 round=2/3    3335.4 req/s
h1 full   ry_blocking       10240 B c=100 round=2/3    7309.5 req/s
h1 stream httpx_blocking   131072 B c= 50 round=2/3     618.8 req/s
h1 full   niquests          65536 B c=150 round=2/3    2006.8 req/s
h1 full   niquests        2097152 B c= 50 round=2/3     403.2 req/s
h1 stream aiohttp           65536 B c= 10 round=2/3    5040.7 req/s
h1 full   wreq_st         2097152 B c=100 round=2/3     573.8 req/s
h1 full   wreq_st           65536 B c=100 round=2/3   16606.9 req/s
h1 full   pyreqwest_st    2097152 B c= 10 round=2/3     562.5 req/s
h1 stream httpx             65536 B c= 50 round=2/3     535.2 req/s
h1 full   pyreqwest_mt    4194304 B c= 10 round=2/3     970.2 req/s
h1 full   pyreqwest_st    4194304 B c= 50 round=2/3     319.9 req/s
h1 stream httpx_blocking    65536 B c= 50 round=2/3     763.9 req/s
h1 full   httpx           4194304 B c=150 round=2/3      78.9 req/s
h1 stream aiohttp            1024 B c=150 round=2/3    8379.7 req/s
h1 stream wreq             131072 B c=150 round=2/3   15960.1 req/s
h1 full   ry              4194304 B c= 10 round=2/3     567.0 req/s
h1 stream niquests        2097152 B c=150 round=2/3     370.8 req/s
h1 full   requests          65536 B c=150 round=2/3     962.0 req/s
h1 full   aiohttp         2097152 B c=150 round=2/3     655.3 req/s
h1 full   pyreqwest_st      65536 B c= 10 round=2/3    4045.7 req/s
h1 full   pyreqwest_mt      10240 B c= 50 round=2/3    7822.3 req/s
h1 stream niquests_blocking  4194304 B c= 50 round=2/3      49.3 req/s
h1 full   ry                10240 B c= 10 round=2/3    2400.2 req/s
h1 full   curl_cffi_blocking    65536 B c=150 round=2/3     510.4 req/s
h1 full   httpx_blocking    65536 B c=150 round=2/3    1079.1 req/s
h1 stream aiohttp         1048576 B c= 50 round=2/3     964.3 req/s
h1 full   pyreqwest_mt    4194304 B c=150 round=2/3     842.9 req/s
h1 stream curl_cffi       4194304 B c= 10 round=2/3     134.8 req/s
h1 full   wreq              65536 B c= 50 round=2/3   51213.9 req/s
h1 full   wreq_blocking   1048576 B c=150 round=2/3    1403.9 req/s
h1 full   wreq_st           65536 B c=150 round=2/3   15637.7 req/s
h1 stream aiohttp            1024 B c= 10 round=2/3    7272.4 req/s
h1 stream pyreqwest_st    1048576 B c= 10 round=2/3     387.6 req/s
h1 stream ry_blocking     1048576 B c=100 round=2/3    1182.0 req/s
h1 stream ry_blocking       10240 B c= 10 round=2/3    5361.6 req/s
h1 full   pycurl            65536 B c=150 round=2/3    3958.0 req/s
h1 stream pycurl            10240 B c= 10 round=2/3    6939.9 req/s
h1 full   ry_blocking      131072 B c=150 round=2/3    6330.5 req/s
h1 stream wreq_st            1024 B c= 50 round=2/3   24013.1 req/s
h1 stream httpx_blocking    65536 B c=100 round=2/3     743.5 req/s
h1 stream niquests          10240 B c= 50 round=2/3    2123.5 req/s
h1 stream ry_blocking     1048576 B c= 50 round=2/3    1190.7 req/s
h1 full   aiohttp         1048576 B c= 50 round=2/3    1363.7 req/s
h1 full   ry_blocking       65536 B c= 10 round=2/3    8813.3 req/s
h1 stream pyreqwest_st     131072 B c=100 round=2/3    1314.0 req/s
h1 stream curl_cffi          1024 B c=150 round=2/3    4579.9 req/s
h1 stream pyreqwest_mt     131072 B c= 50 round=2/3    1750.7 req/s
h1 stream requests        2097152 B c= 50 round=2/3      91.7 req/s
h1 full   requests           1024 B c= 50 round=2/3    1435.4 req/s
h1 stream niquests_blocking     1024 B c=100 round=2/3    1289.9 req/s
h1 stream ry                65536 B c=150 round=2/3    1037.6 req/s
h1 stream niquests_blocking    10240 B c= 10 round=2/3    1409.6 req/s
h1 full   niquests_blocking    10240 B c= 10 round=2/3    1571.5 req/s
h1 stream requests         131072 B c= 50 round=2/3     627.5 req/s
h1 full   httpx           4194304 B c= 50 round=2/3     138.8 req/s
h1 full   pycurl           131072 B c=100 round=2/3    2548.3 req/s
h1 stream wreq            4194304 B c=100 round=2/3     916.5 req/s
h1 stream niquests        1048576 B c=100 round=2/3     545.6 req/s
h1 stream wreq_blocking      1024 B c= 10 round=2/3     557.9 req/s
h1 stream pycurl          2097152 B c= 10 round=2/3     154.2 req/s
h1 stream httpx              1024 B c=150 round=2/3     638.5 req/s
h1 stream aiohttp            1024 B c=100 round=2/3    8228.6 req/s
h1 stream pyreqwest_mt    2097152 B c= 50 round=2/3     510.1 req/s
h1 stream wreq_st           10240 B c=150 round=2/3   15849.9 req/s
h1 stream pyreqwest_st    4194304 B c= 10 round=2/3     188.6 req/s
h1 full   ry_blocking     4194304 B c=150 round=2/3     855.6 req/s
h1 stream httpx_blocking     1024 B c=100 round=2/3    1449.1 req/s
h1 full   aiohttp           10240 B c=150 round=2/3    8248.5 req/s
h1 stream pyreqwest_mt      10240 B c= 10 round=2/3    2862.9 req/s
h1 full   requests          10240 B c= 50 round=2/3    1442.9 req/s
h1 full   ry                65536 B c= 50 round=2/3    2713.5 req/s
h1 full   aiohttp           10240 B c=100 round=2/3    8125.2 req/s
h1 full   ry                10240 B c=150 round=2/3    2940.5 req/s
h1 stream curl_cffi        131072 B c=100 round=2/3    2132.4 req/s
h1 stream wreq_st         4194304 B c=100 round=2/3     208.9 req/s
h1 stream requests        2097152 B c=150 round=2/3      91.6 req/s
h1 full   ry                 1024 B c=100 round=2/3    2830.4 req/s
h1 full   niquests_blocking     1024 B c=150 round=2/3    1431.1 req/s
h1 stream niquests_blocking   131072 B c= 50 round=2/3     614.9 req/s
h1 stream pycurl          1048576 B c=100 round=2/3     272.1 req/s
h1 full   pyreqwest_mt      65536 B c= 10 round=2/3    6613.0 req/s
h1 full   pyreqwest_st       1024 B c=150 round=2/3    4106.5 req/s
h1 stream wreq_st         4194304 B c=150 round=2/3     197.5 req/s
h1 full   pyreqwest_st      10240 B c=150 round=2/3    4085.1 req/s
h1 full   pycurl            65536 B c=100 round=2/3    4111.0 req/s
h1 stream curl_cffi_blocking  2097152 B c= 50 round=2/3     112.0 req/s
h1 full   httpx_blocking    10240 B c=150 round=2/3    1672.7 req/s
h1 full   wreq_st           10240 B c=100 round=2/3   45051.1 req/s
h1 stream wreq              65536 B c=150 round=2/3   19475.6 req/s
h1 stream wreq              10240 B c=150 round=2/3   25675.2 req/s
h1 stream pycurl          4194304 B c= 50 round=2/3      81.9 req/s
h1 stream pyreqwest_st      65536 B c= 10 round=2/3    1435.4 req/s
h1 full   pyreqwest_mt    2097152 B c=150 round=2/3    1790.3 req/s
h1 full   niquests        4194304 B c=100 round=2/3     213.2 req/s
h1 full   aiohttp         2097152 B c= 50 round=2/3     772.4 req/s
h1 stream aiohttp         1048576 B c=150 round=2/3    1042.1 req/s
h1 full   requests         131072 B c= 10 round=2/3     771.9 req/s
h1 stream curl_cffi_blocking  2097152 B c=100 round=2/3     104.3 req/s
h1 full   aiohttp         2097152 B c= 10 round=2/3     745.9 req/s
h1 full   pyreqwest_st    4194304 B c=100 round=2/3     286.5 req/s
h1 full   curl_cffi          1024 B c= 50 round=2/3    6133.0 req/s
h1 full   curl_cffi       1048576 B c=150 round=2/3     657.2 req/s
h1 stream curl_cffi         10240 B c= 50 round=2/3    4185.2 req/s
h1 stream requests        1048576 B c= 50 round=2/3     150.0 req/s
h1 stream pyreqwest_mt      65536 B c= 10 round=2/3    1517.0 req/s
h1 stream httpx             65536 B c=100 round=2/3     437.8 req/s
h1 full   curl_cffi_blocking  2097152 B c=100 round=2/3     145.2 req/s
h1 stream niquests_blocking  2097152 B c=150 round=2/3      90.6 req/s
h1 stream wreq             131072 B c= 10 round=2/3   11709.3 req/s
h1 full   curl_cffi       2097152 B c=100 round=2/3     327.5 req/s
h1 full   curl_cffi_blocking     1024 B c= 50 round=2/3     548.4 req/s
h1 stream curl_cffi         65536 B c=100 round=2/3    2661.6 req/s
h1 stream aiohttp         2097152 B c= 10 round=2/3     739.2 req/s
h1 full   aiohttp           10240 B c= 50 round=2/3    7796.8 req/s
h1 stream curl_cffi_blocking  1048576 B c=150 round=2/3     180.2 req/s
h1 full   wreq_st         4194304 B c= 10 round=2/3     319.4 req/s
h1 full   aiohttp         1048576 B c=150 round=2/3    1311.8 req/s
h1 full   wreq_blocking     10240 B c=100 round=2/3    3444.6 req/s
h1 stream curl_cffi_blocking  4194304 B c= 10 round=2/3      66.1 req/s
h1 full   niquests          10240 B c=100 round=2/3    2236.5 req/s
h1 full   httpx_blocking  1048576 B c= 10 round=2/3     174.3 req/s
h1 stream niquests_blocking  2097152 B c= 10 round=2/3      87.3 req/s
h1 full   pyreqwest_mt      10240 B c= 10 round=2/3    7219.4 req/s
h1 full   ry                 1024 B c= 10 round=2/3    2550.0 req/s
h1 full   aiohttp         4194304 B c=100 round=2/3     313.2 req/s
h1 full   ry_blocking     2097152 B c= 50 round=2/3    1903.1 req/s
h1 stream httpx_blocking  2097152 B c= 10 round=2/3      73.0 req/s
h1 stream pyreqwest_mt      10240 B c=100 round=2/3    3182.4 req/s
h1 full   httpx_blocking    65536 B c=100 round=2/3    1055.0 req/s
h1 stream wreq            4194304 B c= 10 round=2/3     924.4 req/s
h1 full   niquests           1024 B c= 50 round=2/3    2155.7 req/s
h1 stream wreq_blocking   1048576 B c= 10 round=2/3     346.9 req/s
h1 stream httpx           4194304 B c=150 round=2/3      72.0 req/s
h1 full   wreq_blocking     10240 B c= 10 round=2/3    3601.5 req/s
h1 stream ry                 1024 B c= 10 round=2/3    1454.0 req/s
h1 stream wreq_st         2097152 B c= 50 round=2/3     380.8 req/s
h1 full   pyreqwest_mt    1048576 B c=150 round=2/3    2929.9 req/s
h1 stream niquests        4194304 B c= 10 round=2/3     202.6 req/s
h1 stream wreq_blocking   1048576 B c=150 round=2/3     362.9 req/s
h1 full   aiohttp           10240 B c= 10 round=2/3    7470.0 req/s
h1 full   wreq_st         2097152 B c= 10 round=2/3     572.2 req/s
h1 stream curl_cffi       2097152 B c=100 round=2/3     224.3 req/s
h1 full   httpx           4194304 B c= 10 round=2/3     169.2 req/s
h1 stream wreq_blocking     65536 B c=100 round=2/3     516.4 req/s
h1 stream curl_cffi_blocking     1024 B c=150 round=2/3     520.8 req/s
h1 full   pyreqwest_st     131072 B c=100 round=2/3    3341.8 req/s
h1 full   wreq_st         4194304 B c= 50 round=2/3     312.0 req/s
h1 full   wreq_blocking   4194304 B c=150 round=2/3     501.0 req/s
h1 full   pycurl             1024 B c=100 round=2/3   10427.9 req/s
h1 full   wreq_st         1048576 B c= 10 round=2/3    1211.2 req/s
h1 stream pycurl          4194304 B c= 10 round=2/3      80.5 req/s
h1 full   httpx              1024 B c= 50 round=2/3     849.4 req/s
h1 full   wreq_st            1024 B c= 50 round=2/3   46382.5 req/s
h1 full   ry_blocking       65536 B c= 50 round=2/3    7882.3 req/s
h1 full   httpx_blocking  1048576 B c= 50 round=2/3     180.2 req/s
h1 stream ry                10240 B c= 50 round=2/3    1647.0 req/s
h1 stream ry_blocking     2097152 B c= 10 round=2/3    1107.9 req/s
h1 stream requests          65536 B c= 50 round=2/3     774.2 req/s
h1 full   wreq_blocking    131072 B c=150 round=2/3    2997.6 req/s
h1 stream ry_blocking     1048576 B c= 10 round=2/3    1242.2 req/s
h1 stream requests        1048576 B c= 10 round=2/3     155.3 req/s
h1 full   ry              4194304 B c=150 round=2/3     571.6 req/s
h1 stream wreq_blocking   1048576 B c=100 round=2/3     356.8 req/s
h1 full   pycurl           131072 B c= 50 round=2/3    2638.2 req/s
h1 stream curl_cffi       1048576 B c=150 round=2/3     429.0 req/s
h1 full   httpx            131072 B c= 50 round=2/3     599.5 req/s
h1 stream wreq               1024 B c=100 round=2/3   24665.2 req/s
h1 full   httpx           2097152 B c= 50 round=2/3     188.6 req/s
h1 full   ry_blocking     1048576 B c=150 round=2/3    3370.5 req/s
h1 stream wreq_st         4194304 B c= 50 round=2/3     215.4 req/s
h1 full   ry_blocking        1024 B c= 10 round=2/3    8953.8 req/s
h1 full   niquests_blocking     1024 B c= 10 round=2/3    1533.2 req/s
h1 full   niquests_blocking  1048576 B c= 50 round=2/3     187.3 req/s
h1 stream wreq_st          131072 B c=100 round=2/3    4386.5 req/s
h1 full   curl_cffi_blocking     1024 B c=100 round=2/3     553.0 req/s
h1 full   pyreqwest_st     131072 B c= 50 round=2/3    3198.0 req/s
h1 full   ry              1048576 B c=100 round=2/3    1577.2 req/s
h1 stream wreq            4194304 B c= 50 round=2/3     970.5 req/s
h1 stream pyreqwest_mt     131072 B c=150 round=2/3    1812.0 req/s
h1 stream requests         131072 B c=150 round=2/3     616.5 req/s
h1 stream wreq_st           65536 B c= 10 round=2/3    7303.2 req/s
h1 full   wreq_st            1024 B c= 10 round=2/3   26204.0 req/s
h1 full   wreq_blocking      1024 B c= 50 round=2/3    3586.1 req/s
h1 stream aiohttp         4194304 B c= 50 round=2/3     413.8 req/s
h1 full   ry                10240 B c= 50 round=2/3    2763.6 req/s
h1 full   wreq            4194304 B c=150 round=2/3     882.3 req/s
h1 stream curl_cffi       2097152 B c= 10 round=2/3     243.9 req/s
h1 stream wreq_blocking     65536 B c= 50 round=2/3     518.4 req/s
h1 stream wreq_blocking     10240 B c=150 round=2/3     536.4 req/s
h1 stream wreq_blocking     10240 B c=100 round=2/3     552.0 req/s
h1 stream requests        2097152 B c=100 round=2/3      93.1 req/s
h1 full   niquests_blocking    10240 B c=100 round=2/3    1441.4 req/s
h1 stream httpx_blocking  2097152 B c=150 round=2/3      83.7 req/s
h1 full   pyreqwest_st    2097152 B c=100 round=2/3     568.6 req/s
h1 full   ry               131072 B c= 10 round=2/3    2464.6 req/s
h1 full   pycurl          2097152 B c=150 round=2/3     213.8 req/s
h1 stream pyreqwest_st    2097152 B c=100 round=2/3     283.6 req/s
h1 full   ry_blocking       10240 B c= 10 round=2/3    8810.6 req/s
h1 full   wreq            4194304 B c=100 round=2/3     918.6 req/s
h1 full   curl_cffi_blocking    10240 B c= 50 round=2/3     557.5 req/s
h1 stream curl_cffi       2097152 B c=150 round=2/3     217.7 req/s
h1 full   pyreqwest_st       1024 B c=100 round=2/3    4343.3 req/s
h1 full   requests        4194304 B c= 50 round=2/3      53.9 req/s
h1 stream niquests           1024 B c= 50 round=2/3    2160.3 req/s
h1 full   curl_cffi       2097152 B c= 50 round=2/3     355.0 req/s
h1 stream wreq_blocking      1024 B c= 50 round=2/3     556.0 req/s
h1 stream pyreqwest_st     131072 B c= 50 round=2/3    1369.0 req/s
h1 full   httpx_blocking  2097152 B c= 10 round=2/3      93.9 req/s
h1 full   curl_cffi        131072 B c=150 round=2/3    2986.6 req/s
h1 stream niquests         131072 B c= 50 round=2/3    1404.8 req/s
h1 full   wreq_blocking   2097152 B c=150 round=2/3     878.5 req/s
h1 full   aiohttp         4194304 B c=150 round=2/3     375.9 req/s
h1 full   wreq_st           10240 B c=150 round=2/3   45393.4 req/s
h1 full   pyreqwest_st      10240 B c= 50 round=2/3    4190.4 req/s
h1 stream wreq_st         1048576 B c= 50 round=2/3     623.2 req/s
h1 stream httpx             10240 B c= 10 round=2/3    1280.8 req/s
h1 full   pycurl          4194304 B c=150 round=2/3     107.8 req/s
h1 stream wreq_blocking    131072 B c= 10 round=2/3     518.2 req/s
h1 full   pyreqwest_mt       1024 B c= 50 round=2/3    7814.2 req/s
h1 stream pyreqwest_st      65536 B c=100 round=2/3    1450.8 req/s
h1 full   requests        4194304 B c= 10 round=2/3      54.6 req/s
h1 stream curl_cffi        131072 B c= 10 round=2/3    2123.0 req/s
h1 full   ry_blocking        1024 B c= 50 round=2/3    7869.9 req/s
h1 full   ry_blocking       65536 B c=150 round=2/3    6668.1 req/s
h1 full   curl_cffi          1024 B c= 10 round=2/3    6049.4 req/s
h1 stream requests         131072 B c=100 round=2/3     612.3 req/s
h1 full   httpx           2097152 B c=100 round=2/3     143.3 req/s
h1 full   niquests         131072 B c=150 round=2/3    1712.5 req/s
h1 stream pycurl             1024 B c=100 round=2/3    6067.3 req/s
h1 stream niquests_blocking   131072 B c=150 round=2/3     618.2 req/s
h1 stream curl_cffi       2097152 B c= 50 round=2/3     248.9 req/s
h1 stream pyreqwest_st       1024 B c= 50 round=2/3    2632.1 req/s
h1 stream pycurl             1024 B c= 10 round=2/3    6792.9 req/s
h1 full   wreq_st           65536 B c= 50 round=2/3   17185.9 req/s
h1 stream wreq_st           10240 B c= 50 round=2/3   20660.7 req/s
h1 stream requests           1024 B c= 50 round=2/3    1282.1 req/s
h1 stream wreq             131072 B c=100 round=2/3   16732.2 req/s
h1 full   curl_cffi_blocking   131072 B c=100 round=2/3     472.1 req/s
h1 stream httpx_blocking    10240 B c=100 round=2/3    1445.5 req/s
h1 full   requests         131072 B c=150 round=2/3     739.1 req/s
h1 stream httpx_blocking  4194304 B c= 50 round=2/3      45.7 req/s
h1 stream pyreqwest_st    2097152 B c=150 round=2/3     280.9 req/s
h1 stream ry_blocking      131072 B c= 50 round=2/3    3300.8 req/s
h1 stream curl_cffi         10240 B c=150 round=2/3    4411.5 req/s
h1 stream pycurl             1024 B c= 50 round=2/3    6476.4 req/s
h1 stream curl_cffi         65536 B c= 10 round=2/3    2455.2 req/s
h1 full   wreq              65536 B c= 10 round=2/3   22879.1 req/s
h1 full   ry                65536 B c=100 round=2/3    2712.7 req/s
h1 stream wreq_st         2097152 B c= 10 round=2/3     389.0 req/s
h1 stream niquests_blocking     1024 B c= 50 round=2/3    1352.1 req/s
h1 full   httpx_blocking  2097152 B c=100 round=2/3      94.2 req/s
h1 full   ry              4194304 B c=100 round=2/3     590.3 req/s
h1 full   requests          10240 B c=100 round=2/3    1363.0 req/s
h1 full   pyreqwest_st    4194304 B c=150 round=2/3     299.4 req/s
h1 full   requests           1024 B c=150 round=2/3    1186.8 req/s
h1 full   niquests        2097152 B c= 10 round=2/3     406.8 req/s
h1 full   httpx             65536 B c=150 round=2/3     681.7 req/s
h1 full   requests           1024 B c=100 round=2/3    1377.3 req/s
h1 full   curl_cffi       2097152 B c=150 round=2/3     341.2 req/s
h1 stream aiohttp         4194304 B c= 10 round=2/3     413.0 req/s
h1 full   niquests_blocking   131072 B c=150 round=2/3     756.3 req/s
h1 full   httpx_blocking   131072 B c=150 round=2/3     807.6 req/s
h1 stream aiohttp            1024 B c= 50 round=2/3    8032.5 req/s
h1 stream requests        1048576 B c=150 round=2/3     155.4 req/s
h1 stream niquests_blocking     1024 B c= 10 round=2/3    1396.5 req/s
h1 stream ry_blocking     2097152 B c=150 round=2/3     946.9 req/s
h1 full   wreq              65536 B c=100 round=2/3   52541.8 req/s
h1 stream niquests        4194304 B c= 50 round=2/3     208.7 req/s
h1 full   requests        2097152 B c= 10 round=2/3     101.8 req/s
h1 stream ry_blocking        1024 B c= 50 round=2/3    4686.6 req/s
h1 full   ry               131072 B c= 50 round=2/3    2489.7 req/s
h1 full   httpx_blocking    10240 B c=100 round=2/3    1672.5 req/s
h1 full   ry_blocking      131072 B c= 10 round=2/3    8461.4 req/s
h1 stream niquests        1048576 B c= 50 round=2/3     531.7 req/s
h1 full   curl_cffi         65536 B c= 50 round=2/3    4696.4 req/s
h1 full   ry_blocking       10240 B c= 50 round=2/3    7964.4 req/s
h1 full   niquests         131072 B c= 50 round=2/3    1756.1 req/s
h1 stream curl_cffi_blocking   131072 B c= 10 round=2/3     420.7 req/s
h1 full   requests        2097152 B c=150 round=2/3     102.5 req/s
h1 stream curl_cffi_blocking  1048576 B c= 10 round=2/3     176.5 req/s
h1 stream aiohttp         1048576 B c= 10 round=2/3    1017.1 req/s
h1 full   ry_blocking      131072 B c= 50 round=2/3    7635.5 req/s
h1 stream wreq            2097152 B c= 10 round=2/3    2133.9 req/s
h1 full   wreq            4194304 B c= 50 round=2/3     985.9 req/s
h1 full   requests        4194304 B c=100 round=2/3      53.9 req/s
h1 stream aiohttp           10240 B c=100 round=2/3    7352.9 req/s
h1 stream httpx_blocking     1024 B c= 50 round=2/3    1462.8 req/s
h1 stream httpx_blocking  1048576 B c= 50 round=2/3     135.0 req/s
h1 full   httpx_blocking     1024 B c=100 round=2/3    1688.2 req/s
h1 stream requests        2097152 B c= 10 round=2/3      92.6 req/s
h1 stream curl_cffi          1024 B c= 50 round=2/3    4518.1 req/s
h1 stream requests           1024 B c= 10 round=2/3    1274.9 req/s
h1 stream pyreqwest_mt    1048576 B c= 10 round=2/3     462.7 req/s
h1 full   niquests_blocking    10240 B c=150 round=2/3    1190.6 req/s
h1 stream niquests           1024 B c= 10 round=2/3    2145.5 req/s
h1 stream curl_cffi_blocking    10240 B c=150 round=2/3     492.8 req/s
h1 stream pyreqwest_st     131072 B c= 10 round=2/3    1389.2 req/s
h1 full   pycurl          1048576 B c=150 round=2/3     400.6 req/s
h1 stream wreq               1024 B c=150 round=2/3   25644.4 req/s
h1 stream httpx             65536 B c=150 round=2/3     443.7 req/s
h1 stream aiohttp         2097152 B c= 50 round=2/3     735.8 req/s
h1 stream pyreqwest_st     131072 B c=150 round=2/3    1300.3 req/s
h1 stream httpx_blocking    10240 B c= 50 round=2/3    1450.0 req/s
h1 stream aiohttp         2097152 B c=100 round=2/3     701.2 req/s
h1 stream aiohttp           10240 B c= 10 round=2/3    6864.8 req/s
h1 full   pyreqwest_st      10240 B c=100 round=2/3    4660.1 req/s
h1 full   curl_cffi       1048576 B c= 50 round=2/3     677.2 req/s
h1 full   niquests_blocking    10240 B c= 50 round=2/3    1430.6 req/s
h1 stream wreq_blocking    131072 B c=150 round=2/3     486.3 req/s
h1 full   pyreqwest_st    1048576 B c= 50 round=2/3    1011.1 req/s
h1 stream curl_cffi_blocking     1024 B c=100 round=2/3     496.4 req/s
h1 full   curl_cffi        131072 B c= 50 round=2/3    3337.3 req/s
h1 full   curl_cffi_blocking    10240 B c=100 round=2/3     527.2 req/s
h1 stream pycurl            65536 B c=100 round=2/3    2188.4 req/s
h1 stream niquests_blocking  2097152 B c=100 round=2/3      90.3 req/s
h1 full   curl_cffi_blocking    65536 B c= 10 round=2/3     482.0 req/s
h1 stream ry_blocking        1024 B c=100 round=2/3    4563.1 req/s
h1 full   wreq            1048576 B c=100 round=2/3    3944.2 req/s
h1 stream pyreqwest_mt       1024 B c= 10 round=2/3    2867.3 req/s
h1 full   pycurl            10240 B c= 10 round=2/3   12071.1 req/s
h1 stream ry              1048576 B c= 10 round=2/3     311.9 req/s
h1 full   niquests          65536 B c=100 round=2/3    2026.6 req/s
h1 stream requests          65536 B c=100 round=2/3     732.1 req/s
h1 stream pyreqwest_mt    1048576 B c=150 round=2/3     589.8 req/s
h1 stream aiohttp         2097152 B c=150 round=2/3     733.9 req/s
h1 stream wreq_blocking   4194304 B c=150 round=2/3     255.8 req/s
h1 stream wreq_st           65536 B c=100 round=2/3    6461.3 req/s
h1 stream pyreqwest_st      10240 B c=150 round=2/3    2738.8 req/s
h1 full   ry_blocking     4194304 B c= 50 round=2/3     924.1 req/s
h1 stream ry                 1024 B c=100 round=2/3    1639.2 req/s
h1 full   httpx_blocking    65536 B c= 50 round=2/3    1125.1 req/s
h1 stream httpx_blocking    65536 B c= 10 round=2/3     775.2 req/s
h1 stream wreq_blocking     10240 B c= 10 round=2/3     553.9 req/s
h1 full   niquests           1024 B c= 10 round=2/3    2347.6 req/s
h1 full   wreq              10240 B c= 10 round=2/3   26436.8 req/s
h1 full   httpx             65536 B c= 50 round=2/3     710.0 req/s
h1 full   httpx_blocking     1024 B c= 10 round=2/3    1785.1 req/s
h1 stream ry_blocking     2097152 B c=100 round=2/3     958.4 req/s
h1 stream niquests_blocking  4194304 B c= 10 round=2/3      49.5 req/s
h1 full   httpx           1048576 B c=100 round=2/3     225.0 req/s
h1 stream pycurl          1048576 B c=150 round=2/3     276.8 req/s
h1 stream curl_cffi_blocking   131072 B c=150 round=2/3     417.9 req/s
h1 full   httpx             10240 B c= 50 round=2/3     859.7 req/s
h1 full   curl_cffi_blocking    65536 B c=100 round=2/3     476.1 req/s
h1 stream requests        4194304 B c=150 round=2/3      49.9 req/s
h1 stream httpx           4194304 B c= 10 round=2/3     153.6 req/s
h1 full   pycurl            10240 B c= 50 round=2/3   10703.4 req/s
h1 full   wreq_blocking   2097152 B c= 10 round=2/3     906.8 req/s
h1 full   pyreqwest_st      10240 B c= 10 round=2/3    4754.3 req/s
h1 full   requests        1048576 B c= 10 round=2/3     195.0 req/s
h1 full   niquests_blocking  1048576 B c=100 round=2/3     187.2 req/s
h1 full   curl_cffi_blocking   131072 B c=150 round=2/3     449.0 req/s
h1 full   ry              2097152 B c= 10 round=2/3     896.0 req/s
h1 full   curl_cffi_blocking  4194304 B c=100 round=2/3      79.9 req/s
h1 full   aiohttp          131072 B c= 10 round=2/3    6258.8 req/s
h1 stream pyreqwest_st    2097152 B c= 50 round=2/3     285.7 req/s
h1 stream pycurl          2097152 B c= 50 round=2/3     156.4 req/s
h1 stream curl_cffi       4194304 B c= 50 round=2/3     129.5 req/s
h1 stream ry              4194304 B c= 10 round=2/3     246.7 req/s
h1 stream wreq            1048576 B c=100 round=2/3    3664.8 req/s
h1 stream pyreqwest_st    1048576 B c=100 round=2/3     392.8 req/s
h1 full   curl_cffi       4194304 B c= 10 round=2/3     177.4 req/s
h1 stream pyreqwest_st      10240 B c= 10 round=2/3    2522.8 req/s
h1 full   ry              4194304 B c= 50 round=2/3     623.2 req/s
h1 full   httpx           2097152 B c=150 round=2/3     128.2 req/s
h1 full   httpx             10240 B c= 10 round=2/3    1392.0 req/s
h1 full   requests          65536 B c= 50 round=2/3     977.5 req/s
h1 full   wreq_st         2097152 B c=150 round=2/3     563.4 req/s
h1 full   wreq_blocking   4194304 B c= 10 round=2/3     555.9 req/s
h1 full   httpx_blocking  2097152 B c=150 round=2/3      97.0 req/s
h1 full   ry              2097152 B c= 50 round=2/3    1035.3 req/s
h1 stream requests        4194304 B c= 10 round=2/3      50.3 req/s
h1 stream niquests         131072 B c=150 round=2/3    1282.0 req/s
h1 stream requests          10240 B c= 50 round=2/3    1271.6 req/s
h1 stream wreq_blocking   4194304 B c= 50 round=2/3     257.3 req/s
h1 stream ry                65536 B c= 50 round=2/3    1031.5 req/s
h1 stream ry                 1024 B c=150 round=2/3    1670.3 req/s
h1 stream pyreqwest_mt      65536 B c= 50 round=2/3    1758.2 req/s
h1 full   ry              1048576 B c=150 round=2/3    1485.2 req/s
h1 stream pycurl          4194304 B c=150 round=2/3      82.8 req/s
h1 stream wreq_blocking      1024 B c=150 round=2/3     543.5 req/s
h1 full   niquests        1048576 B c= 50 round=2/3     700.8 req/s
h1 full   requests        1048576 B c= 50 round=2/3     189.3 req/s
h1 stream ry_blocking     4194304 B c= 50 round=2/3     746.8 req/s
h1 stream pyreqwest_st    2097152 B c= 10 round=2/3     291.5 req/s
h1 full   curl_cffi          1024 B c=100 round=2/3    4976.4 req/s
h1 stream wreq_blocking    131072 B c= 50 round=2/3     520.6 req/s
h1 full   wreq            1048576 B c= 10 round=2/3    5001.5 req/s
h1 stream httpx            131072 B c=100 round=2/3     411.8 req/s
h1 full   pycurl          2097152 B c=100 round=2/3     220.6 req/s
h1 full   pyreqwest_st    2097152 B c= 50 round=2/3     579.8 req/s
h1 full   niquests_blocking  4194304 B c= 50 round=2/3      52.7 req/s
h1 full   ry               131072 B c=100 round=2/3    2466.7 req/s
h1 stream ry_blocking        1024 B c= 10 round=2/3    5191.5 req/s
h1 stream curl_cffi_blocking    10240 B c= 10 round=2/3     515.9 req/s
h1 stream pycurl             1024 B c=150 round=2/3    5618.8 req/s
h1 full   pycurl          2097152 B c= 10 round=2/3     211.1 req/s
h1 full   pycurl          1048576 B c= 10 round=2/3     414.3 req/s
h1 full   wreq             131072 B c= 10 round=2/3   19414.4 req/s
h1 full   httpx_blocking     1024 B c=150 round=2/3    1678.2 req/s
h1 full   wreq_st         4194304 B c=150 round=2/3     297.5 req/s
h1 full   wreq               1024 B c=150 round=2/3   68115.4 req/s
h1 stream niquests           1024 B c=100 round=2/3    2176.4 req/s
h1 stream niquests_blocking  1048576 B c=150 round=2/3     153.0 req/s
h1 full   wreq_st           10240 B c= 10 round=2/3   24893.4 req/s
h1 stream niquests_blocking  2097152 B c= 50 round=2/3      88.2 req/s
h1 stream wreq              10240 B c= 10 round=2/3   15030.9 req/s
h1 full   wreq_blocking     10240 B c= 50 round=2/3    3537.3 req/s
h1 full   ry_blocking        1024 B c=100 round=2/3    7389.2 req/s
h1 stream curl_cffi          1024 B c= 10 round=2/3    3600.1 req/s
h1 stream niquests        2097152 B c= 10 round=2/3     363.3 req/s
h1 full   wreq_blocking      1024 B c=150 round=2/3    3265.0 req/s
h1 full   ry_blocking     4194304 B c=100 round=2/3     896.2 req/s
h1 full   niquests_blocking  1048576 B c=150 round=2/3     186.3 req/s
h1 stream wreq_blocking    131072 B c=100 round=2/3     497.2 req/s
h1 full   pyreqwest_st       1024 B c= 50 round=2/3    4376.3 req/s
h1 full   curl_cffi_blocking    65536 B c= 50 round=2/3     507.3 req/s
h1 stream ry_blocking        1024 B c=150 round=2/3    4425.9 req/s
h1 stream pyreqwest_st    4194304 B c=150 round=2/3     174.4 req/s
h1 stream niquests        4194304 B c=150 round=2/3     208.2 req/s
h1 full   niquests_blocking  2097152 B c= 10 round=2/3     101.7 req/s
h1 stream pycurl          2097152 B c=100 round=2/3     154.5 req/s
h1 full   pyreqwest_st    2097152 B c=150 round=2/3     569.7 req/s
h1 stream niquests        4194304 B c=100 round=2/3     196.7 req/s
h1 full   pyreqwest_mt    1048576 B c= 10 round=2/3    3285.4 req/s
h1 full   curl_cffi          1024 B c=150 round=2/3    6519.6 req/s
h1 full   aiohttp            1024 B c= 10 round=2/3    8038.7 req/s
h1 stream pyreqwest_mt    4194304 B c= 50 round=2/3     418.4 req/s
h1 stream pycurl            10240 B c= 50 round=2/3    6390.0 req/s
h1 stream wreq_st            1024 B c=150 round=2/3   13575.1 req/s
h1 full   curl_cffi_blocking   131072 B c= 10 round=2/3     474.5 req/s
h1 stream curl_cffi         10240 B c= 10 round=2/3    3481.3 req/s
h1 full   pyreqwest_mt      10240 B c=100 round=2/3    7574.7 req/s
h1 full   httpx           4194304 B c=100 round=2/3      83.4 req/s
h1 stream curl_cffi_blocking     1024 B c= 50 round=2/3     526.8 req/s
h1 full   niquests_blocking  1048576 B c= 10 round=2/3     191.4 req/s
h1 stream niquests_blocking    65536 B c=150 round=2/3     765.3 req/s
h1 stream ry               131072 B c=150 round=2/3    1017.4 req/s
h1 stream pycurl           131072 B c=150 round=2/3    1726.7 req/s
h1 stream curl_cffi         10240 B c=100 round=2/3    4264.9 req/s
h1 stream ry_blocking     1048576 B c=150 round=2/3    1103.8 req/s
h1 full   curl_cffi         10240 B c=150 round=2/3    5356.8 req/s
h1 full   ry_blocking     1048576 B c=100 round=2/3    3505.2 req/s
h1 stream ry              1048576 B c=100 round=2/3     374.4 req/s
h1 full   curl_cffi_blocking  1048576 B c=150 round=2/3     240.1 req/s
h1 full   ry                 1024 B c=150 round=2/3    2895.6 req/s
h1 stream curl_cffi        131072 B c= 50 round=2/3    2257.0 req/s
h1 stream wreq_blocking   4194304 B c= 10 round=2/3     260.0 req/s
h1 stream ry              2097152 B c= 50 round=2/3     322.0 req/s
h1 stream httpx            131072 B c= 10 round=2/3    1040.3 req/s
h1 full   ry                65536 B c= 10 round=2/3    2287.6 req/s
h1 full   wreq            4194304 B c= 10 round=2/3     832.0 req/s
h1 stream httpx           1048576 B c= 10 round=2/3     348.5 req/s
h1 full   niquests_blocking    65536 B c= 50 round=2/3    1007.4 req/s
h1 full   wreq_blocking     65536 B c=100 round=2/3    3221.1 req/s
h1 stream curl_cffi_blocking   131072 B c= 50 round=2/3     430.4 req/s
h1 full   wreq_blocking   4194304 B c= 50 round=2/3     535.9 req/s
h1 full   httpx_blocking  4194304 B c=150 round=2/3      50.3 req/s
h1 full   httpx_blocking  1048576 B c=150 round=2/3     181.3 req/s
h1 full   wreq_st          131072 B c=150 round=2/3    7675.8 req/s
h1 stream pyreqwest_mt    4194304 B c= 10 round=2/3     372.3 req/s
h1 stream httpx            131072 B c=150 round=2/3     404.5 req/s
h1 stream pyreqwest_mt      65536 B c=100 round=2/3    1827.6 req/s
h1 full   wreq_st          131072 B c=100 round=2/3    8345.2 req/s
h1 stream niquests        2097152 B c=100 round=2/3     357.9 req/s
h1 stream niquests          10240 B c=100 round=2/3    2179.8 req/s
h1 stream httpx           1048576 B c=100 round=2/3     177.2 req/s
h1 full   curl_cffi       1048576 B c=100 round=2/3     660.2 req/s
h1 full   httpx_blocking    10240 B c= 10 round=2/3    1795.6 req/s
h1 full   wreq              10240 B c=150 round=2/3   78695.5 req/s
h1 full   wreq_blocking      1024 B c=100 round=2/3    3462.8 req/s
h1 stream httpx_blocking  4194304 B c=100 round=2/3      44.8 req/s
h1 stream pyreqwest_mt     131072 B c= 10 round=2/3    1464.6 req/s
h1 full   wreq               1024 B c= 10 round=2/3   29053.2 req/s
h1 full   pyreqwest_mt       1024 B c=150 round=2/3    7978.3 req/s
h1 full   niquests          10240 B c=150 round=2/3    2340.0 req/s
h1 stream curl_cffi       4194304 B c=150 round=2/3     116.3 req/s
h1 stream ry_blocking       10240 B c=100 round=2/3    4837.3 req/s
h1 stream pycurl            65536 B c= 50 round=2/3    2508.9 req/s
h1 full   aiohttp           65536 B c= 10 round=2/3    7444.1 req/s
h1 stream httpx           4194304 B c=100 round=2/3      81.6 req/s
h1 full   niquests_blocking    65536 B c= 10 round=2/3    1060.5 req/s
h1 stream niquests         131072 B c= 10 round=2/3    1451.1 req/s
h1 full   curl_cffi         10240 B c= 50 round=2/3    6429.3 req/s
h1 full   pyreqwest_mt    2097152 B c=100 round=2/3    1841.9 req/s
h1 stream requests          10240 B c=150 round=2/3    1231.0 req/s
h1 full   pyreqwest_st     131072 B c= 10 round=2/3    3333.9 req/s
h1 stream httpx           4194304 B c= 50 round=2/3     130.7 req/s
h1 stream pyreqwest_st      10240 B c=100 round=2/3    2525.6 req/s
h1 full   wreq_st         4194304 B c=100 round=2/3     306.7 req/s
h1 full   ry_blocking     2097152 B c=150 round=2/3    1750.5 req/s
h1 full   httpx           1048576 B c= 50 round=2/3     263.1 req/s
h1 stream niquests_blocking  1048576 B c=100 round=2/3     152.3 req/s
h1 stream wreq_blocking      1024 B c=100 round=2/3     550.8 req/s
h1 stream pyreqwest_mt       1024 B c= 50 round=2/3    3442.3 req/s
h1 full   httpx_blocking     1024 B c=150 round=3/3    1685.8 req/s
h1 full   pyreqwest_mt    4194304 B c=100 round=3/3     901.1 req/s
h1 stream wreq_blocking      1024 B c=100 round=3/3     545.8 req/s
h1 stream curl_cffi        131072 B c=150 round=3/3    2118.9 req/s
h1 full   pyreqwest_st     131072 B c= 10 round=3/3    3381.5 req/s
h1 stream niquests          65536 B c= 50 round=3/3    1740.3 req/s
h1 stream wreq_blocking    131072 B c= 10 round=3/3     517.2 req/s
h1 stream aiohttp          131072 B c=100 round=3/3    4757.0 req/s
h1 full   httpx            131072 B c=150 round=3/3     549.8 req/s
h1 full   ry_blocking     2097152 B c= 10 round=3/3    2219.7 req/s
h1 stream ry_blocking       10240 B c= 50 round=3/3    5065.0 req/s
h1 stream pyreqwest_st      10240 B c= 50 round=3/3    2579.9 req/s
h1 stream requests           1024 B c=150 round=3/3    1211.4 req/s
h1 full   wreq_blocking   4194304 B c= 10 round=3/3     572.0 req/s
h1 stream ry                65536 B c=150 round=3/3    1033.8 req/s
h1 full   pyreqwest_st    2097152 B c= 10 round=3/3     566.4 req/s
h1 stream curl_cffi       1048576 B c= 50 round=3/3     433.6 req/s
h1 full   curl_cffi       1048576 B c= 10 round=3/3     653.7 req/s
h1 full   ry_blocking        1024 B c= 10 round=3/3    8876.2 req/s
h1 stream pyreqwest_mt       1024 B c=150 round=3/3    3544.8 req/s
h1 full   niquests        1048576 B c= 10 round=3/3     687.5 req/s
h1 stream wreq_st         4194304 B c=100 round=3/3     209.9 req/s
h1 stream pyreqwest_st       1024 B c=100 round=3/3    2689.4 req/s
h1 full   curl_cffi       2097152 B c=100 round=3/3     314.5 req/s
h1 full   pycurl            10240 B c=100 round=3/3   10324.1 req/s
h1 full   httpx            131072 B c= 10 round=3/3    1195.3 req/s
h1 full   niquests        1048576 B c=100 round=3/3     711.8 req/s
h1 stream pycurl            10240 B c=150 round=3/3    5625.6 req/s
h1 full   wreq_blocking    131072 B c= 50 round=3/3    3293.3 req/s
h1 stream wreq            4194304 B c=100 round=3/3     914.2 req/s
h1 stream niquests        1048576 B c= 10 round=3/3     489.1 req/s
h1 full   requests        2097152 B c=100 round=3/3     103.6 req/s
h1 full   wreq               1024 B c= 10 round=3/3   28422.0 req/s
h1 stream niquests         131072 B c=100 round=3/3    1399.1 req/s
h1 stream aiohttp         4194304 B c=100 round=3/3     388.0 req/s
h1 full   niquests          10240 B c= 10 round=3/3    2326.7 req/s
h1 full   wreq              65536 B c= 50 round=3/3   51342.5 req/s
h1 full   pyreqwest_st      65536 B c=100 round=3/3    3861.9 req/s
h1 stream ry_blocking       10240 B c=150 round=3/3    4553.8 req/s
h1 stream ry                65536 B c= 50 round=3/3    1035.1 req/s
h1 full   curl_cffi       2097152 B c= 50 round=3/3     358.6 req/s
h1 full   niquests        1048576 B c=150 round=3/3     717.3 req/s
h1 full   wreq_blocking     65536 B c= 50 round=3/3    3411.5 req/s
h1 full   httpx            131072 B c=100 round=3/3     621.7 req/s
h1 stream curl_cffi          1024 B c=100 round=3/3    4448.9 req/s
h1 stream niquests_blocking     1024 B c=100 round=3/3    1288.6 req/s
h1 full   aiohttp           65536 B c= 50 round=3/3    8109.1 req/s
h1 full   curl_cffi_blocking  1048576 B c=150 round=3/3     240.7 req/s
h1 stream wreq               1024 B c= 10 round=3/3   14868.1 req/s
h1 full   aiohttp         4194304 B c=100 round=3/3     356.6 req/s
h1 stream requests        2097152 B c= 50 round=3/3      89.3 req/s
h1 full   pyreqwest_mt     131072 B c=100 round=3/3    7207.1 req/s
h1 full   pyreqwest_mt    2097152 B c=100 round=3/3    1749.0 req/s
h1 stream pyreqwest_mt      65536 B c=150 round=3/3    1849.3 req/s
h1 full   aiohttp         2097152 B c=150 round=3/3     786.3 req/s
h1 stream niquests_blocking    65536 B c= 50 round=3/3     772.1 req/s
h1 full   wreq_blocking     65536 B c=150 round=3/3    3056.4 req/s
h1 stream pyreqwest_mt    4194304 B c=100 round=3/3     418.9 req/s
h1 stream httpx_blocking  2097152 B c= 10 round=3/3      82.1 req/s
h1 stream pyreqwest_mt      65536 B c=100 round=3/3    1842.7 req/s
h1 full   curl_cffi_blocking  4194304 B c= 10 round=3/3      85.6 req/s
h1 full   niquests          65536 B c=100 round=3/3    2042.7 req/s
h1 stream pyreqwest_mt    2097152 B c=100 round=3/3     524.2 req/s
h1 full   niquests        2097152 B c=150 round=3/3     410.5 req/s
h1 full   niquests_blocking   131072 B c=150 round=3/3     759.9 req/s
h1 stream pyreqwest_st    2097152 B c=150 round=3/3     280.8 req/s
h1 stream pyreqwest_st    4194304 B c=150 round=3/3     174.8 req/s
h1 stream curl_cffi       4194304 B c= 50 round=3/3     129.1 req/s
h1 stream wreq            2097152 B c= 10 round=3/3    2105.4 req/s
h1 full   ry              2097152 B c=100 round=3/3     989.5 req/s
h1 stream ry              1048576 B c=150 round=3/3     380.0 req/s
h1 full   pyreqwest_st      65536 B c=150 round=3/3    3487.8 req/s
h1 stream pycurl             1024 B c= 10 round=3/3    6678.6 req/s
h1 full   wreq_st         2097152 B c=100 round=3/3     570.8 req/s
h1 stream ry_blocking        1024 B c=150 round=3/3    4505.7 req/s
h1 full   pyreqwest_mt    4194304 B c=150 round=3/3     822.6 req/s
h1 full   requests          10240 B c= 10 round=3/3    1462.1 req/s
h1 stream wreq_st         2097152 B c= 10 round=3/3     391.7 req/s
h1 stream wreq_st         4194304 B c=150 round=3/3     201.7 req/s
h1 stream niquests          10240 B c=150 round=3/3    2272.8 req/s
h1 full   wreq             131072 B c= 10 round=3/3   19827.7 req/s
h1 full   wreq_st         1048576 B c=150 round=3/3     927.0 req/s
h1 full   pycurl          4194304 B c= 10 round=3/3     107.4 req/s
h1 full   pyreqwest_mt    2097152 B c= 50 round=3/3    1947.6 req/s
h1 full   curl_cffi       4194304 B c= 50 round=3/3     172.3 req/s
h1 full   curl_cffi       1048576 B c=100 round=3/3     656.3 req/s
h1 full   wreq_blocking     65536 B c=100 round=3/3    3240.8 req/s
h1 stream wreq_blocking   4194304 B c=150 round=3/3     253.7 req/s
h1 stream ry                 1024 B c= 50 round=3/3    1658.0 req/s
h1 stream httpx_blocking    10240 B c=100 round=3/3    1457.5 req/s
h1 full   niquests_blocking    10240 B c= 10 round=3/3    1550.1 req/s
h1 full   ry                 1024 B c=150 round=3/3    2847.0 req/s
h1 stream curl_cffi_blocking  1048576 B c= 10 round=3/3     177.1 req/s
h1 stream pycurl           131072 B c=150 round=3/3    1685.6 req/s
h1 full   wreq_blocking      1024 B c=100 round=3/3    3435.1 req/s
h1 full   requests          65536 B c=150 round=3/3     934.6 req/s
h1 stream ry_blocking     2097152 B c= 10 round=3/3    1026.9 req/s
h1 full   niquests_blocking  2097152 B c=100 round=3/3     101.7 req/s
h1 full   ry_blocking     1048576 B c= 10 round=3/3    4585.7 req/s
h1 full   curl_cffi_blocking  1048576 B c= 50 round=3/3     232.2 req/s
h1 stream wreq            2097152 B c= 50 round=3/3    1905.2 req/s
h1 stream ry_blocking     2097152 B c=150 round=3/3     917.4 req/s
h1 full   niquests_blocking     1024 B c= 50 round=3/3    1504.9 req/s
h1 stream aiohttp         4194304 B c= 10 round=3/3     389.3 req/s
h1 full   pyreqwest_mt    1048576 B c= 50 round=3/3    3294.2 req/s
h1 full   pycurl            65536 B c= 50 round=3/3    4236.4 req/s
h1 full   niquests           1024 B c= 10 round=3/3    2363.1 req/s
h1 stream curl_cffi       2097152 B c=150 round=3/3     221.9 req/s
h1 stream httpx_blocking     1024 B c=150 round=3/3    1405.7 req/s
h1 full   httpx_blocking  2097152 B c= 50 round=3/3      94.9 req/s
h1 full   ry               131072 B c= 50 round=3/3    2681.7 req/s
h1 stream pyreqwest_st    1048576 B c= 10 round=3/3     390.7 req/s
h1 stream httpx_blocking    10240 B c= 10 round=3/3    1496.5 req/s
h1 full   pycurl          2097152 B c=100 round=3/3     213.7 req/s
h1 stream wreq_blocking      1024 B c=150 round=3/3     547.7 req/s
h1 full   wreq              10240 B c= 50 round=3/3   89475.6 req/s
h1 stream ry_blocking        1024 B c=100 round=3/3    4757.6 req/s
h1 stream niquests          10240 B c= 10 round=3/3    2033.8 req/s
h1 stream niquests          65536 B c= 10 round=3/3    1719.1 req/s
h1 stream pyreqwest_mt      10240 B c= 50 round=3/3    3356.1 req/s
h1 stream pyreqwest_st     131072 B c=150 round=3/3    1286.0 req/s
h1 stream pycurl          4194304 B c= 50 round=3/3      82.7 req/s
h1 full   niquests        4194304 B c=100 round=3/3     210.5 req/s
h1 stream wreq_blocking   2097152 B c= 10 round=3/3     321.6 req/s
h1 full   pycurl             1024 B c=100 round=3/3   10162.8 req/s
h1 stream wreq_blocking    131072 B c= 50 round=3/3     520.0 req/s
h1 stream niquests           1024 B c=100 round=3/3    2075.2 req/s
h1 full   pycurl          1048576 B c=100 round=3/3     417.3 req/s
h1 stream pyreqwest_mt    4194304 B c= 10 round=3/3     372.2 req/s
h1 stream httpx              1024 B c= 50 round=3/3     736.6 req/s
h1 full   wreq_blocking   2097152 B c= 10 round=3/3     945.2 req/s
h1 full   httpx           2097152 B c=150 round=3/3     133.5 req/s
h1 full   curl_cffi_blocking    65536 B c=150 round=3/3     488.5 req/s
h1 full   wreq_st         1048576 B c= 50 round=3/3    1115.1 req/s
h1 stream ry                 1024 B c=100 round=3/3    1664.6 req/s
h1 full   curl_cffi         10240 B c= 10 round=3/3    5687.8 req/s
h1 full   wreq_blocking     10240 B c= 50 round=3/3    3610.7 req/s
h1 stream pycurl          1048576 B c=100 round=3/3     277.3 req/s
h1 full   httpx_blocking  2097152 B c=150 round=3/3      96.2 req/s
h1 stream niquests_blocking   131072 B c= 10 round=3/3     663.1 req/s
h1 full   curl_cffi_blocking  1048576 B c= 10 round=3/3     232.1 req/s
h1 stream curl_cffi       4194304 B c= 10 round=3/3     133.2 req/s
h1 stream pyreqwest_mt     131072 B c=150 round=3/3    1814.4 req/s
h1 stream pyreqwest_mt    1048576 B c=150 round=3/3     584.3 req/s
h1 full   wreq_st           65536 B c=150 round=3/3   15985.8 req/s
h1 full   wreq            2097152 B c= 50 round=3/3    2124.1 req/s
h1 stream httpx_blocking  1048576 B c=150 round=3/3     140.5 req/s
h1 stream niquests          10240 B c= 50 round=3/3    2088.1 req/s
h1 stream httpx_blocking  2097152 B c=150 round=3/3      83.3 req/s
h1 full   pycurl           131072 B c=150 round=3/3    2461.5 req/s
h1 full   requests          10240 B c=150 round=3/3    1315.1 req/s
h1 full   wreq            4194304 B c= 50 round=3/3     972.3 req/s
h1 stream httpx_blocking   131072 B c=150 round=3/3     593.7 req/s
h1 stream niquests_blocking  1048576 B c= 10 round=3/3     153.6 req/s
h1 full   wreq              10240 B c=100 round=3/3   72323.9 req/s
h1 full   curl_cffi        131072 B c=150 round=3/3    2885.2 req/s
h1 stream requests        2097152 B c=100 round=3/3      93.1 req/s
h1 full   wreq_st         4194304 B c= 10 round=3/3     322.6 req/s
h1 stream niquests        2097152 B c= 50 round=3/3     356.1 req/s
h1 full   pyreqwest_mt      65536 B c=150 round=3/3    7736.9 req/s
h1 stream wreq            4194304 B c=150 round=3/3     842.1 req/s
h1 full   pyreqwest_mt    2097152 B c=150 round=3/3    1705.4 req/s
h1 full   ry_blocking        1024 B c=150 round=3/3    6857.1 req/s
h1 stream wreq_blocking   2097152 B c=100 round=3/3     314.4 req/s
h1 stream niquests_blocking   131072 B c=150 round=3/3     615.8 req/s
h1 full   wreq            4194304 B c=100 round=3/3     925.7 req/s
h1 stream pycurl            10240 B c=100 round=3/3    5858.2 req/s
h1 stream httpx            131072 B c= 50 round=3/3     454.9 req/s
h1 full   curl_cffi_blocking     1024 B c=100 round=3/3     555.3 req/s
h1 stream wreq            2097152 B c=100 round=3/3    1825.7 req/s
h1 full   curl_cffi_blocking    65536 B c= 10 round=3/3     506.9 req/s
h1 full   httpx             65536 B c=150 round=3/3     674.5 req/s
h1 stream wreq              65536 B c= 10 round=3/3   11824.0 req/s
h1 stream pycurl          4194304 B c=100 round=3/3      81.3 req/s
h1 full   wreq_st          131072 B c= 10 round=3/3    9656.7 req/s
h1 stream pyreqwest_st     131072 B c=100 round=3/3    1316.0 req/s
h1 stream wreq_st            1024 B c=100 round=3/3   21293.6 req/s
h1 stream curl_cffi_blocking     1024 B c=100 round=3/3     516.8 req/s
h1 stream curl_cffi_blocking    65536 B c= 50 round=3/3     457.0 req/s
h1 full   ry                 1024 B c= 50 round=3/3    2787.2 req/s
h1 full   wreq            2097152 B c= 10 round=3/3    2388.1 req/s
h1 full   aiohttp          131072 B c= 10 round=3/3    6146.9 req/s
h1 full   ry_blocking      131072 B c= 10 round=3/3    8559.7 req/s
h1 full   pyreqwest_st    4194304 B c= 50 round=3/3     328.4 req/s
h1 stream pyreqwest_mt    4194304 B c= 50 round=3/3     411.9 req/s
h1 stream curl_cffi       2097152 B c= 50 round=3/3     248.1 req/s
h1 stream curl_cffi         10240 B c=100 round=3/3    4193.7 req/s
h1 full   aiohttp           65536 B c=150 round=3/3    6947.1 req/s
h1 full   aiohttp           10240 B c= 10 round=3/3    7918.2 req/s
h1 full   httpx_blocking    10240 B c=150 round=3/3    1663.1 req/s
h1 full   pycurl          4194304 B c=100 round=3/3     109.5 req/s
h1 stream curl_cffi_blocking    65536 B c=150 round=3/3     452.1 req/s
h1 full   pyreqwest_mt      65536 B c= 10 round=3/3    6839.7 req/s
h1 stream niquests_blocking  2097152 B c= 10 round=3/3      90.3 req/s
h1 stream wreq_blocking      1024 B c= 10 round=3/3     552.5 req/s
h1 full   niquests_blocking  1048576 B c=100 round=3/3     185.7 req/s
h1 full   wreq            2097152 B c=100 round=3/3    1960.5 req/s
h1 stream ry                10240 B c= 10 round=3/3    1434.8 req/s
h1 full   ry               131072 B c=100 round=3/3    2607.1 req/s
h1 stream wreq_st         1048576 B c=150 round=3/3     590.6 req/s
h1 full   niquests           1024 B c= 50 round=3/3    2353.8 req/s
h1 stream requests         131072 B c= 50 round=3/3     617.4 req/s
h1 stream pycurl             1024 B c= 50 round=3/3    6486.4 req/s
h1 full   curl_cffi_blocking     1024 B c= 10 round=3/3     554.9 req/s
h1 stream niquests        4194304 B c=100 round=3/3     208.1 req/s
h1 full   aiohttp         1048576 B c= 50 round=3/3    1346.3 req/s
h1 full   pyreqwest_mt      65536 B c= 50 round=3/3    7582.6 req/s
h1 stream curl_cffi         10240 B c= 10 round=3/3    3474.8 req/s
h1 stream aiohttp         2097152 B c=150 round=3/3     768.7 req/s
h1 full   httpx_blocking    10240 B c= 50 round=3/3    1741.8 req/s
h1 full   httpx_blocking  4194304 B c=150 round=3/3      50.1 req/s
h1 stream pycurl            10240 B c= 50 round=3/3    6366.5 req/s
h1 full   pyreqwest_mt     131072 B c= 50 round=3/3    7384.7 req/s
h1 stream aiohttp          131072 B c= 50 round=3/3    4532.1 req/s
h1 full   ry_blocking     2097152 B c= 50 round=3/3    1911.9 req/s
h1 stream ry                10240 B c=150 round=3/3    1670.2 req/s
h1 stream wreq_st           10240 B c= 50 round=3/3   18756.6 req/s
h1 stream aiohttp            1024 B c= 50 round=3/3    7348.7 req/s
h1 stream niquests_blocking   131072 B c= 50 round=3/3     627.0 req/s
h1 full   requests          10240 B c=100 round=3/3    1349.2 req/s
h1 stream httpx_blocking    65536 B c=150 round=3/3     741.7 req/s
h1 full   httpx           4194304 B c= 50 round=3/3     136.9 req/s
h1 stream curl_cffi       2097152 B c=100 round=3/3     225.1 req/s
h1 stream curl_cffi_blocking    65536 B c=100 round=3/3     457.3 req/s
h1 full   ry                65536 B c= 50 round=3/3    2720.0 req/s
h1 full   ry_blocking     4194304 B c= 10 round=3/3    1034.2 req/s
h1 full   curl_cffi       2097152 B c= 10 round=3/3     343.9 req/s
h1 full   aiohttp         4194304 B c= 10 round=3/3     376.6 req/s
h1 stream pyreqwest_st       1024 B c= 50 round=3/3    2516.2 req/s
h1 full   niquests          10240 B c=100 round=3/3    2263.3 req/s
h1 stream niquests_blocking  2097152 B c=100 round=3/3      91.2 req/s
h1 full   httpx_blocking  4194304 B c= 50 round=3/3      49.4 req/s
h1 stream aiohttp         2097152 B c= 10 round=3/3     717.6 req/s
h1 stream httpx_blocking   131072 B c=100 round=3/3     609.3 req/s
h1 full   httpx_blocking   131072 B c=150 round=3/3     792.4 req/s
h1 stream niquests_blocking   131072 B c=100 round=3/3     634.2 req/s
h1 full   curl_cffi       2097152 B c=150 round=3/3     331.0 req/s
h1 stream curl_cffi       2097152 B c= 10 round=3/3     245.5 req/s
h1 stream niquests         131072 B c= 10 round=3/3    1480.8 req/s
h1 full   wreq_st           10240 B c= 10 round=3/3   25087.2 req/s
h1 stream ry                10240 B c= 50 round=3/3    1681.0 req/s
h1 stream wreq_st            1024 B c=150 round=3/3   19458.6 req/s
h1 full   pyreqwest_mt      10240 B c= 10 round=3/3    7283.5 req/s
h1 stream pyreqwest_st    2097152 B c=100 round=3/3     283.3 req/s
h1 full   wreq_blocking   1048576 B c=100 round=3/3    1425.9 req/s
h1 stream ry_blocking     1048576 B c=150 round=3/3    1138.2 req/s
h1 stream niquests           1024 B c= 50 round=3/3    2189.2 req/s
h1 full   curl_cffi_blocking  2097152 B c=150 round=3/3     153.3 req/s
h1 stream curl_cffi_blocking  4194304 B c= 50 round=3/3      65.7 req/s
h1 stream curl_cffi          1024 B c=150 round=3/3    4338.9 req/s
h1 full   ry                10240 B c=100 round=3/3    2843.2 req/s
h1 full   aiohttp           10240 B c=150 round=3/3    8613.3 req/s
h1 full   wreq             131072 B c=150 round=3/3   29894.1 req/s
h1 stream wreq_blocking   4194304 B c= 50 round=3/3     257.7 req/s
h1 full   pycurl          2097152 B c= 10 round=3/3     214.1 req/s
h1 full   ry_blocking        1024 B c=100 round=3/3    7343.2 req/s
h1 stream wreq_blocking      1024 B c= 50 round=3/3     560.1 req/s
h1 full   ry_blocking     2097152 B c=100 round=3/3    1868.0 req/s
h1 stream niquests          65536 B c=150 round=3/3    1718.1 req/s
h1 stream wreq_st         1048576 B c= 50 round=3/3     625.2 req/s
h1 stream pyreqwest_mt      10240 B c=100 round=3/3    3556.2 req/s
h1 stream aiohttp          131072 B c=150 round=3/3    4202.6 req/s
h1 stream wreq              10240 B c= 10 round=3/3   16501.7 req/s
h1 full   aiohttp            1024 B c= 50 round=3/3    8590.6 req/s
h1 stream aiohttp            1024 B c= 10 round=3/3    7320.5 req/s
h1 stream curl_cffi         65536 B c=100 round=3/3    2687.2 req/s
h1 full   ry_blocking     1048576 B c= 50 round=3/3    4061.0 req/s
h1 stream wreq_st          131072 B c=100 round=3/3    4295.9 req/s
h1 stream curl_cffi_blocking  4194304 B c=150 round=3/3      67.9 req/s
h1 full   niquests           1024 B c=150 round=3/3    2336.5 req/s
h1 full   httpx_blocking  1048576 B c= 10 round=3/3     176.1 req/s
h1 stream curl_cffi         65536 B c= 50 round=3/3    2704.9 req/s
h1 full   httpx             10240 B c= 10 round=3/3    1483.4 req/s
h1 stream httpx_blocking    10240 B c=150 round=3/3    1369.3 req/s
h1 full   pyreqwest_st    1048576 B c= 10 round=3/3     997.6 req/s
h1 full   httpx           1048576 B c= 10 round=3/3     511.0 req/s
h1 full   requests          65536 B c= 50 round=3/3     976.2 req/s
h1 stream pyreqwest_st    2097152 B c= 10 round=3/3     284.5 req/s
h1 full   pycurl          1048576 B c= 50 round=3/3     419.0 req/s
h1 full   pyreqwest_st    1048576 B c= 50 round=3/3     970.2 req/s
h1 full   httpx_blocking  4194304 B c=100 round=3/3      48.2 req/s
h1 full   pyreqwest_mt       1024 B c= 50 round=3/3    7926.2 req/s
h1 stream pyreqwest_mt       1024 B c=100 round=3/3    3544.6 req/s
h1 full   pycurl             1024 B c=150 round=3/3    9405.2 req/s
h1 full   httpx           2097152 B c= 10 round=3/3     305.0 req/s
h1 stream aiohttp            1024 B c=150 round=3/3    7921.7 req/s
h1 full   ry              4194304 B c= 10 round=3/3     577.4 req/s
h1 stream httpx_blocking  4194304 B c=150 round=3/3      46.3 req/s
h1 full   pyreqwest_st      10240 B c= 50 round=3/3    4212.7 req/s
h1 stream requests        2097152 B c= 10 round=3/3      92.1 req/s
h1 stream wreq_st         4194304 B c= 50 round=3/3     215.1 req/s
h1 full   pyreqwest_st       1024 B c=100 round=3/3    4258.8 req/s
h1 stream wreq_blocking     65536 B c= 50 round=3/3     515.2 req/s
h1 full   niquests_blocking  4194304 B c=100 round=3/3      53.5 req/s
h1 stream wreq            4194304 B c= 50 round=3/3     988.2 req/s
h1 full   curl_cffi_blocking    10240 B c= 10 round=3/3     552.4 req/s
h1 full   wreq_blocking      1024 B c= 50 round=3/3    3616.5 req/s
h1 stream wreq_st          131072 B c= 50 round=3/3    4704.3 req/s
h1 full   ry               131072 B c=150 round=3/3    2600.6 req/s
h1 full   pyreqwest_st      65536 B c= 50 round=3/3    3791.4 req/s
h1 stream pycurl          4194304 B c=150 round=3/3      82.6 req/s
h1 full   ry_blocking       10240 B c= 50 round=3/3    7856.3 req/s
h1 stream httpx           1048576 B c=100 round=3/3     163.9 req/s
h1 full   requests        4194304 B c=100 round=3/3      54.3 req/s
h1 stream curl_cffi       1048576 B c= 10 round=3/3     421.2 req/s
h1 stream curl_cffi         10240 B c= 50 round=3/3    4361.3 req/s
h1 stream ry              2097152 B c=150 round=3/3     332.1 req/s
h1 full   ry_blocking     2097152 B c=150 round=3/3    1757.4 req/s
h1 full   httpx           4194304 B c= 10 round=3/3     165.2 req/s
h1 stream wreq_blocking   1048576 B c= 50 round=3/3     365.2 req/s
h1 full   wreq             131072 B c= 50 round=3/3   30465.8 req/s
h1 stream curl_cffi_blocking  1048576 B c=150 round=3/3     182.2 req/s
h1 full   ry              4194304 B c= 50 round=3/3     617.6 req/s
h1 stream httpx           4194304 B c=150 round=3/3      72.1 req/s
h1 stream curl_cffi        131072 B c=100 round=3/3    2140.2 req/s
h1 full   wreq_st           10240 B c=100 round=3/3   43230.4 req/s
h1 stream ry              1048576 B c= 50 round=3/3     376.6 req/s
h1 full   wreq_blocking   2097152 B c= 50 round=3/3     952.6 req/s
h1 stream pycurl           131072 B c= 50 round=3/3    1849.8 req/s
h1 full   curl_cffi_blocking  2097152 B c=100 round=3/3     147.0 req/s
h1 stream wreq_blocking   4194304 B c= 10 round=3/3     259.9 req/s
h1 stream pyreqwest_st    1048576 B c=100 round=3/3     388.9 req/s
h1 stream httpx_blocking     1024 B c= 50 round=3/3    1388.2 req/s
h1 stream wreq_blocking   1048576 B c=150 round=3/3     362.3 req/s
h1 full   requests          65536 B c= 10 round=3/3    1029.9 req/s
h1 stream niquests_blocking     1024 B c=150 round=3/3    1283.7 req/s
h1 stream requests          65536 B c=150 round=3/3     738.6 req/s
h1 full   httpx_blocking    65536 B c= 50 round=3/3    1139.4 req/s
h1 stream ry              4194304 B c= 50 round=3/3     279.4 req/s
h1 full   niquests          10240 B c=150 round=3/3    2276.7 req/s
h1 full   aiohttp          131072 B c= 50 round=3/3    5725.3 req/s
h1 full   pyreqwest_mt     131072 B c=150 round=3/3    7288.7 req/s
h1 stream niquests         131072 B c= 50 round=3/3    1414.8 req/s
h1 stream pycurl             1024 B c=100 round=3/3    6074.2 req/s
h1 stream pyreqwest_st      65536 B c=150 round=3/3    1419.3 req/s
h1 full   curl_cffi       4194304 B c=100 round=3/3     172.0 req/s
h1 stream niquests        1048576 B c=150 round=3/3     550.3 req/s
h1 stream wreq             131072 B c=150 round=3/3   15364.3 req/s
h1 stream requests        1048576 B c=150 round=3/3     156.1 req/s
h1 stream ry              1048576 B c=100 round=3/3     381.3 req/s
h1 stream wreq_st         1048576 B c=100 round=3/3     607.2 req/s
h1 full   wreq_st         2097152 B c=150 round=3/3     565.0 req/s
h1 stream requests          10240 B c=100 round=3/3    1246.3 req/s
h1 full   curl_cffi       1048576 B c= 50 round=3/3     667.6 req/s
h1 stream pycurl           131072 B c=100 round=3/3    1774.2 req/s
h1 full   wreq_blocking   2097152 B c=150 round=3/3     873.3 req/s
h1 stream niquests_blocking    65536 B c= 10 round=3/3     792.3 req/s
h1 stream httpx           1048576 B c= 50 round=3/3     233.3 req/s
h1 full   httpx_blocking    65536 B c=100 round=3/3    1090.3 req/s
h1 full   ry_blocking     4194304 B c=100 round=3/3     894.9 req/s
h1 stream aiohttp           10240 B c=100 round=3/3    7408.2 req/s
h1 full   ry                 1024 B c=100 round=3/3    2877.0 req/s
h1 stream httpx             10240 B c=150 round=3/3     675.7 req/s
h1 full   niquests_blocking  4194304 B c=150 round=3/3      53.1 req/s
h1 stream curl_cffi_blocking  2097152 B c= 50 round=3/3     114.0 req/s
h1 full   wreq_blocking    131072 B c=100 round=3/3    3141.5 req/s
h1 full   curl_cffi          1024 B c=150 round=3/3    6492.2 req/s
h1 stream aiohttp         1048576 B c= 10 round=3/3     966.1 req/s
h1 full   wreq_blocking      1024 B c=150 round=3/3    3316.6 req/s
h1 stream httpx            131072 B c=150 round=3/3     399.5 req/s
h1 stream requests           1024 B c= 10 round=3/3    1280.3 req/s
h1 full   curl_cffi         65536 B c= 10 round=3/3    4195.6 req/s
h1 full   niquests           1024 B c=100 round=3/3    2230.5 req/s
h1 stream wreq_st         2097152 B c=100 round=3/3     353.2 req/s
h1 full   ry_blocking     4194304 B c= 50 round=3/3     923.7 req/s
h1 stream wreq_st          131072 B c= 10 round=3/3    4922.4 req/s
h1 stream httpx             65536 B c= 10 round=3/3    1219.4 req/s
h1 full   pyreqwest_mt     131072 B c= 10 round=3/3    6487.5 req/s
h1 stream pycurl            65536 B c=100 round=3/3    2407.4 req/s
h1 stream pyreqwest_st      65536 B c=100 round=3/3    1397.5 req/s
h1 stream requests        4194304 B c=150 round=3/3      51.0 req/s
h1 full   niquests         131072 B c= 50 round=3/3    1758.1 req/s
h1 full   niquests_blocking    10240 B c=150 round=3/3    1417.0 req/s
h1 stream niquests_blocking    10240 B c=150 round=3/3    1298.8 req/s
h1 full   wreq_blocking    131072 B c= 10 round=3/3    3380.8 req/s
h1 stream requests        2097152 B c=150 round=3/3      93.0 req/s
h1 stream ry              4194304 B c= 10 round=3/3     247.8 req/s
h1 full   niquests        2097152 B c=100 round=3/3     425.1 req/s
h1 stream wreq_blocking    131072 B c=150 round=3/3     499.6 req/s
h1 full   httpx              1024 B c= 50 round=3/3     857.5 req/s
h1 full   wreq            1048576 B c= 10 round=3/3    5369.2 req/s
h1 full   httpx             65536 B c= 10 round=3/3    1348.3 req/s
h1 stream ry_blocking     2097152 B c= 50 round=3/3    1002.9 req/s
h1 stream wreq_st           10240 B c=150 round=3/3   14718.4 req/s
h1 stream httpx           4194304 B c= 50 round=3/3     134.3 req/s
h1 stream aiohttp         2097152 B c=100 round=3/3     745.7 req/s
h1 stream curl_cffi_blocking    65536 B c= 10 round=3/3     461.4 req/s
h1 stream wreq_st           10240 B c= 10 round=3/3   13539.2 req/s
h1 full   curl_cffi         10240 B c=150 round=3/3    6005.2 req/s
h1 full   curl_cffi         65536 B c=150 round=3/3    4073.1 req/s
h1 full   pyreqwest_st    1048576 B c=150 round=3/3     972.1 req/s
h1 full   ry                65536 B c=150 round=3/3    2672.9 req/s
h1 full   curl_cffi_blocking   131072 B c=100 round=3/3     471.2 req/s
h1 stream niquests_blocking  4194304 B c= 50 round=3/3      49.0 req/s
h1 stream pyreqwest_mt     131072 B c= 10 round=3/3    1464.4 req/s
h1 full   ry              2097152 B c=150 round=3/3     956.2 req/s
h1 full   niquests_blocking  1048576 B c=150 round=3/3     188.2 req/s
h1 full   curl_cffi_blocking   131072 B c=150 round=3/3     468.2 req/s
h1 stream httpx_blocking  4194304 B c= 10 round=3/3      45.1 req/s
h1 stream httpx              1024 B c=100 round=3/3     695.4 req/s
h1 full   pyreqwest_mt    1048576 B c=100 round=3/3    3277.4 req/s
h1 stream niquests        2097152 B c= 10 round=3/3     380.6 req/s
h1 full   wreq_blocking   2097152 B c=100 round=3/3     890.2 req/s
h1 stream pycurl          1048576 B c=150 round=3/3     279.3 req/s
h1 full   niquests         131072 B c=150 round=3/3    1729.7 req/s
h1 stream requests          65536 B c= 50 round=3/3     774.5 req/s
h1 full   curl_cffi        131072 B c= 10 round=3/3    3026.1 req/s
h1 stream pyreqwest_mt    2097152 B c=150 round=3/3     523.4 req/s
h1 full   wreq              65536 B c= 10 round=3/3   22482.8 req/s
h1 full   wreq_st         4194304 B c= 50 round=3/3     325.8 req/s
h1 full   pyreqwest_mt    2097152 B c= 10 round=3/3    2065.9 req/s
h1 full   niquests_blocking  4194304 B c= 50 round=3/3      53.2 req/s
h1 stream ry_blocking       10240 B c=100 round=3/3    4800.2 req/s
h1 stream requests        1048576 B c= 10 round=3/3     154.1 req/s
h1 full   wreq_st           65536 B c=100 round=3/3   16263.4 req/s
h1 full   curl_cffi_blocking    10240 B c=100 round=3/3     554.2 req/s
h1 stream wreq_blocking     65536 B c=100 round=3/3     518.2 req/s
h1 stream pyreqwest_mt       1024 B c= 50 round=3/3    3441.1 req/s
h1 stream ry_blocking     1048576 B c= 10 round=3/3    1195.1 req/s
h1 full   requests         131072 B c=100 round=3/3     741.6 req/s
h1 full   pycurl           131072 B c= 50 round=3/3    2696.1 req/s
h1 full   requests         131072 B c= 10 round=3/3     804.1 req/s
h1 stream wreq_st           10240 B c=100 round=3/3   17358.6 req/s
h1 full   wreq_blocking     65536 B c= 10 round=3/3    3443.1 req/s
h1 stream aiohttp         2097152 B c= 50 round=3/3     724.5 req/s
h1 stream httpx_blocking    65536 B c= 50 round=3/3     773.4 req/s
h1 stream wreq             131072 B c= 10 round=3/3   11803.2 req/s
h1 full   niquests_blocking  1048576 B c= 50 round=3/3     190.0 req/s
h1 full   requests        1048576 B c=150 round=3/3     186.9 req/s
h1 full   ry_blocking     1048576 B c=100 round=3/3    3536.2 req/s
h1 full   httpx             65536 B c= 50 round=3/3     740.9 req/s
h1 stream pyreqwest_mt    2097152 B c= 50 round=3/3     508.3 req/s
h1 stream ry_blocking     4194304 B c=100 round=3/3     722.6 req/s
h1 full   httpx             10240 B c=100 round=3/3     839.1 req/s
h1 full   httpx            131072 B c= 50 round=3/3     582.3 req/s
h1 full   niquests          65536 B c=150 round=3/3    2070.9 req/s
h1 full   wreq_st            1024 B c=100 round=3/3   46502.4 req/s
h1 stream pyreqwest_st    1048576 B c= 50 round=3/3     384.8 req/s
h1 full   wreq              65536 B c=100 round=3/3   48098.0 req/s
h1 stream pyreqwest_mt    4194304 B c=150 round=3/3     415.7 req/s
h1 stream ry              1048576 B c= 10 round=3/3     337.2 req/s
h1 full   wreq            1048576 B c=100 round=3/3    3839.3 req/s
h1 full   wreq            1048576 B c= 50 round=3/3    4392.3 req/s
h1 full   curl_cffi_blocking    65536 B c=100 round=3/3     510.4 req/s
h1 full   wreq_st         1048576 B c=100 round=3/3    1028.7 req/s
h1 full   aiohttp         1048576 B c= 10 round=3/3    1538.1 req/s
h1 full   niquests_blocking     1024 B c=100 round=3/3    1462.4 req/s
h1 full   wreq               1024 B c=100 round=3/3   95875.0 req/s
h1 stream requests          65536 B c=100 round=3/3     756.5 req/s
h1 full   requests           1024 B c= 50 round=3/3    1398.1 req/s
h1 full   niquests         131072 B c= 10 round=3/3    1793.6 req/s
h1 full   aiohttp            1024 B c= 10 round=3/3    8323.5 req/s
h1 full   httpx_blocking    65536 B c= 10 round=3/3    1164.6 req/s
h1 stream wreq              10240 B c= 50 round=3/3   21581.9 req/s
h1 full   httpx              1024 B c= 10 round=3/3    1476.9 req/s
h1 stream ry_blocking       65536 B c=150 round=3/3    3023.8 req/s
h1 stream ry_blocking     4194304 B c= 50 round=3/3     748.9 req/s
h1 stream httpx           2097152 B c=150 round=3/3     104.8 req/s
h1 stream pycurl          1048576 B c= 50 round=3/3     278.7 req/s
h1 stream wreq               1024 B c=100 round=3/3   22550.7 req/s
h1 full   curl_cffi_blocking  4194304 B c= 50 round=3/3      84.6 req/s
h1 full   curl_cffi_blocking    10240 B c=150 round=3/3     553.1 req/s
h1 full   pyreqwest_st       1024 B c=150 round=3/3    4354.0 req/s
h1 stream pyreqwest_st      10240 B c=100 round=3/3    2518.5 req/s
h1 full   pyreqwest_st      10240 B c=100 round=3/3    4290.4 req/s
h1 full   wreq_st           10240 B c= 50 round=3/3   42252.3 req/s
h1 full   wreq_blocking   4194304 B c=100 round=3/3     504.9 req/s
h1 full   ry               131072 B c= 10 round=3/3    2424.5 req/s
h1 stream ry               131072 B c=100 round=3/3    1040.1 req/s
h1 stream pyreqwest_st    4194304 B c= 50 round=3/3     191.5 req/s
h1 full   httpx           4194304 B c=150 round=3/3      80.4 req/s
h1 stream httpx_blocking     1024 B c= 10 round=3/3    1562.9 req/s
h1 stream pycurl             1024 B c=150 round=3/3    5700.0 req/s
h1 full   requests          65536 B c=100 round=3/3     970.2 req/s
h1 full   aiohttp            1024 B c=100 round=3/3    8591.4 req/s
h1 full   requests           1024 B c= 10 round=3/3    1478.5 req/s
h1 stream requests        4194304 B c= 50 round=3/3      50.4 req/s
h1 full   httpx_blocking     1024 B c= 50 round=3/3    1793.5 req/s
h1 stream niquests_blocking     1024 B c= 50 round=3/3    1362.0 req/s
h1 full   httpx           1048576 B c=100 round=3/3     225.2 req/s
h1 full   wreq_blocking   1048576 B c= 10 round=3/3    1515.9 req/s
h1 full   ry_blocking       65536 B c= 50 round=3/3    7828.9 req/s
h1 stream wreq_blocking   4194304 B c=100 round=3/3     252.6 req/s
h1 stream wreq_blocking     65536 B c=150 round=3/3     511.6 req/s
h1 stream httpx              1024 B c= 10 round=3/3    1332.5 req/s
h1 stream niquests_blocking  2097152 B c=150 round=3/3      91.6 req/s
h1 stream niquests          65536 B c=100 round=3/3    1461.4 req/s
h1 stream httpx_blocking  1048576 B c= 10 round=3/3     140.6 req/s
h1 full   curl_cffi_blocking     1024 B c= 50 round=3/3     561.1 req/s
h1 full   wreq_st          131072 B c= 50 round=3/3    7965.4 req/s
h1 full   httpx_blocking    10240 B c=100 round=3/3    1705.0 req/s
h1 stream wreq_st         1048576 B c= 10 round=3/3     671.7 req/s
h1 full   ry_blocking       65536 B c= 10 round=3/3    8721.8 req/s
h1 stream ry_blocking      131072 B c=100 round=3/3    3057.3 req/s
h1 full   niquests_blocking    65536 B c= 10 round=3/3    1082.7 req/s
h1 full   niquests_blocking  2097152 B c= 10 round=3/3     103.0 req/s
h1 stream niquests        2097152 B c=100 round=3/3     376.4 req/s
h1 stream wreq_st           65536 B c=150 round=3/3    5479.9 req/s
h1 full   requests         131072 B c=150 round=3/3     754.1 req/s
h1 full   pyreqwest_st     131072 B c=100 round=3/3    3295.8 req/s
h1 stream httpx_blocking  1048576 B c= 50 round=3/3     139.8 req/s
h1 stream pycurl            65536 B c=150 round=3/3    2328.7 req/s
h1 full   niquests        2097152 B c= 50 round=3/3     418.8 req/s
h1 full   pycurl          4194304 B c=150 round=3/3     110.8 req/s
h1 full   ry_blocking       65536 B c=150 round=3/3    6746.5 req/s
h1 stream curl_cffi_blocking     1024 B c= 10 round=3/3     524.2 req/s
h1 full   wreq_st            1024 B c=150 round=3/3   44500.5 req/s
h1 stream wreq_blocking    131072 B c=100 round=3/3     517.6 req/s
h1 full   requests        4194304 B c= 50 round=3/3      54.0 req/s
h1 stream niquests_blocking    65536 B c=150 round=3/3     749.8 req/s
h1 full   niquests_blocking     1024 B c= 10 round=3/3    1539.4 req/s
h1 full   httpx_blocking  4194304 B c= 10 round=3/3      49.3 req/s
h1 stream curl_cffi       1048576 B c=150 round=3/3     410.2 req/s
h1 stream requests        1048576 B c= 50 round=3/3     155.7 req/s
h1 full   aiohttp         2097152 B c= 50 round=3/3     795.7 req/s
h1 full   niquests_blocking  2097152 B c= 50 round=3/3     101.9 req/s
h1 full   ry              1048576 B c=150 round=3/3    1542.2 req/s
h1 full   pyreqwest_mt       1024 B c= 10 round=3/3    7142.3 req/s
h1 stream niquests_blocking     1024 B c= 10 round=3/3    1421.1 req/s
h1 full   pyreqwest_mt    4194304 B c= 10 round=3/3     974.7 req/s
h1 full   wreq            4194304 B c= 10 round=3/3     936.2 req/s
h1 stream pycurl          2097152 B c= 50 round=3/3     155.7 req/s
h1 full   requests           1024 B c=150 round=3/3    1364.9 req/s
h1 full   curl_cffi_blocking     1024 B c=150 round=3/3     549.6 req/s
h1 stream pyreqwest_mt      65536 B c= 50 round=3/3    1774.7 req/s
h1 full   niquests_blocking    65536 B c=100 round=3/3    1009.1 req/s
h1 stream pycurl            10240 B c= 10 round=3/3    6786.8 req/s
h1 full   ry                10240 B c= 50 round=3/3    2668.1 req/s
h1 stream wreq            4194304 B c= 10 round=3/3     987.6 req/s
h1 stream requests          10240 B c=150 round=3/3    1230.2 req/s
h1 stream ry                10240 B c=100 round=3/3    1641.0 req/s
h1 full   pycurl          2097152 B c= 50 round=3/3     220.2 req/s
h1 stream wreq            1048576 B c= 10 round=3/3    3929.1 req/s
h1 stream aiohttp           65536 B c= 10 round=3/3    5182.8 req/s
h1 full   wreq              65536 B c=150 round=3/3   50009.9 req/s
h1 stream pycurl           131072 B c= 10 round=3/3    1801.0 req/s
h1 stream pycurl            65536 B c= 10 round=3/3    2481.5 req/s
h1 stream pyreqwest_st    1048576 B c=150 round=3/3     390.1 req/s
h1 stream pyreqwest_st      65536 B c= 50 round=3/3    1407.5 req/s
h1 full   niquests_blocking  4194304 B c= 10 round=3/3      54.2 req/s
h1 full   wreq              10240 B c=150 round=3/3   59965.4 req/s
h1 stream httpx            131072 B c= 10 round=3/3    1094.8 req/s
h1 stream niquests         131072 B c=150 round=3/3    1406.4 req/s
h1 full   curl_cffi_blocking   131072 B c= 50 round=3/3     477.9 req/s
h1 full   curl_cffi_blocking  2097152 B c= 10 round=3/3     146.4 req/s
h1 stream niquests_blocking  1048576 B c= 50 round=3/3     155.5 req/s
h1 stream httpx_blocking  1048576 B c=100 round=3/3     138.2 req/s
h1 stream aiohttp          131072 B c= 10 round=3/3    4722.0 req/s
h1 stream pyreqwest_mt    1048576 B c=100 round=3/3     575.7 req/s
h1 stream niquests_blocking    10240 B c= 50 round=3/3    1360.9 req/s
h1 full   pyreqwest_mt    4194304 B c= 50 round=3/3     954.4 req/s
h1 full   ry              2097152 B c= 10 round=3/3     944.8 req/s
h1 full   curl_cffi         10240 B c=100 round=3/3    5343.1 req/s
h1 stream niquests           1024 B c= 10 round=3/3    2148.6 req/s
h1 stream curl_cffi_blocking    10240 B c=100 round=3/3     525.9 req/s
h1 stream requests          65536 B c= 10 round=3/3     792.7 req/s
h1 stream niquests           1024 B c=150 round=3/3    2283.4 req/s
h1 full   niquests        2097152 B c= 10 round=3/3     403.3 req/s
h1 full   pyreqwest_mt       1024 B c=150 round=3/3    7873.1 req/s
h1 stream wreq_blocking   2097152 B c= 50 round=3/3     323.3 req/s
h1 full   curl_cffi        131072 B c=100 round=3/3    3107.8 req/s
h1 full   ry                65536 B c=100 round=3/3    2646.1 req/s
h1 stream ry              2097152 B c= 10 round=3/3     285.1 req/s
h1 stream niquests        4194304 B c= 50 round=3/3     206.0 req/s
h1 full   niquests_blocking   131072 B c= 50 round=3/3     777.8 req/s
h1 stream httpx           2097152 B c=100 round=3/3     117.2 req/s
h1 stream niquests        1048576 B c= 50 round=3/3     549.3 req/s
h1 stream wreq            1048576 B c= 50 round=3/3    4063.9 req/s
h1 full   niquests_blocking  2097152 B c=150 round=3/3     100.3 req/s
h1 full   httpx_blocking   131072 B c=100 round=3/3     809.3 req/s
h1 stream wreq             131072 B c= 50 round=3/3   19453.4 req/s
h1 stream httpx_blocking  2097152 B c=100 round=3/3      81.8 req/s
h1 full   ry_blocking       65536 B c=100 round=3/3    7200.9 req/s
h1 full   pyreqwest_mt      65536 B c=100 round=3/3    7683.3 req/s
h1 full   aiohttp           65536 B c=100 round=3/3    7413.5 req/s
h1 stream niquests_blocking  4194304 B c=150 round=3/3      50.2 req/s
h1 stream httpx           1048576 B c= 10 round=3/3     361.2 req/s
h1 full   requests        2097152 B c= 50 round=3/3     103.1 req/s
h1 stream aiohttp         4194304 B c= 50 round=3/3     416.5 req/s
h1 stream httpx_blocking  4194304 B c=100 round=3/3      45.3 req/s
h1 stream httpx           4194304 B c= 10 round=3/3     151.4 req/s
h1 stream curl_cffi        131072 B c= 10 round=3/3    2086.0 req/s
h1 full   requests        1048576 B c= 50 round=3/3     189.9 req/s
h1 stream pyreqwest_st    2097152 B c= 50 round=3/3     295.0 req/s
h1 stream wreq_st            1024 B c= 50 round=3/3   23525.3 req/s
h1 stream curl_cffi_blocking     1024 B c= 50 round=3/3     527.6 req/s
h1 full   wreq_st           65536 B c= 10 round=3/3   14331.8 req/s
h1 stream httpx              1024 B c=150 round=3/3     708.7 req/s
h1 full   wreq_blocking     10240 B c=100 round=3/3    3481.1 req/s
h1 stream pycurl          2097152 B c= 10 round=3/3     153.0 req/s
h1 full   wreq             131072 B c=100 round=3/3   29672.0 req/s
h1 stream pyreqwest_st    4194304 B c=100 round=3/3     178.8 req/s
h1 full   curl_cffi         10240 B c= 50 round=3/3    6671.9 req/s
h1 full   aiohttp           10240 B c= 50 round=3/3    8450.7 req/s
h1 full   ry_blocking       10240 B c=150 round=3/3    6715.1 req/s
h1 stream pyreqwest_mt       1024 B c= 10 round=3/3    2905.7 req/s
h1 full   requests        2097152 B c=150 round=3/3     103.8 req/s
h1 stream aiohttp           65536 B c= 50 round=3/3    5591.6 req/s
h1 stream aiohttp            1024 B c=100 round=3/3    8180.3 req/s
h1 stream niquests_blocking  1048576 B c=150 round=3/3     153.7 req/s
h1 stream ry_blocking      131072 B c= 50 round=3/3    3334.1 req/s
h1 stream curl_cffi_blocking  1048576 B c=100 round=3/3     176.7 req/s
h1 full   pycurl             1024 B c= 50 round=3/3   11311.8 req/s
h1 full   pyreqwest_st    4194304 B c= 10 round=3/3     312.6 req/s
h1 stream niquests_blocking  2097152 B c= 50 round=3/3      90.5 req/s
h1 stream pycurl          4194304 B c= 10 round=3/3      80.0 req/s
h1 full   wreq_st            1024 B c= 10 round=3/3   28535.7 req/s
h1 stream wreq              10240 B c=100 round=3/3   24741.1 req/s
h1 full   aiohttp         1048576 B c=150 round=3/3    1209.7 req/s
h1 full   pyreqwest_st    2097152 B c=150 round=3/3     561.6 req/s
h1 full   ry_blocking     1048576 B c=150 round=3/3    3361.3 req/s
h1 stream requests         131072 B c=100 round=3/3     613.6 req/s
h1 full   niquests_blocking    65536 B c=150 round=3/3     994.8 req/s
h1 full   wreq_st         4194304 B c=100 round=3/3     306.6 req/s
h1 stream curl_cffi          1024 B c= 10 round=3/3    3580.3 req/s
h1 stream curl_cffi_blocking  2097152 B c=150 round=3/3     117.8 req/s
h1 full   pyreqwest_st     131072 B c= 50 round=3/3    3215.9 req/s
h1 full   httpx_blocking  2097152 B c=100 round=3/3      95.3 req/s
h1 stream ry               131072 B c= 10 round=3/3     919.7 req/s
h1 full   pyreqwest_st      10240 B c=150 round=3/3    4113.4 req/s
h1 full   wreq_st            1024 B c= 50 round=3/3   49222.7 req/s
h1 stream niquests          10240 B c=100 round=3/3    2216.0 req/s
h1 full   httpx_blocking  1048576 B c= 50 round=3/3     181.6 req/s
h1 full   curl_cffi_blocking    10240 B c= 50 round=3/3     561.9 req/s
h1 stream ry_blocking      131072 B c=150 round=3/3    2989.5 req/s
h1 full   requests        1048576 B c= 10 round=3/3     194.3 req/s
h1 full   ry_blocking       10240 B c=100 round=3/3    7509.2 req/s
h1 full   pyreqwest_st     131072 B c=150 round=3/3    3155.2 req/s
h1 stream curl_cffi         10240 B c=150 round=3/3    4209.6 req/s
h1 stream wreq            2097152 B c=150 round=3/3    1801.7 req/s
h1 stream ry_blocking        1024 B c= 50 round=3/3    5054.2 req/s
h1 full   wreq            4194304 B c=150 round=3/3     886.3 req/s
h1 stream httpx_blocking    10240 B c= 50 round=3/3    1502.2 req/s
h1 stream httpx             10240 B c= 10 round=3/3    1274.5 req/s
h1 full   aiohttp         4194304 B c= 50 round=3/3     381.8 req/s
h1 stream ry               131072 B c=150 round=3/3    1033.1 req/s
h1 full   httpx_blocking     1024 B c= 10 round=3/3    1806.5 req/s
h1 stream httpx             65536 B c= 50 round=3/3     539.5 req/s
h1 stream niquests_blocking    65536 B c=100 round=3/3     767.5 req/s
h1 stream curl_cffi_blocking   131072 B c= 10 round=3/3     430.1 req/s
h1 full   wreq_blocking      1024 B c= 10 round=3/3    3775.9 req/s
h1 stream niquests        4194304 B c= 10 round=3/3     204.2 req/s
h1 full   httpx             65536 B c=100 round=3/3     684.3 req/s
h1 stream wreq_blocking   2097152 B c=150 round=3/3     320.7 req/s
h1 full   pycurl          2097152 B c=150 round=3/3     213.3 req/s
h1 stream curl_cffi_blocking    10240 B c=150 round=3/3     521.1 req/s
h1 full   ry                10240 B c=150 round=3/3    2875.4 req/s
h1 full   curl_cffi       4194304 B c=150 round=3/3     177.7 req/s
h1 full   ry              2097152 B c= 50 round=3/3    1018.2 req/s
h1 stream httpx_blocking   131072 B c= 10 round=3/3     620.9 req/s
h1 full   httpx           2097152 B c= 50 round=3/3     189.6 req/s
h1 stream httpx             65536 B c=150 round=3/3     460.9 req/s
h1 full   requests         131072 B c= 50 round=3/3     775.8 req/s
h1 stream pyreqwest_st      10240 B c=150 round=3/3    2697.2 req/s
h1 stream httpx_blocking    65536 B c= 10 round=3/3     785.4 req/s
h1 full   ry              1048576 B c= 10 round=3/3    1408.1 req/s
h1 full   aiohttp         2097152 B c= 10 round=3/3     746.9 req/s
h1 stream curl_cffi_blocking    10240 B c= 10 round=3/3     523.4 req/s
h1 stream pyreqwest_st     131072 B c= 50 round=3/3    1368.8 req/s
h1 full   curl_cffi_blocking  1048576 B c=100 round=3/3     228.0 req/s
h1 stream pyreqwest_st      10240 B c= 10 round=3/3    2669.2 req/s
h1 stream requests        1048576 B c=100 round=3/3     156.9 req/s
h1 stream ry                 1024 B c= 10 round=3/3    1372.2 req/s
h1 full   curl_cffi          1024 B c= 10 round=3/3    5955.3 req/s
h1 stream wreq_blocking     10240 B c=150 round=3/3     545.3 req/s
h1 stream curl_cffi         65536 B c= 10 round=3/3    2417.7 req/s
h1 full   pyreqwest_st    2097152 B c=100 round=3/3     552.3 req/s
h1 full   wreq_st           10240 B c=150 round=3/3   41881.0 req/s
h1 full   curl_cffi_blocking   131072 B c= 10 round=3/3     476.6 req/s
h1 full   httpx_blocking  1048576 B c=150 round=3/3     182.2 req/s
h1 stream pyreqwest_mt    1048576 B c= 10 round=3/3     481.3 req/s
h1 stream niquests_blocking    10240 B c=100 round=3/3    1303.3 req/s
h1 stream httpx_blocking  4194304 B c= 50 round=3/3      45.5 req/s
h1 full   wreq_blocking     10240 B c= 10 round=3/3    3822.8 req/s
h1 full   ry              1048576 B c= 50 round=3/3    1612.7 req/s
h1 stream niquests_blocking    10240 B c= 10 round=3/3    1377.5 req/s
h1 stream ry_blocking        1024 B c= 10 round=3/3    5428.1 req/s
h1 stream ry_blocking     1048576 B c=100 round=3/3    1160.9 req/s
h1 full   wreq_st          131072 B c=100 round=3/3    7836.2 req/s
h1 stream requests        4194304 B c=100 round=3/3      51.5 req/s
h1 full   httpx_blocking   131072 B c= 50 round=3/3     851.0 req/s
h1 full   pycurl          1048576 B c= 10 round=3/3     411.8 req/s
h1 full   niquests          65536 B c= 10 round=3/3    2108.8 req/s
h1 stream requests          10240 B c= 50 round=3/3    1311.3 req/s
h1 stream wreq            1048576 B c=150 round=3/3    3440.1 req/s
h1 full   wreq_blocking     10240 B c=150 round=3/3    3295.4 req/s
h1 stream httpx_blocking     1024 B c=100 round=3/3    1474.2 req/s
h1 full   requests        2097152 B c= 10 round=3/3     105.4 req/s
h1 stream pycurl          2097152 B c=150 round=3/3     157.5 req/s
h1 full   curl_cffi          1024 B c= 50 round=3/3    6201.3 req/s
h1 full   niquests_blocking  1048576 B c= 10 round=3/3     195.5 req/s
h1 stream wreq_st          131072 B c=150 round=3/3    3832.1 req/s
h1 full   wreq_blocking   4194304 B c=150 round=3/3     497.1 req/s
h1 stream httpx           2097152 B c= 50 round=3/3     191.4 req/s
h1 full   httpx             10240 B c=150 round=3/3     772.3 req/s
h1 stream niquests        4194304 B c=150 round=3/3     196.7 req/s
h1 stream httpx             10240 B c= 50 round=3/3     713.5 req/s
h1 stream wreq_blocking     10240 B c= 50 round=3/3     561.7 req/s
h1 stream curl_cffi_blocking     1024 B c=150 round=3/3     520.4 req/s
h1 stream wreq_st         4194304 B c= 10 round=3/3     235.3 req/s
h1 full   ry                 1024 B c= 10 round=3/3    2584.3 req/s
h1 stream wreq               1024 B c= 50 round=3/3   26952.5 req/s
h1 full   wreq_st         1048576 B c= 10 round=3/3    1154.6 req/s
h1 full   pycurl            65536 B c= 10 round=3/3    4554.4 req/s
h1 full   aiohttp         4194304 B c=150 round=3/3     323.2 req/s
h1 full   pyreqwest_st    2097152 B c= 50 round=3/3     573.5 req/s
h1 full   aiohttp           10240 B c=100 round=3/3    8232.0 req/s
h1 stream aiohttp         4194304 B c=150 round=3/3     423.4 req/s
h1 stream curl_cffi_blocking  1048576 B c= 50 round=3/3     177.7 req/s
h1 stream ry_blocking     4194304 B c=150 round=3/3     702.2 req/s
h1 full   niquests_blocking    65536 B c= 50 round=3/3    1029.4 req/s
h1 full   aiohttp         2097152 B c=100 round=3/3     665.8 req/s
h1 full   niquests_blocking    10240 B c=100 round=3/3    1453.9 req/s
h1 full   curl_cffi       4194304 B c= 10 round=3/3     173.9 req/s
h1 full   niquests          65536 B c= 50 round=3/3    1969.9 req/s
h1 stream aiohttp           65536 B c=150 round=3/3    5310.9 req/s
h1 stream pyreqwest_st       1024 B c=150 round=3/3    2573.5 req/s
h1 stream httpx            131072 B c=100 round=3/3     415.1 req/s
h1 stream wreq_st            1024 B c= 10 round=3/3   14873.8 req/s
h1 full   curl_cffi_blocking  2097152 B c= 50 round=3/3     146.9 req/s
h1 stream ry               131072 B c= 50 round=3/3    1036.7 req/s
h1 stream ry_blocking     1048576 B c= 50 round=3/3    1185.3 req/s
h1 full   httpx_blocking  1048576 B c=100 round=3/3     179.3 req/s
h1 stream aiohttp         1048576 B c= 50 round=3/3     958.4 req/s
h1 stream pyreqwest_mt      10240 B c=150 round=3/3    3600.6 req/s
h1 full   pyreqwest_mt       1024 B c=100 round=3/3    7933.4 req/s
h1 stream curl_cffi       1048576 B c=100 round=3/3     436.9 req/s
h1 stream wreq              65536 B c= 50 round=3/3   22136.2 req/s
h1 full   curl_cffi_blocking  4194304 B c=100 round=3/3      84.3 req/s
h1 stream aiohttp         1048576 B c=100 round=3/3    1036.2 req/s
h1 stream wreq_st         2097152 B c=150 round=3/3     353.1 req/s
h1 full   pyreqwest_mt    1048576 B c=150 round=3/3    3074.7 req/s
h1 stream aiohttp           10240 B c= 50 round=3/3    7111.3 req/s
h1 stream aiohttp         1048576 B c=150 round=3/3    1083.7 req/s
h1 stream niquests_blocking  4194304 B c= 10 round=3/3      49.9 req/s
h1 full   httpx_blocking     1024 B c=100 round=3/3    1728.0 req/s
h1 stream httpx             65536 B c=100 round=3/3     458.3 req/s
h1 full   httpx           4194304 B c=100 round=3/3      83.7 req/s
h1 stream requests         131072 B c= 10 round=3/3     653.8 req/s
h1 full   httpx           1048576 B c=150 round=3/3     200.9 req/s
h1 full   pyreqwest_st    4194304 B c=100 round=3/3     309.9 req/s
h1 full   pycurl            65536 B c=150 round=3/3    3903.4 req/s
h1 full   niquests        4194304 B c=150 round=3/3     221.5 req/s
h1 stream niquests_blocking  1048576 B c=100 round=3/3     156.4 req/s
h1 stream ry                 1024 B c=150 round=3/3    1681.0 req/s
h1 stream wreq              10240 B c=150 round=3/3   23364.3 req/s
h1 full   wreq_st         2097152 B c= 50 round=3/3     590.0 req/s
h1 stream requests           1024 B c=100 round=3/3    1253.2 req/s
h1 full   httpx_blocking    65536 B c=150 round=3/3    1079.8 req/s
h1 full   wreq_st         4194304 B c=150 round=3/3     296.8 req/s
h1 stream ry              2097152 B c= 50 round=3/3     327.4 req/s
h1 stream httpx           4194304 B c=100 round=3/3      83.5 req/s
h1 stream requests        4194304 B c= 10 round=3/3      50.9 req/s
h1 full   aiohttp            1024 B c=150 round=3/3    8820.5 req/s
h1 stream curl_cffi_blocking  2097152 B c=100 round=3/3     112.9 req/s
h1 full   pyreqwest_st    4194304 B c=150 round=3/3     302.8 req/s
h1 stream wreq              65536 B c=150 round=3/3   18734.2 req/s
h1 stream wreq            1048576 B c=100 round=3/3    3914.6 req/s
h1 stream wreq_blocking   1048576 B c=100 round=3/3     361.0 req/s
h1 stream httpx_blocking    65536 B c=100 round=3/3     752.4 req/s
h1 full   pyreqwest_mt      10240 B c=100 round=3/3    8109.2 req/s
h1 stream pyreqwest_st       1024 B c= 10 round=3/3    2545.2 req/s
h1 full   pyreqwest_mt      10240 B c= 50 round=3/3    7810.4 req/s
h1 full   pyreqwest_mt      10240 B c=150 round=3/3    7841.9 req/s
h1 full   httpx           1048576 B c= 50 round=3/3     261.4 req/s
h1 full   pycurl          4194304 B c= 50 round=3/3     113.4 req/s
h1 stream curl_cffi_blocking    10240 B c= 50 round=3/3     525.9 req/s
h1 stream wreq_st           65536 B c= 10 round=3/3    7441.8 req/s
h1 full   wreq_blocking   4194304 B c= 50 round=3/3     529.6 req/s
h1 stream niquests_blocking  4194304 B c=100 round=3/3      50.6 req/s
h1 stream pyreqwest_mt      65536 B c= 10 round=3/3    1531.1 req/s
h1 stream wreq_blocking     65536 B c= 10 round=3/3     524.7 req/s
h1 full   pycurl            10240 B c=150 round=3/3    9186.0 req/s
h1 stream pyreqwest_st      65536 B c= 10 round=3/3    1391.7 req/s
h1 stream requests          10240 B c= 10 round=3/3    1335.1 req/s
h1 stream curl_cffi_blocking  4194304 B c=100 round=3/3      65.2 req/s
h1 full   httpx_blocking  2097152 B c= 10 round=3/3      94.9 req/s
h1 full   requests        4194304 B c=150 round=3/3      54.5 req/s
h1 full   httpx_blocking    10240 B c= 10 round=3/3    1832.3 req/s
h1 full   pycurl            10240 B c= 50 round=3/3   11289.0 req/s
h1 full   curl_cffi        131072 B c= 50 round=3/3    3560.9 req/s
h1 full   ry_blocking       10240 B c= 10 round=3/3    8992.1 req/s
h1 full   httpx           2097152 B c=100 round=3/3     135.8 req/s
h1 full   requests        4194304 B c= 10 round=3/3      54.0 req/s
h1 stream ry                65536 B c=100 round=3/3    1056.6 req/s
h1 stream pyreqwest_mt     131072 B c=100 round=3/3    1839.8 req/s
h1 stream httpx             10240 B c=100 round=3/3     710.8 req/s
h1 stream aiohttp           65536 B c=100 round=3/3    5432.3 req/s
h1 full   httpx              1024 B c=100 round=3/3     822.9 req/s
h1 full   pycurl             1024 B c= 10 round=3/3   13188.6 req/s
h1 full   ry                10240 B c= 10 round=3/3    2474.4 req/s
h1 stream curl_cffi_blocking   131072 B c=100 round=3/3     428.0 req/s
h1 stream pycurl          1048576 B c= 10 round=3/3     275.0 req/s
h1 stream pyreqwest_st    4194304 B c= 10 round=3/3     190.8 req/s
h1 stream ry_blocking     2097152 B c=100 round=3/3     978.7 req/s
h1 full   httpx             10240 B c= 50 round=3/3     844.9 req/s
h1 full   aiohttp         1048576 B c=100 round=3/3    1424.8 req/s
h1 full   curl_cffi          1024 B c=100 round=3/3    5461.6 req/s
h1 stream wreq_st         2097152 B c= 50 round=3/3     379.7 req/s
h1 full   httpx              1024 B c=150 round=3/3     809.2 req/s
h1 full   pycurl            65536 B c=100 round=3/3    4063.9 req/s
h1 stream ry_blocking       10240 B c= 10 round=3/3    5426.0 req/s
h1 stream aiohttp           10240 B c=150 round=3/3    7612.0 req/s
h1 full   niquests         131072 B c=100 round=3/3    1704.4 req/s
h1 full   niquests        4194304 B c= 50 round=3/3     220.7 req/s
h1 full   pyreqwest_st      10240 B c= 10 round=3/3    4378.7 req/s
h1 full   requests           1024 B c=100 round=3/3    1367.3 req/s
h1 stream ry_blocking       65536 B c= 50 round=3/3    3318.2 req/s
h1 full   niquests        4194304 B c= 10 round=3/3     214.4 req/s
h1 full   pyreqwest_mt    1048576 B c= 10 round=3/3    3275.9 req/s
h1 full   niquests_blocking   131072 B c= 10 round=3/3     814.4 req/s
h1 stream curl_cffi       4194304 B c=150 round=3/3     116.3 req/s
h1 stream curl_cffi_blocking   131072 B c= 50 round=3/3     433.1 req/s
h1 full   niquests        1048576 B c= 50 round=3/3     704.4 req/s
h1 full   wreq_st         2097152 B c= 10 round=3/3     546.0 req/s
h1 stream pyreqwest_mt     131072 B c= 50 round=3/3    1736.5 req/s
h1 stream pyreqwest_st     131072 B c= 10 round=3/3    1382.8 req/s
h1 stream wreq               1024 B c=150 round=3/3   23549.3 req/s
h1 full   pycurl          1048576 B c=150 round=3/3     416.3 req/s
h1 stream curl_cffi          1024 B c= 50 round=3/3    4324.8 req/s
h1 full   niquests_blocking     1024 B c=150 round=3/3    1455.1 req/s
h1 stream pyreqwest_mt    1048576 B c= 50 round=3/3     561.9 req/s
h1 full   ry_blocking      131072 B c= 50 round=3/3    7624.5 req/s
h1 full   httpx_blocking   131072 B c= 10 round=3/3     851.8 req/s
h1 stream aiohttp           10240 B c= 10 round=3/3    6825.6 req/s
h1 stream curl_cffi_blocking  4194304 B c= 10 round=3/3      67.5 req/s
h1 stream ry                65536 B c= 10 round=3/3     906.1 req/s
h1 full   wreq              10240 B c= 10 round=3/3   27947.0 req/s
h1 full   pyreqwest_st    1048576 B c=100 round=3/3     938.0 req/s
h1 full   ry              4194304 B c=100 round=3/3     595.5 req/s
h1 stream pycurl          2097152 B c=100 round=3/3     154.4 req/s
h1 stream httpx           2097152 B c= 10 round=3/3     252.2 req/s
h1 full   wreq_st          131072 B c=150 round=3/3    7378.6 req/s
h1 stream curl_cffi_blocking  2097152 B c= 10 round=3/3     115.6 req/s
h1 stream wreq             131072 B c=100 round=3/3   17102.0 req/s
h1 stream httpx_blocking  2097152 B c= 50 round=3/3      82.9 req/s
h1 stream niquests        2097152 B c=150 round=3/3     386.1 req/s
h1 full   pycurl            10240 B c= 10 round=3/3   13092.7 req/s
h1 full   niquests_blocking   131072 B c=100 round=3/3     769.5 req/s
h1 full   curl_cffi_blocking    65536 B c= 50 round=3/3     510.4 req/s
h1 full   ry_blocking      131072 B c=150 round=3/3    6422.1 req/s
h1 full   wreq               1024 B c= 50 round=3/3   79042.5 req/s
h1 full   requests        1048576 B c=100 round=3/3     191.8 req/s
h1 stream wreq_blocking     10240 B c=100 round=3/3     553.8 req/s
h1 full   pyreqwest_st       1024 B c= 50 round=3/3    4482.8 req/s
h1 stream wreq_blocking     10240 B c= 10 round=3/3     560.0 req/s
h1 full   pyreqwest_st       1024 B c= 10 round=3/3    4572.8 req/s
h1 full   wreq_st           65536 B c= 50 round=3/3   17512.6 req/s
h1 full   niquests_blocking    10240 B c= 50 round=3/3    1538.2 req/s
h1 stream pyreqwest_mt    2097152 B c= 10 round=3/3     439.7 req/s
h1 stream ry              4194304 B c=100 round=3/3     286.6 req/s
h1 stream ry              4194304 B c=150 round=3/3     281.2 req/s
h1 full   wreq            2097152 B c=150 round=3/3    1861.2 req/s
h1 stream pyreqwest_mt      10240 B c= 10 round=3/3    2915.2 req/s
h1 full   curl_cffi       1048576 B c=150 round=3/3     632.1 req/s
h1 full   aiohttp           65536 B c= 10 round=3/3    7749.8 req/s
h1 stream curl_cffi       4194304 B c=100 round=3/3     131.6 req/s
h1 full   wreq            1048576 B c=150 round=3/3    3849.0 req/s
h1 stream niquests        1048576 B c=100 round=3/3     516.1 req/s
h1 stream requests         131072 B c=150 round=3/3     622.4 req/s
h1 stream ry_blocking       65536 B c=100 round=3/3    3161.9 req/s
h1 full   ry                65536 B c= 10 round=3/3    2347.1 req/s
h1 full   ry_blocking     4194304 B c=150 round=3/3     864.3 req/s
h1 stream pycurl            65536 B c= 50 round=3/3    2440.6 req/s
h1 full   wreq               1024 B c=150 round=3/3   63257.0 req/s
h1 stream ry_blocking     4194304 B c= 10 round=3/3    1006.9 req/s
h1 full   wreq_blocking   1048576 B c= 50 round=3/3    1480.1 req/s
h1 full   ry              4194304 B c=150 round=3/3     554.3 req/s
h1 full   ry_blocking        1024 B c= 50 round=3/3    7986.2 req/s
h1 full   aiohttp          131072 B c=100 round=3/3    6449.9 req/s
h1 full   niquests          10240 B c= 50 round=3/3    2231.8 req/s
h1 full   requests          10240 B c= 50 round=3/3    1411.3 req/s
h1 full   ry              1048576 B c=100 round=3/3    1545.1 req/s
h1 full   pycurl           131072 B c=100 round=3/3    2503.5 req/s
h1 full   curl_cffi         65536 B c=100 round=3/3    3997.7 req/s
h1 stream wreq_st           65536 B c= 50 round=3/3    6597.7 req/s
h1 stream wreq_blocking   1048576 B c= 10 round=3/3     364.9 req/s
h1 stream wreq_st           65536 B c=100 round=3/3    6112.8 req/s
h1 stream curl_cffi        131072 B c= 50 round=3/3    2259.0 req/s
h1 full   pycurl           131072 B c= 10 round=3/3    2803.0 req/s
h1 stream ry_blocking       65536 B c= 10 round=3/3    3399.6 req/s
h1 stream httpx_blocking   131072 B c= 50 round=3/3     620.3 req/s
h1 full   wreq_blocking    131072 B c=150 round=3/3    3031.4 req/s
h1 full   curl_cffi         65536 B c= 50 round=3/3    4494.1 req/s
h1 stream ry_blocking      131072 B c= 10 round=3/3    3404.2 req/s
h1 stream curl_cffi         65536 B c=150 round=3/3    2423.7 req/s
h1 full   aiohttp          131072 B c=150 round=3/3    6133.2 req/s
h1 full   wreq_blocking   1048576 B c=150 round=3/3    1414.6 req/s
h1 stream wreq              65536 B c=100 round=3/3   20012.7 req/s
h1 stream curl_cffi_blocking   131072 B c=150 round=3/3     430.1 req/s
h1 full   ry_blocking      131072 B c=100 round=3/3    6965.8 req/s
h1 full   curl_cffi_blocking  4194304 B c=150 round=3/3      87.9 req/s
h1 stream httpx           1048576 B c=150 round=3/3     145.4 req/s
h1 full   pyreqwest_st      65536 B c= 10 round=3/3    4110.7 req/s
h1 stream requests           1024 B c= 50 round=3/3    1295.3 req/s
h1 stream ry              2097152 B c=100 round=3/3     337.2 req/s
h2 stream wreq            4194304 B c= 10 round=1/3     181.0 req/s
h2 stream curl_cffi          1024 B c= 50 round=1/3    5411.1 req/s
h2 stream httpx_blocking    65536 B c=150 round=1/3     602.4 req/s
h2 stream ry               131072 B c= 10 round=1/3     526.0 req/s
h2 full   wreq_blocking   2097152 B c= 10 round=1/3    1178.0 req/s
h2 full   niquests_blocking  4194304 B c=150 round=1/3      19.0 req/s
h2 stream pyreqwest_st    4194304 B c=150 round=1/3      63.6 req/s
h2 stream niquests_blocking  4194304 B c=150 round=1/3      18.8 req/s
h2 full   pyreqwest_st     131072 B c=150 round=1/3    1418.0 req/s
h2 full   httpx              1024 B c=100 round=1/3    1647.3 req/s
h2 stream wreq            4194304 B c=150 round=1/3     157.2 req/s
h2 stream httpx_blocking   131072 B c=150 round=1/3     363.2 req/s
h2 full   pyreqwest_st     131072 B c= 50 round=1/3    1643.2 req/s
h2 stream curl_cffi_blocking  2097152 B c=150 round=1/3      79.8 req/s
h2 full   wreq_blocking    131072 B c= 10 round=1/3    3482.7 req/s
h2 full   ry                65536 B c=100 round=1/3    1604.2 req/s
h2 full   niquests           1024 B c=150 round=1/3    2038.9 req/s
h2 full   curl_cffi       1048576 B c=150 round=1/3     582.2 req/s
h2 stream niquests_blocking    65536 B c=150 round=1/3     657.4 req/s
h2 full   ry               131072 B c=100 round=1/3     971.0 req/s
h2 stream httpx_blocking     1024 B c=150 round=1/3    1421.4 req/s
h2 stream httpx              1024 B c= 10 round=1/3    1605.3 req/s
h2 full   pycurl          4194304 B c= 50 round=1/3      56.1 req/s
h2 full   pyreqwest_mt     131072 B c= 50 round=1/3    2482.4 req/s
h2 stream niquests_blocking  2097152 B c=100 round=1/3      36.5 req/s
h2 full   curl_cffi        131072 B c= 50 round=1/3    2923.5 req/s
h2 stream pycurl           131072 B c=100 round=1/3    1209.8 req/s
h2 full   wreq             131072 B c=150 round=1/3    4186.5 req/s
h2 full   ry_blocking       10240 B c=150 round=1/3    6742.6 req/s
h2 full   wreq_blocking    131072 B c=150 round=1/3    3177.8 req/s
h2 full   httpx           2097152 B c=100 round=1/3      37.4 req/s
h2 full   pyreqwest_mt    4194304 B c=150 round=1/3      78.4 req/s
h2 stream wreq_blocking    131072 B c= 10 round=1/3     519.3 req/s
h2 full   httpx_blocking  4194304 B c= 50 round=1/3      10.0 req/s
h2 full   curl_cffi_blocking     1024 B c=100 round=1/3     558.3 req/s
h2 stream pycurl             1024 B c= 50 round=1/3    6474.7 req/s
h2 full   wreq            2097152 B c=100 round=1/3     376.1 req/s
h2 stream httpx_blocking  2097152 B c=150 round=1/3      27.6 req/s
h2 stream curl_cffi_blocking  4194304 B c=150 round=1/3      42.9 req/s
h2 full   niquests_blocking  2097152 B c= 10 round=1/3      36.2 req/s
h2 stream niquests         131072 B c= 10 round=1/3     859.6 req/s
h2 full   httpx_blocking  1048576 B c=100 round=1/3      49.2 req/s
h2 stream pycurl            65536 B c=150 round=1/3    1877.8 req/s
h2 stream ry_blocking      131072 B c=100 round=1/3    1735.2 req/s
h2 stream niquests_blocking   131072 B c=100 round=1/3     416.4 req/s
h2 full   wreq_st           10240 B c=150 round=1/3   25295.0 req/s
h2 full   wreq_blocking     10240 B c= 50 round=1/3    3579.3 req/s
h2 full   niquests         131072 B c= 50 round=1/3     855.5 req/s
h2 stream curl_cffi_blocking  2097152 B c= 10 round=1/3      78.3 req/s
h2 stream pyreqwest_mt    1048576 B c= 50 round=1/3     230.9 req/s
h2 full   pycurl             1024 B c=150 round=1/3    9543.0 req/s
h2 stream niquests_blocking  1048576 B c=150 round=1/3      73.0 req/s
h2 full   ry                10240 B c=100 round=1/3    2913.1 req/s
h2 stream wreq_st           10240 B c= 10 round=1/3   10445.6 req/s
h2 stream curl_cffi       1048576 B c=100 round=1/3     499.4 req/s
h2 full   pyreqwest_st      10240 B c=150 round=1/3    4165.2 req/s
h2 full   ry_blocking       10240 B c= 50 round=1/3    7992.7 req/s
h2 stream curl_cffi         10240 B c= 50 round=1/3    5974.6 req/s
h2 full   pyreqwest_st    2097152 B c=150 round=1/3     140.6 req/s
h2 stream wreq_st           65536 B c= 50 round=1/3    6363.9 req/s
h2 stream curl_cffi_blocking  4194304 B c= 10 round=1/3      42.5 req/s
h2 full   pyreqwest_mt      65536 B c= 10 round=1/3    3900.2 req/s
h2 stream httpx_blocking  4194304 B c= 50 round=1/3      13.4 req/s
h2 full   niquests_blocking     1024 B c=100 round=1/3    1276.0 req/s
h2 stream ry_blocking     1048576 B c= 10 round=1/3     343.3 req/s
h2 stream pyreqwest_mt    4194304 B c= 10 round=1/3      75.7 req/s
h2 stream niquests        4194304 B c= 10 round=1/3      46.8 req/s
h2 full   niquests_blocking     1024 B c=150 round=1/3    1234.6 req/s
h2 full   niquests_blocking  4194304 B c= 10 round=1/3      18.6 req/s
h2 stream pycurl          1048576 B c= 10 round=1/3     188.4 req/s
h2 full   wreq            1048576 B c=150 round=1/3     688.8 req/s
h2 stream httpx_blocking  1048576 B c=150 round=1/3      55.2 req/s
h2 stream curl_cffi_blocking   131072 B c= 10 round=1/3     389.4 req/s
h2 stream curl_cffi_blocking  4194304 B c= 50 round=1/3      42.2 req/s
h2 stream curl_cffi_blocking   131072 B c=100 round=1/3     384.1 req/s
h2 full   httpx           1048576 B c= 10 round=1/3      96.7 req/s
h2 stream wreq_blocking    131072 B c= 50 round=1/3     530.6 req/s
h2 stream wreq            2097152 B c= 50 round=1/3     276.9 req/s
h2 stream pyreqwest_st      10240 B c= 10 round=1/3    2449.2 req/s
h2 stream httpx_blocking  1048576 B c= 50 round=1/3      53.2 req/s
h2 full   pyreqwest_mt    4194304 B c= 50 round=1/3      86.1 req/s
h2 full   niquests         131072 B c=150 round=1/3     842.4 req/s
h2 full   niquests_blocking   131072 B c=100 round=1/3     420.3 req/s
h2 stream pyreqwest_mt      10240 B c=100 round=1/3    3445.2 req/s
h2 stream curl_cffi_blocking   131072 B c= 50 round=1/3     390.8 req/s
h2 stream niquests_blocking  4194304 B c=100 round=1/3      18.5 req/s
h2 full   niquests_blocking   131072 B c= 10 round=1/3     441.3 req/s
h2 full   curl_cffi_blocking  4194304 B c= 50 round=1/3      47.9 req/s
h2 full   curl_cffi       2097152 B c=150 round=1/3     300.7 req/s
h2 full   curl_cffi_blocking  2097152 B c=100 round=1/3      88.1 req/s
h2 full   niquests_blocking  2097152 B c=150 round=1/3      37.5 req/s
h2 stream curl_cffi_blocking  1048576 B c=150 round=1/3     139.5 req/s
h2 stream ry               131072 B c=150 round=1/3     610.8 req/s
h2 full   wreq_blocking      1024 B c=150 round=1/3    3312.7 req/s
h2 stream wreq_blocking   2097152 B c=100 round=1/3     335.6 req/s
h2 full   httpx             65536 B c=100 round=1/3     881.2 req/s
h2 stream httpx           2097152 B c=100 round=1/3      52.4 req/s
h2 full   httpx_blocking     1024 B c=100 round=1/3    1457.2 req/s
h2 full   niquests           1024 B c=100 round=1/3    2096.6 req/s
h2 full   curl_cffi_blocking  1048576 B c= 10 round=1/3     152.0 req/s
h2 stream curl_cffi       1048576 B c= 10 round=1/3     458.8 req/s
h2 full   pycurl            65536 B c=150 round=1/3    2821.3 req/s
h2 full   httpx_blocking   131072 B c= 10 round=1/3     364.1 req/s
h2 full   curl_cffi_blocking    65536 B c=150 round=1/3     485.3 req/s
h2 full   pyreqwest_mt       1024 B c= 10 round=1/3    6800.9 req/s
h2 full   httpx           1048576 B c=150 round=1/3      87.7 req/s
h2 stream pyreqwest_mt    4194304 B c= 50 round=1/3      76.6 req/s
h2 full   wreq_st           65536 B c=150 round=1/3   12207.0 req/s
h2 stream pyreqwest_mt      10240 B c= 10 round=1/3    2919.2 req/s
h2 stream niquests        4194304 B c=150 round=1/3      48.5 req/s
h2 stream curl_cffi       2097152 B c=100 round=1/3     259.3 req/s
h2 stream pycurl             1024 B c=150 round=1/3    5592.9 req/s
h2 full   pycurl          4194304 B c=100 round=1/3      56.0 req/s
h2 full   pyreqwest_st    1048576 B c=150 round=1/3     262.2 req/s
h2 full   ry              4194304 B c=150 round=1/3      39.7 req/s
h2 stream niquests_blocking   131072 B c= 50 round=1/3     425.2 req/s
h2 stream wreq               1024 B c= 10 round=1/3   10194.5 req/s
h2 stream wreq              10240 B c=150 round=1/3   19066.3 req/s
h2 full   curl_cffi       2097152 B c=100 round=1/3     310.2 req/s
h2 full   httpx_blocking    10240 B c= 10 round=1/3    1410.1 req/s
h2 full   pycurl          1048576 B c= 10 round=1/3     211.9 req/s
h2 stream pyreqwest_mt     131072 B c= 50 round=1/3    1195.7 req/s
h2 stream ry              1048576 B c= 10 round=1/3     103.4 req/s
h2 stream niquests          10240 B c=150 round=1/3    1986.4 req/s
h2 stream pyreqwest_st       1024 B c=100 round=1/3    2554.6 req/s
h2 stream wreq_blocking     10240 B c= 50 round=1/3     559.0 req/s
h2 stream wreq_blocking   2097152 B c= 50 round=1/3     336.2 req/s
h2 stream httpx_blocking     1024 B c=100 round=1/3    1445.6 req/s
h2 full   ry                10240 B c= 10 round=1/3    2418.2 req/s
h2 full   wreq_blocking     65536 B c= 50 round=1/3    3599.2 req/s
h2 full   pyreqwest_st    2097152 B c=100 round=1/3     139.1 req/s
h2 full   curl_cffi_blocking     1024 B c= 10 round=1/3     556.7 req/s
h2 stream ry_blocking       10240 B c=150 round=1/3    4559.4 req/s
h2 stream ry_blocking     1048576 B c=150 round=1/3     331.5 req/s
h2 full   ry              1048576 B c=100 round=1/3     151.7 req/s
h2 full   wreq            2097152 B c= 10 round=1/3     355.5 req/s
h2 stream pyreqwest_st       1024 B c= 50 round=1/3    2441.6 req/s
h2 full   niquests        2097152 B c= 50 round=1/3      98.1 req/s
h2 full   ry_blocking        1024 B c= 50 round=1/3    7975.2 req/s
h2 stream ry_blocking        1024 B c= 10 round=1/3    5426.0 req/s
h2 full   wreq_st         1048576 B c= 50 round=1/3     855.1 req/s
h2 stream ry                10240 B c= 50 round=1/3    1685.7 req/s
h2 stream pyreqwest_mt       1024 B c=100 round=1/3    3564.6 req/s
h2 full   wreq_st         1048576 B c=100 round=1/3     834.9 req/s
h2 stream wreq_blocking   1048576 B c=150 round=1/3     375.9 req/s
h2 stream curl_cffi         65536 B c=150 round=1/3    2761.8 req/s
h2 full   wreq              65536 B c=150 round=1/3    8201.4 req/s
h2 stream niquests_blocking    10240 B c=150 round=1/3    1205.9 req/s
h2 full   niquests_blocking  1048576 B c= 50 round=1/3      71.3 req/s
h2 full   curl_cffi_blocking   131072 B c= 50 round=1/3     429.7 req/s
h2 full   wreq_blocking      1024 B c= 50 round=1/3    3658.5 req/s
h2 stream pyreqwest_st    4194304 B c= 10 round=1/3      59.2 req/s
h2 stream wreq            1048576 B c= 50 round=1/3     561.5 req/s
h2 full   wreq_blocking     65536 B c=100 round=1/3    3452.8 req/s
h2 stream pyreqwest_mt    1048576 B c= 10 round=1/3     224.2 req/s
h2 full   wreq             131072 B c= 50 round=1/3    4204.5 req/s
h2 stream wreq_st            1024 B c=100 round=1/3   19365.6 req/s
h2 full   niquests_blocking    10240 B c=100 round=1/3    1243.3 req/s
h2 full   niquests_blocking    65536 B c= 10 round=1/3     691.8 req/s
h2 stream wreq            4194304 B c= 50 round=1/3     142.9 req/s
h2 stream niquests        2097152 B c=100 round=1/3      93.4 req/s
h2 stream niquests         131072 B c=100 round=1/3     872.1 req/s
h2 stream wreq              10240 B c= 10 round=1/3    9987.8 req/s
h2 full   pyreqwest_st       1024 B c= 10 round=1/3    4428.5 req/s
h2 stream pyreqwest_st      65536 B c= 10 round=1/3    1158.6 req/s
h2 stream niquests_blocking    65536 B c=100 round=1/3     660.8 req/s
h2 stream httpx_blocking   131072 B c=100 round=1/3     357.4 req/s
h2 full   wreq_blocking      1024 B c=100 round=1/3    3529.3 req/s
h2 full   httpx_blocking    10240 B c=100 round=1/3    1458.4 req/s
h2 full   wreq_st           65536 B c= 10 round=1/3   10040.7 req/s
h2 full   curl_cffi       4194304 B c=100 round=1/3     158.0 req/s
h2 stream curl_cffi         10240 B c=150 round=1/3    6248.9 req/s
h2 stream curl_cffi_blocking    10240 B c=150 round=1/3     526.2 req/s
h2 full   wreq_st         2097152 B c= 10 round=1/3     415.5 req/s
h2 full   wreq            4194304 B c=150 round=1/3     184.4 req/s
h2 stream wreq_blocking      1024 B c=150 round=1/3     545.5 req/s
h2 full   ry_blocking     2097152 B c=150 round=1/3     231.9 req/s
h2 stream pyreqwest_st    4194304 B c=100 round=1/3      60.9 req/s
h2 stream niquests_blocking    10240 B c= 10 round=1/3    1325.1 req/s
h2 stream pyreqwest_st     131072 B c=150 round=1/3     962.0 req/s
h2 full   wreq              65536 B c= 10 round=1/3    6352.0 req/s
h2 stream httpx            131072 B c= 50 round=1/3     569.5 req/s
h2 full   niquests        4194304 B c= 10 round=1/3      48.1 req/s
h2 full   ry_blocking        1024 B c= 10 round=1/3    8765.2 req/s
h2 full   ry_blocking     1048576 B c=100 round=1/3     418.3 req/s
h2 stream httpx_blocking  2097152 B c= 10 round=1/3      27.0 req/s
h2 full   ry_blocking     4194304 B c=150 round=1/3     109.0 req/s
h2 full   wreq_blocking     10240 B c=150 round=1/3    3319.5 req/s
h2 stream ry              4194304 B c= 50 round=1/3      37.0 req/s
h2 stream curl_cffi        131072 B c=100 round=1/3    2665.5 req/s
h2 stream wreq_blocking     10240 B c=100 round=1/3     556.1 req/s
h2 full   ry              4194304 B c= 10 round=1/3      33.3 req/s
h2 full   pyreqwest_mt    1048576 B c= 50 round=1/3     326.8 req/s
h2 stream pyreqwest_st       1024 B c= 10 round=1/3    2394.3 req/s
h2 full   niquests_blocking  2097152 B c=100 round=1/3      36.9 req/s
h2 stream niquests_blocking  4194304 B c= 50 round=1/3      18.5 req/s
h2 stream pycurl           131072 B c=150 round=1/3    1230.5 req/s
h2 full   wreq_blocking   1048576 B c= 50 round=1/3    1768.7 req/s
h2 full   httpx_blocking    10240 B c= 50 round=1/3    1497.4 req/s
h2 full   ry_blocking        1024 B c=100 round=1/3    7190.4 req/s
h2 full   pyreqwest_st      65536 B c=150 round=1/3    2554.1 req/s
h2 full   niquests        2097152 B c=100 round=1/3      96.1 req/s
h2 full   ry              1048576 B c=150 round=1/3     149.4 req/s
h2 full   curl_cffi       1048576 B c=100 round=1/3     616.9 req/s
h2 full   httpx_blocking     1024 B c=150 round=1/3    1435.1 req/s
h2 stream pycurl            10240 B c=100 round=1/3    6113.9 req/s
h2 full   curl_cffi_blocking    65536 B c=100 round=1/3     487.0 req/s
h2 stream ry               131072 B c= 50 round=1/3     633.5 req/s
h2 full   niquests           1024 B c= 10 round=1/3    1992.9 req/s
h2 full   pyreqwest_mt      65536 B c=150 round=1/3    4447.5 req/s
h2 stream httpx           4194304 B c= 10 round=1/3      28.4 req/s
h2 stream wreq               1024 B c= 50 round=1/3   19401.4 req/s
h2 stream ry_blocking     2097152 B c= 50 round=1/3     192.0 req/s
h2 stream pyreqwest_mt      10240 B c=150 round=1/3    3498.5 req/s
h2 stream wreq_blocking     65536 B c= 10 round=1/3     527.0 req/s
h2 full   pyreqwest_mt    2097152 B c= 10 round=1/3     169.0 req/s
h2 full   curl_cffi       4194304 B c= 10 round=1/3     146.2 req/s
h2 stream ry                10240 B c=100 round=1/3    1729.5 req/s
h2 full   pycurl             1024 B c= 50 round=1/3   11529.6 req/s
h2 full   niquests_blocking    10240 B c= 50 round=1/3    1274.3 req/s
h2 full   httpx           2097152 B c=150 round=1/3      38.3 req/s
h2 full   pyreqwest_st     131072 B c= 10 round=1/3    1641.1 req/s
h2 stream niquests        4194304 B c=100 round=1/3      48.8 req/s
h2 full   wreq            4194304 B c= 10 round=1/3     157.9 req/s
h2 stream niquests        1048576 B c= 50 round=1/3     178.8 req/s
h2 full   pyreqwest_mt     131072 B c=100 round=1/3    2457.7 req/s
h2 stream niquests_blocking  2097152 B c= 50 round=1/3      36.5 req/s
h2 stream curl_cffi          1024 B c=150 round=1/3    5286.2 req/s
h2 full   pyreqwest_st      65536 B c= 50 round=1/3    2650.9 req/s
h2 full   httpx_blocking  1048576 B c=150 round=1/3      51.5 req/s
h2 full   niquests          65536 B c=100 round=1/3    1276.0 req/s
h2 full   wreq_st            1024 B c= 50 round=1/3   25979.7 req/s
h2 stream niquests          65536 B c= 50 round=1/3    1294.9 req/s
h2 full   httpx             10240 B c= 50 round=1/3    1529.4 req/s
h2 stream curl_cffi         65536 B c= 50 round=1/3    2688.4 req/s
h2 stream wreq              65536 B c=150 round=1/3    6790.7 req/s
h2 full   pyreqwest_mt    1048576 B c=100 round=1/3     311.8 req/s
h2 stream ry                10240 B c= 10 round=1/3    1467.5 req/s
h2 stream httpx_blocking    10240 B c= 10 round=1/3    1560.4 req/s
h2 full   niquests_blocking  1048576 B c= 10 round=1/3      71.7 req/s
h2 stream wreq_st           65536 B c=100 round=1/3    7239.6 req/s
h2 stream wreq_st           10240 B c=100 round=1/3   14643.1 req/s
h2 full   wreq            1048576 B c= 50 round=1/3     675.6 req/s
h2 stream pycurl            10240 B c= 10 round=1/3    6617.7 req/s
h2 stream httpx           2097152 B c= 10 round=1/3      57.5 req/s
h2 stream httpx_blocking  4194304 B c= 10 round=1/3      13.4 req/s
h2 full   curl_cffi_blocking  2097152 B c= 10 round=1/3      87.9 req/s
h2 full   httpx_blocking   131072 B c= 50 round=1/3     362.4 req/s
h2 full   wreq_st         4194304 B c=100 round=1/3     237.1 req/s
h2 stream pyreqwest_mt      65536 B c= 10 round=1/3    1369.5 req/s
h2 stream pycurl            10240 B c=150 round=1/3    5611.1 req/s
h2 full   wreq_blocking   2097152 B c=150 round=1/3    1058.4 req/s
h2 full   pyreqwest_st       1024 B c= 50 round=1/3    4299.4 req/s
h2 full   wreq_blocking    131072 B c= 50 round=1/3    3516.8 req/s
h2 stream curl_cffi_blocking  4194304 B c=100 round=1/3      41.8 req/s
h2 stream httpx_blocking  1048576 B c= 10 round=1/3      53.5 req/s
h2 full   ry                65536 B c=150 round=1/3    1548.8 req/s
h2 full   ry_blocking       65536 B c= 10 round=1/3    4701.2 req/s
h2 stream ry_blocking      131072 B c= 10 round=1/3    1890.2 req/s
h2 full   curl_cffi_blocking  2097152 B c=150 round=1/3      90.4 req/s
h2 stream ry              2097152 B c=100 round=1/3      67.7 req/s
h2 stream curl_cffi          1024 B c=100 round=1/3    5994.4 req/s
h2 full   pycurl           131072 B c= 10 round=1/3    1627.1 req/s
h2 stream pyreqwest_mt       1024 B c= 50 round=1/3    3425.0 req/s
h2 full   httpx            131072 B c=150 round=1/3     589.0 req/s
h2 stream httpx              1024 B c=100 round=1/3    1609.3 req/s
h2 stream wreq_st          131072 B c= 10 round=1/3    4168.5 req/s
h2 full   wreq_st           10240 B c=100 round=1/3   24955.7 req/s
h2 stream ry               131072 B c=100 round=1/3     611.4 req/s
h2 stream httpx_blocking  4194304 B c=150 round=1/3      13.8 req/s
h2 stream wreq             131072 B c=150 round=1/3    4514.8 req/s
h2 full   niquests        1048576 B c= 10 round=1/3     176.1 req/s
h2 full   pyreqwest_st    4194304 B c= 10 round=1/3      66.5 req/s
h2 stream niquests          10240 B c= 50 round=1/3    1901.1 req/s
h2 stream pyreqwest_mt    2097152 B c=100 round=1/3     135.1 req/s
h2 full   ry_blocking     1048576 B c= 50 round=1/3     426.4 req/s
h2 full   ry_blocking     2097152 B c= 50 round=1/3     220.4 req/s
h2 stream niquests        2097152 B c=150 round=1/3      96.3 req/s
h2 full   niquests_blocking  2097152 B c= 50 round=1/3      36.6 req/s
h2 full   curl_cffi_blocking  2097152 B c= 50 round=1/3      88.6 req/s
h2 stream wreq_st            1024 B c=150 round=1/3   15980.2 req/s
h2 stream niquests           1024 B c=100 round=1/3    1968.9 req/s
h2 full   wreq              65536 B c=100 round=1/3    7806.9 req/s
h2 stream httpx            131072 B c=150 round=1/3     587.2 req/s
h2 stream pyreqwest_st    2097152 B c=150 round=1/3     111.9 req/s
h2 full   curl_cffi_blocking  4194304 B c= 10 round=1/3      47.8 req/s
h2 full   pyreqwest_mt      65536 B c= 50 round=1/3    4198.7 req/s
h2 stream pyreqwest_mt    1048576 B c=150 round=1/3     223.8 req/s
h2 stream httpx_blocking     1024 B c= 50 round=1/3    1512.2 req/s
h2 stream wreq_st         1048576 B c= 50 round=1/3     849.1 req/s
h2 full   niquests        4194304 B c= 50 round=1/3      48.9 req/s
h2 full   niquests          10240 B c= 10 round=1/3    2036.1 req/s
h2 full   ry               131072 B c= 10 round=1/3     890.7 req/s
h2 full   httpx              1024 B c= 10 round=1/3    1468.4 req/s
h2 full   niquests         131072 B c=100 round=1/3     896.8 req/s
h2 full   pyreqwest_st      10240 B c= 50 round=1/3    4115.1 req/s
h2 full   pyreqwest_mt    2097152 B c=100 round=1/3     161.4 req/s
h2 full   ry                 1024 B c=100 round=1/3    2844.2 req/s
h2 full   wreq_st         2097152 B c= 50 round=1/3     410.4 req/s
h2 full   httpx           1048576 B c= 50 round=1/3      93.8 req/s
h2 full   pycurl            10240 B c=100 round=1/3   10230.0 req/s
h2 full   wreq               1024 B c=150 round=1/3   33601.6 req/s
h2 stream pyreqwest_st       1024 B c=150 round=1/3    2531.9 req/s
h2 stream ry_blocking     1048576 B c= 50 round=1/3     340.9 req/s
h2 stream curl_cffi        131072 B c= 50 round=1/3    2240.3 req/s
h2 stream curl_cffi_blocking    65536 B c=150 round=1/3     442.8 req/s
h2 stream niquests_blocking   131072 B c= 10 round=1/3     436.4 req/s
h2 stream pyreqwest_st      10240 B c= 50 round=1/3    2539.0 req/s
h2 stream wreq            1048576 B c=100 round=1/3     566.2 req/s
h2 full   wreq_blocking     65536 B c= 10 round=1/3    3435.5 req/s
h2 stream pyreqwest_st    1048576 B c=150 round=1/3     187.0 req/s
h2 stream wreq              65536 B c= 10 round=1/3    5398.5 req/s
h2 full   curl_cffi          1024 B c=150 round=1/3    7646.7 req/s
h2 full   httpx_blocking  4194304 B c=150 round=1/3      10.3 req/s
h2 stream wreq               1024 B c=100 round=1/3   22781.0 req/s
h2 stream ry_blocking      131072 B c= 50 round=1/3    1800.5 req/s
h2 stream niquests        1048576 B c= 10 round=1/3     179.4 req/s
h2 stream curl_cffi       4194304 B c= 50 round=1/3     133.9 req/s
h2 full   wreq            1048576 B c= 10 round=1/3     657.3 req/s
h2 stream httpx           2097152 B c=150 round=1/3      52.9 req/s
h2 full   pyreqwest_mt      10240 B c= 10 round=1/3    6551.1 req/s
h2 stream ry_blocking        1024 B c=150 round=1/3    4599.1 req/s
h2 full   ry_blocking     4194304 B c= 50 round=1/3     108.6 req/s
h2 full   httpx              1024 B c=150 round=1/3    1700.7 req/s
h2 stream pycurl          2097152 B c=100 round=1/3      97.8 req/s
h2 stream niquests          65536 B c= 10 round=1/3    1316.6 req/s
h2 stream wreq             131072 B c= 10 round=1/3    3460.6 req/s
h2 full   httpx            131072 B c=100 round=1/3     573.6 req/s
h2 stream niquests          10240 B c=100 round=1/3    1950.3 req/s
h2 full   niquests        2097152 B c= 10 round=1/3      97.3 req/s
h2 stream ry                 1024 B c= 50 round=1/3    1671.9 req/s
h2 full   ry              2097152 B c=150 round=1/3      78.5 req/s
h2 stream pyreqwest_mt    4194304 B c=150 round=1/3      71.2 req/s
h2 full   wreq              10240 B c= 50 round=1/3   23951.2 req/s
h2 stream ry                65536 B c= 50 round=1/3     820.5 req/s
h2 stream httpx_blocking    65536 B c= 10 round=1/3     620.2 req/s
h2 full   pyreqwest_st      65536 B c=100 round=1/3    2706.7 req/s
h2 stream wreq_blocking   4194304 B c= 10 round=1/3     279.0 req/s
h2 stream pycurl            65536 B c= 10 round=1/3    1963.6 req/s
h2 stream wreq_blocking     65536 B c=100 round=1/3     524.0 req/s
h2 stream pyreqwest_st    1048576 B c= 50 round=1/3     183.8 req/s
h2 full   curl_cffi       1048576 B c= 50 round=1/3     594.1 req/s
h2 stream ry_blocking       65536 B c= 50 round=1/3    2457.0 req/s
h2 stream curl_cffi         10240 B c=100 round=1/3    5842.7 req/s
h2 stream curl_cffi_blocking  1048576 B c= 10 round=1/3     138.0 req/s
h2 stream wreq_blocking      1024 B c= 10 round=1/3     561.9 req/s
h2 stream ry              1048576 B c= 50 round=1/3     117.7 req/s
h2 full   curl_cffi_blocking    65536 B c= 10 round=1/3     483.4 req/s
h2 stream wreq              10240 B c=100 round=1/3   20645.4 req/s
h2 stream niquests_blocking    10240 B c= 50 round=1/3    1275.4 req/s
h2 full   ry               131072 B c=150 round=1/3     931.9 req/s
h2 stream pycurl          1048576 B c=100 round=1/3     191.0 req/s
h2 full   ry_blocking       10240 B c=100 round=1/3    7326.1 req/s
h2 stream curl_cffi_blocking  1048576 B c= 50 round=1/3     136.6 req/s
h2 stream ry_blocking     2097152 B c= 10 round=1/3     187.9 req/s
h2 stream curl_cffi         65536 B c=100 round=1/3    2807.0 req/s
h2 stream httpx           4194304 B c=150 round=1/3      26.4 req/s
h2 stream pyreqwest_st     131072 B c= 10 round=1/3     933.5 req/s
h2 full   wreq_blocking   2097152 B c=100 round=1/3    1058.9 req/s
h2 stream httpx_blocking    10240 B c= 50 round=1/3    1480.8 req/s
h2 full   curl_cffi_blocking    10240 B c= 50 round=1/3     559.6 req/s
h2 full   ry_blocking      131072 B c=150 round=1/3    2429.9 req/s
h2 full   wreq_blocking   4194304 B c=150 round=1/3     617.1 req/s
h2 stream niquests          65536 B c=150 round=1/3    1185.7 req/s
h2 full   ry              1048576 B c= 50 round=1/3     149.4 req/s
h2 stream pyreqwest_mt      65536 B c= 50 round=1/3    1530.7 req/s
h2 stream wreq_st         4194304 B c=150 round=1/3     203.4 req/s
h2 full   wreq_st           65536 B c=100 round=1/3   12631.3 req/s
h2 stream curl_cffi_blocking    10240 B c=100 round=1/3     527.9 req/s
h2 stream wreq_blocking     65536 B c= 50 round=1/3     530.2 req/s
h2 full   pyreqwest_st    2097152 B c= 10 round=1/3     133.7 req/s
h2 full   pycurl           131072 B c=100 round=1/3    1614.5 req/s
h2 stream niquests         131072 B c=150 round=1/3     892.3 req/s
h2 stream httpx_blocking   131072 B c= 50 round=1/3     361.7 req/s
h2 full   ry                65536 B c= 10 round=1/3    1395.6 req/s
h2 stream curl_cffi       2097152 B c=150 round=1/3     240.6 req/s
h2 stream pyreqwest_st     131072 B c=100 round=1/3     940.1 req/s
h2 stream ry_blocking        1024 B c= 50 round=1/3    5072.3 req/s
h2 stream wreq_st           10240 B c=150 round=1/3   14944.4 req/s
h2 stream wreq_st           65536 B c=150 round=1/3    6497.0 req/s
h2 stream pyreqwest_st      10240 B c=100 round=1/3    2546.9 req/s
h2 full   niquests_blocking    65536 B c= 50 round=1/3     678.8 req/s
h2 full   pycurl             1024 B c=100 round=1/3   10017.2 req/s
h2 stream ry_blocking       65536 B c=150 round=1/3    2323.7 req/s
h2 stream wreq_blocking     10240 B c=150 round=1/3     549.8 req/s
h2 stream httpx_blocking  2097152 B c= 50 round=1/3      27.0 req/s
h2 stream curl_cffi_blocking    65536 B c=100 round=1/3     444.0 req/s
h2 stream wreq_blocking   1048576 B c=100 round=1/3     376.1 req/s
h2 full   curl_cffi          1024 B c= 50 round=1/3    7600.7 req/s
h2 full   ry_blocking        1024 B c=150 round=1/3    6850.2 req/s
h2 full   niquests          10240 B c= 50 round=1/3    2008.1 req/s
h2 stream curl_cffi       2097152 B c= 50 round=1/3     268.3 req/s
h2 full   pyreqwest_st    2097152 B c= 50 round=1/3     138.9 req/s
h2 full   pyreqwest_st     131072 B c=100 round=1/3    1672.1 req/s
h2 stream pyreqwest_st      65536 B c=150 round=1/3    1239.5 req/s
h2 stream curl_cffi_blocking     1024 B c= 50 round=1/3     528.7 req/s
h2 stream pycurl          1048576 B c= 50 round=1/3     193.0 req/s
h2 full   ry                10240 B c=150 round=1/3    2958.2 req/s
h2 full   wreq_blocking   4194304 B c= 50 round=1/3     659.2 req/s
h2 full   wreq_blocking   1048576 B c=100 round=1/3    1674.2 req/s
h2 stream pyreqwest_mt      65536 B c=150 round=1/3    1640.2 req/s
h2 full   curl_cffi_blocking    10240 B c= 10 round=1/3     558.4 req/s
h2 stream ry              2097152 B c= 10 round=1/3      55.2 req/s
h2 full   wreq_blocking   1048576 B c=150 round=1/3    1638.3 req/s
h2 full   ry_blocking       65536 B c= 50 round=1/3    4290.0 req/s
h2 stream curl_cffi        131072 B c= 10 round=1/3    1518.6 req/s
h2 stream httpx_blocking    65536 B c=100 round=1/3     597.1 req/s
h2 full   pyreqwest_st    1048576 B c= 10 round=1/3     264.3 req/s
h2 full   wreq            2097152 B c=150 round=1/3     319.5 req/s
h2 stream ry                 1024 B c=150 round=1/3    1715.9 req/s
h2 stream niquests          65536 B c=100 round=1/3    1268.1 req/s
h2 stream niquests_blocking    65536 B c= 10 round=1/3     684.9 req/s
h2 stream httpx             65536 B c= 10 round=1/3     815.2 req/s
h2 full   ry               131072 B c= 50 round=1/3     970.9 req/s
h2 full   pyreqwest_mt      10240 B c=150 round=1/3    7853.6 req/s
h2 stream pycurl            65536 B c= 50 round=1/3    1971.0 req/s
h2 stream pycurl             1024 B c=100 round=1/3    5983.9 req/s
h2 stream wreq_st           65536 B c= 10 round=1/3    5835.6 req/s
h2 stream httpx            131072 B c= 10 round=1/3     525.0 req/s
h2 full   ry_blocking      131072 B c= 50 round=1/3    2714.0 req/s
h2 stream wreq_blocking      1024 B c=100 round=1/3     555.9 req/s
h2 stream ry_blocking       10240 B c= 50 round=1/3    4921.5 req/s
h2 stream ry              4194304 B c= 10 round=1/3      30.1 req/s
h2 full   wreq_st            1024 B c= 10 round=1/3   18788.0 req/s
h2 stream niquests           1024 B c= 10 round=1/3    1996.6 req/s
h2 full   ry              2097152 B c= 10 round=1/3      62.5 req/s
h2 stream pyreqwest_mt       1024 B c= 10 round=1/3    3004.6 req/s
h2 full   pyreqwest_mt    1048576 B c= 10 round=1/3     341.5 req/s
h2 stream ry_blocking     1048576 B c=100 round=1/3     336.2 req/s
h2 full   pyreqwest_mt      10240 B c= 50 round=1/3    7295.6 req/s
h2 full   httpx_blocking    10240 B c=150 round=1/3    1408.0 req/s
h2 stream curl_cffi_blocking    10240 B c= 10 round=1/3     527.9 req/s
h2 stream curl_cffi_blocking   131072 B c=150 round=1/3     390.7 req/s
h2 stream pyreqwest_mt      10240 B c= 50 round=1/3    3471.2 req/s
h2 stream httpx_blocking  2097152 B c=100 round=1/3      26.5 req/s
h2 stream niquests_blocking  2097152 B c=150 round=1/3      37.6 req/s
h2 stream pyreqwest_st    2097152 B c= 50 round=1/3     116.0 req/s
h2 full   pyreqwest_mt     131072 B c= 10 round=1/3    2303.1 req/s
h2 full   pyreqwest_st    1048576 B c= 50 round=1/3     259.3 req/s
h2 full   pyreqwest_st      10240 B c= 10 round=1/3    4235.8 req/s
h2 full   curl_cffi         65536 B c=100 round=1/3    4722.7 req/s
h2 stream ry_blocking     2097152 B c=100 round=1/3     190.2 req/s
h2 full   niquests        4194304 B c=150 round=1/3      50.0 req/s
h2 stream wreq_blocking   1048576 B c= 10 round=1/3     377.1 req/s
h2 stream wreq_st          131072 B c=100 round=1/3    6185.5 req/s
h2 stream ry_blocking     4194304 B c=100 round=1/3      99.6 req/s
h2 stream httpx           4194304 B c=100 round=1/3      26.4 req/s
h2 stream niquests_blocking    65536 B c= 50 round=1/3     683.8 req/s
h2 stream ry                65536 B c=150 round=1/3     817.7 req/s
h2 full   ry                65536 B c= 50 round=1/3    1513.3 req/s
h2 stream pyreqwest_st    1048576 B c= 10 round=1/3     188.5 req/s
h2 full   pyreqwest_st    4194304 B c=150 round=1/3      73.6 req/s
h2 stream curl_cffi_blocking    10240 B c= 50 round=1/3     531.9 req/s
h2 full   wreq_st          131072 B c=100 round=1/3    6371.6 req/s
h2 full   pycurl           131072 B c=150 round=1/3    1561.9 req/s
h2 full   pycurl             1024 B c= 10 round=1/3   13257.0 req/s
h2 full   httpx           4194304 B c=150 round=1/3      15.2 req/s
h2 full   pycurl            65536 B c= 50 round=1/3    3114.6 req/s
h2 full   wreq_st          131072 B c=150 round=1/3    6191.4 req/s
h2 stream httpx              1024 B c=150 round=1/3    1619.8 req/s
h2 stream pycurl           131072 B c= 10 round=1/3    1233.7 req/s
h2 stream wreq              10240 B c= 50 round=1/3   21067.8 req/s
h2 stream curl_cffi       2097152 B c= 10 round=1/3     249.6 req/s
h2 full   niquests        1048576 B c= 50 round=1/3     181.8 req/s
h2 stream pyreqwest_st      65536 B c=100 round=1/3    1251.3 req/s
h2 full   wreq_st          131072 B c= 10 round=1/3    6125.4 req/s
h2 full   httpx_blocking  2097152 B c= 50 round=1/3      23.3 req/s
h2 full   ry_blocking     4194304 B c=100 round=1/3     107.9 req/s
h2 full   pycurl          2097152 B c=100 round=1/3     111.0 req/s
h2 full   wreq_blocking   4194304 B c= 10 round=1/3     686.8 req/s
h2 full   wreq_blocking     10240 B c=100 round=1/3    3453.7 req/s
h2 stream httpx             65536 B c=100 round=1/3     877.9 req/s
h2 stream wreq_st          131072 B c= 50 round=1/3    6044.7 req/s
h2 full   wreq            4194304 B c=100 round=1/3     159.8 req/s
h2 stream pyreqwest_mt    2097152 B c=150 round=1/3     132.0 req/s
h2 stream wreq_st         2097152 B c=150 round=1/3     415.1 req/s
h2 full   niquests          65536 B c= 10 round=1/3    1320.3 req/s
h2 stream ry              1048576 B c=150 round=1/3     119.7 req/s
h2 full   niquests_blocking     1024 B c= 10 round=1/3    1337.9 req/s
h2 stream httpx             10240 B c= 50 round=1/3    1575.1 req/s
h2 full   curl_cffi         65536 B c= 50 round=1/3    4507.4 req/s
h2 stream curl_cffi          1024 B c= 10 round=1/3    4461.3 req/s
h2 stream curl_cffi_blocking    65536 B c= 10 round=1/3     441.5 req/s
h2 full   niquests_blocking    10240 B c=150 round=1/3    1214.7 req/s
h2 stream httpx_blocking    10240 B c=150 round=1/3    1414.7 req/s
h2 stream pyreqwest_mt     131072 B c=150 round=1/3    1267.9 req/s
h2 stream httpx             10240 B c=150 round=1/3    1655.1 req/s
h2 stream pyreqwest_st    1048576 B c=100 round=1/3     189.9 req/s
h2 stream httpx           1048576 B c= 50 round=1/3     105.7 req/s
h2 full   pyreqwest_mt    1048576 B c=150 round=1/3     307.8 req/s
h2 full   pycurl          1048576 B c=150 round=1/3     221.7 req/s
h2 full   httpx             65536 B c= 10 round=1/3     815.5 req/s
h2 stream wreq_blocking   4194304 B c=100 round=1/3     274.1 req/s
h2 full   curl_cffi        131072 B c= 10 round=1/3    2070.5 req/s
h2 full   wreq_st            1024 B c=100 round=1/3   29219.1 req/s
h2 full   curl_cffi       4194304 B c= 50 round=1/3     154.8 req/s
h2 full   ry_blocking     2097152 B c=100 round=1/3     228.5 req/s
h2 stream wreq_blocking   4194304 B c= 50 round=1/3     277.2 req/s
h2 full   wreq            1048576 B c=100 round=1/3     613.0 req/s
h2 stream pyreqwest_mt       1024 B c=150 round=1/3    3579.9 req/s
h2 stream ry_blocking      131072 B c=150 round=1/3    1744.1 req/s
h2 stream httpx           1048576 B c= 10 round=1/3     110.6 req/s
h2 full   wreq_st           65536 B c= 50 round=1/3   12255.5 req/s
h2 stream httpx_blocking  1048576 B c=100 round=1/3      52.9 req/s
h2 stream wreq_blocking   1048576 B c= 50 round=1/3     377.2 req/s
h2 full   niquests        2097152 B c=150 round=1/3     103.1 req/s
h2 stream curl_cffi_blocking  2097152 B c= 50 round=1/3      79.5 req/s
h2 full   pyreqwest_mt    2097152 B c=150 round=1/3     155.8 req/s
h2 stream ry                65536 B c= 10 round=1/3     718.9 req/s
h2 stream curl_cffi       1048576 B c= 50 round=1/3     529.9 req/s
h2 full   niquests_blocking    65536 B c=100 round=1/3     663.2 req/s
h2 full   niquests          10240 B c=100 round=1/3    2042.3 req/s
h2 stream pyreqwest_mt     131072 B c=100 round=1/3    1253.8 req/s
h2 full   wreq               1024 B c= 50 round=1/3   29949.0 req/s
h2 full   niquests_blocking  4194304 B c=100 round=1/3      18.4 req/s
h2 full   httpx            131072 B c= 10 round=1/3     529.3 req/s
h2 full   curl_cffi_blocking  1048576 B c=150 round=1/3     155.9 req/s
h2 full   curl_cffi          1024 B c=100 round=1/3    7259.0 req/s
h2 stream niquests         131072 B c= 50 round=1/3     865.5 req/s
h2 stream httpx             65536 B c= 50 round=1/3     854.2 req/s
h2 full   httpx             10240 B c= 10 round=1/3    1472.6 req/s
h2 stream httpx              1024 B c= 50 round=1/3    1607.6 req/s
h2 stream niquests        1048576 B c=100 round=1/3     173.7 req/s
h2 full   niquests_blocking    65536 B c=150 round=1/3     651.0 req/s
h2 full   pycurl          1048576 B c= 50 round=1/3     220.3 req/s
h2 full   pyreqwest_st    4194304 B c=100 round=1/3      70.2 req/s
h2 stream pyreqwest_st     131072 B c= 50 round=1/3     985.9 req/s
h2 full   niquests_blocking    10240 B c= 10 round=1/3    1309.1 req/s
h2 full   wreq               1024 B c= 10 round=1/3   12408.7 req/s
h2 full   httpx_blocking    65536 B c= 10 round=1/3     629.4 req/s
h2 full   pycurl            65536 B c= 10 round=1/3    3001.6 req/s
h2 stream niquests        4194304 B c= 50 round=1/3      47.0 req/s
h2 full   pyreqwest_mt    2097152 B c= 50 round=1/3     164.3 req/s
h2 stream httpx_blocking  4194304 B c=100 round=1/3      13.2 req/s
h2 full   httpx_blocking  2097152 B c=100 round=1/3      22.7 req/s
h2 stream curl_cffi       1048576 B c=150 round=1/3     467.4 req/s
h2 full   wreq             131072 B c= 10 round=1/3    3980.5 req/s
h2 full   ry                 1024 B c=150 round=1/3    2924.6 req/s
h2 full   niquests_blocking     1024 B c= 50 round=1/3    1305.9 req/s
h2 stream pycurl          2097152 B c=150 round=1/3      98.8 req/s
h2 full   niquests         131072 B c= 10 round=1/3     901.6 req/s
h2 full   ry_blocking       65536 B c=150 round=1/3    3886.1 req/s
h2 stream wreq_blocking     10240 B c= 10 round=1/3     563.9 req/s
h2 stream httpx_blocking     1024 B c= 10 round=1/3    1542.0 req/s
h2 stream wreq            1048576 B c=150 round=1/3     515.8 req/s
h2 stream niquests_blocking  2097152 B c= 10 round=1/3      36.6 req/s
h2 stream wreq_st         1048576 B c=100 round=1/3     827.5 req/s
h2 stream niquests_blocking     1024 B c= 10 round=1/3    1313.9 req/s
h2 full   niquests        4194304 B c=100 round=1/3      49.8 req/s
h2 full   httpx_blocking    65536 B c= 50 round=1/3     593.3 req/s
h2 full   curl_cffi_blocking  4194304 B c=100 round=1/3      47.7 req/s
h2 full   ry              2097152 B c= 50 round=1/3      77.6 req/s
h2 stream wreq            2097152 B c= 10 round=1/3     291.9 req/s
h2 full   curl_cffi         65536 B c=150 round=1/3    5093.9 req/s
h2 stream pyreqwest_st    2097152 B c=100 round=1/3     112.9 req/s
h2 full   httpx           2097152 B c= 10 round=1/3      46.4 req/s
h2 stream pycurl            10240 B c= 50 round=1/3    6423.5 req/s
h2 full   pyreqwest_mt     131072 B c=150 round=1/3    2056.4 req/s
h2 full   pyreqwest_mt      10240 B c=100 round=1/3    7448.2 req/s
h2 stream curl_cffi         10240 B c= 10 round=1/3    4390.7 req/s
h2 full   pyreqwest_st    4194304 B c= 50 round=1/3      69.6 req/s
h2 full   ry_blocking       10240 B c= 10 round=1/3    8896.1 req/s
h2 full   curl_cffi_blocking   131072 B c=100 round=1/3     421.2 req/s
h2 stream pyreqwest_st      10240 B c=150 round=1/3    2520.6 req/s
h2 full   curl_cffi         10240 B c= 10 round=1/3    5909.4 req/s
h2 full   pyreqwest_mt    4194304 B c=100 round=1/3      81.9 req/s
h2 full   curl_cffi       1048576 B c= 10 round=1/3     569.2 req/s
h2 stream niquests        2097152 B c= 10 round=1/3      94.2 req/s
h2 full   ry                 1024 B c= 50 round=1/3    2864.6 req/s
h2 full   pycurl            65536 B c=100 round=1/3    2935.4 req/s
h2 stream ry              4194304 B c=150 round=1/3      37.7 req/s
h2 stream wreq            1048576 B c= 10 round=1/3     604.2 req/s
h2 full   niquests          65536 B c=150 round=1/3    1344.6 req/s
h2 stream niquests_blocking    10240 B c=100 round=1/3    1093.8 req/s
h2 full   curl_cffi         10240 B c=150 round=1/3    8390.5 req/s
h2 full   httpx_blocking  1048576 B c= 50 round=1/3      50.0 req/s
h2 stream wreq              65536 B c= 50 round=1/3    7293.0 req/s
h2 stream niquests           1024 B c=150 round=1/3    2081.6 req/s
h2 stream wreq_st          131072 B c=150 round=1/3    5894.5 req/s
h2 full   httpx_blocking  2097152 B c=150 round=1/3      23.8 req/s
h2 full   wreq_blocking     65536 B c=150 round=1/3    3231.3 req/s
h2 full   wreq_blocking   2097152 B c= 50 round=1/3    1160.7 req/s
h2 full   httpx_blocking  1048576 B c= 10 round=1/3      51.3 req/s
h2 stream pycurl          4194304 B c=100 round=1/3      49.3 req/s
h2 full   wreq             131072 B c=100 round=1/3    4201.3 req/s
h2 full   ry_blocking     1048576 B c= 10 round=1/3     423.2 req/s
h2 full   curl_cffi_blocking   131072 B c=150 round=1/3     427.2 req/s
h2 stream niquests_blocking   131072 B c=150 round=1/3     423.3 req/s
h2 full   wreq_blocking      1024 B c= 10 round=1/3    3835.0 req/s
h2 stream pycurl          2097152 B c= 10 round=1/3      92.9 req/s
h2 full   wreq_st           10240 B c= 50 round=1/3   21510.3 req/s
h2 full   ry              1048576 B c= 10 round=1/3     138.2 req/s
h2 full   pycurl          2097152 B c= 10 round=1/3     107.2 req/s
h2 full   curl_cffi_blocking     1024 B c= 50 round=1/3     558.0 req/s
h2 stream wreq            2097152 B c=100 round=1/3     292.6 req/s
h2 full   curl_cffi         10240 B c= 50 round=1/3    6592.1 req/s
h2 full   curl_cffi       2097152 B c= 50 round=1/3     309.5 req/s
h2 full   httpx           4194304 B c=100 round=1/3      15.4 req/s
h2 full   curl_cffi        131072 B c=150 round=1/3    3123.1 req/s
h2 full   ry_blocking     2097152 B c= 10 round=1/3     212.5 req/s
h2 full   curl_cffi_blocking    10240 B c=150 round=1/3     551.8 req/s
h2 stream ry_blocking     4194304 B c= 50 round=1/3     101.1 req/s
h2 full   curl_cffi_blocking    10240 B c=100 round=1/3     555.9 req/s
h2 full   wreq_st           10240 B c= 10 round=1/3   17780.9 req/s
h2 stream httpx_blocking    65536 B c= 50 round=1/3     616.4 req/s
h2 stream httpx           1048576 B c=100 round=1/3     106.7 req/s
h2 full   wreq_st         4194304 B c= 50 round=1/3     205.3 req/s
h2 full   httpx             10240 B c=100 round=1/3    1600.0 req/s
h2 stream curl_cffi_blocking  2097152 B c=100 round=1/3      78.2 req/s
h2 stream niquests_blocking     1024 B c=100 round=1/3    1234.1 req/s
h2 stream wreq_blocking    131072 B c=150 round=1/3     515.7 req/s
h2 full   httpx_blocking  4194304 B c=100 round=1/3      10.0 req/s
h2 stream niquests          10240 B c= 10 round=1/3    1658.8 req/s
h2 stream ry_blocking        1024 B c=100 round=1/3    4850.9 req/s
h2 full   pyreqwest_mt    4194304 B c= 10 round=1/3      86.2 req/s
h2 stream pycurl          4194304 B c=150 round=1/3      49.5 req/s
h2 stream curl_cffi_blocking     1024 B c= 10 round=1/3     526.0 req/s
h2 stream niquests_blocking  1048576 B c= 10 round=1/3      71.7 req/s
h2 full   wreq_st         1048576 B c=150 round=1/3     841.7 req/s
h2 stream wreq             131072 B c=100 round=1/3    3823.5 req/s
h2 stream httpx           2097152 B c= 50 round=1/3      57.4 req/s
h2 stream wreq_st         4194304 B c= 10 round=1/3     210.4 req/s
h2 full   httpx_blocking     1024 B c= 50 round=1/3    1507.1 req/s
h2 full   wreq_st         1048576 B c= 10 round=1/3     862.6 req/s
h2 full   niquests          65536 B c= 50 round=1/3    1314.2 req/s
h2 full   pyreqwest_mt       1024 B c=100 round=1/3    7653.1 req/s
h2 full   pycurl          2097152 B c= 50 round=1/3     112.6 req/s
h2 stream curl_cffi         65536 B c= 10 round=1/3    2162.8 req/s
h2 stream ry                65536 B c=100 round=1/3     835.7 req/s
h2 full   ry              2097152 B c=100 round=1/3      76.7 req/s
h2 full   ry              4194304 B c= 50 round=1/3      39.0 req/s
h2 full   niquests_blocking  4194304 B c= 50 round=1/3      18.5 req/s
h2 full   ry_blocking      131072 B c= 10 round=1/3    2803.3 req/s
h2 full   pyreqwest_st       1024 B c=150 round=1/3    4120.1 req/s
h2 full   niquests_blocking  1048576 B c=100 round=1/3      71.5 req/s
h2 stream httpx_blocking    10240 B c=100 round=1/3    1424.0 req/s
h2 full   wreq_blocking   4194304 B c=100 round=1/3     630.1 req/s
h2 full   ry                10240 B c= 50 round=1/3    2770.6 req/s
h2 stream pyreqwest_st    4194304 B c= 50 round=1/3      61.2 req/s
h2 stream wreq_st         4194304 B c=100 round=1/3     210.3 req/s
h2 full   curl_cffi_blocking     1024 B c=150 round=1/3     544.9 req/s
h2 full   wreq            2097152 B c= 50 round=1/3     337.0 req/s
h2 full   curl_cffi       2097152 B c= 10 round=1/3     277.0 req/s
h2 full   httpx            131072 B c= 50 round=1/3     564.1 req/s
h2 stream ry              2097152 B c= 50 round=1/3      68.0 req/s
h2 full   wreq_st            1024 B c=150 round=1/3   29822.9 req/s
h2 full   ry_blocking       65536 B c=100 round=1/3    4053.1 req/s
h2 stream pycurl          4194304 B c= 50 round=1/3      49.3 req/s
h2 stream pyreqwest_mt      65536 B c=100 round=1/3    1615.6 req/s
h2 full   niquests_blocking   131072 B c=150 round=1/3     424.5 req/s
h2 full   httpx             65536 B c=150 round=1/3     894.7 req/s
h2 stream wreq_blocking   2097152 B c=150 round=1/3     337.3 req/s
h2 full   niquests           1024 B c= 50 round=1/3    2080.0 req/s
h2 full   niquests_blocking  1048576 B c=150 round=1/3      73.3 req/s
h2 stream ry_blocking       10240 B c=100 round=1/3    4784.3 req/s
h2 full   curl_cffi_blocking  1048576 B c= 50 round=1/3     152.7 req/s
h2 full   httpx           4194304 B c= 10 round=1/3      18.9 req/s
h2 full   pycurl            10240 B c=150 round=1/3    9359.6 req/s
h2 stream ry_blocking       10240 B c= 10 round=1/3    5327.5 req/s
h2 stream curl_cffi_blocking  1048576 B c=100 round=1/3     136.0 req/s
h2 stream ry_blocking       65536 B c= 10 round=1/3    2514.4 req/s
h2 full   pyreqwest_mt       1024 B c= 50 round=1/3    7408.8 req/s
h2 stream curl_cffi_blocking    65536 B c= 50 round=1/3     441.2 req/s
h2 full   httpx_blocking     1024 B c= 10 round=1/3    1558.5 req/s
h2 full   pyreqwest_mt       1024 B c=150 round=1/3    7415.0 req/s
h2 stream niquests        1048576 B c=150 round=1/3     175.1 req/s
h2 full   pycurl          2097152 B c=150 round=1/3     111.6 req/s
h2 stream ry              1048576 B c=100 round=1/3     118.5 req/s
h2 full   curl_cffi         65536 B c= 10 round=1/3    3566.3 req/s
h2 full   curl_cffi_blocking  1048576 B c=100 round=1/3     153.5 req/s
h2 stream pyreqwest_mt     131072 B c= 10 round=1/3    1096.0 req/s
h2 stream pycurl           131072 B c= 50 round=1/3    1261.7 req/s
h2 stream niquests_blocking     1024 B c= 50 round=1/3    1287.6 req/s
h2 stream niquests_blocking     1024 B c=150 round=1/3    1209.3 req/s
h2 full   httpx           2097152 B c= 50 round=1/3      41.0 req/s
h2 stream wreq_blocking   4194304 B c=150 round=1/3     281.0 req/s
h2 stream httpx            131072 B c=100 round=1/3     587.6 req/s
h2 full   httpx_blocking    65536 B c=150 round=1/3     605.3 req/s
h2 full   httpx_blocking  2097152 B c= 10 round=1/3      24.6 req/s
h2 stream curl_cffi       4194304 B c= 10 round=1/3     135.6 req/s
h2 stream niquests_blocking  1048576 B c=100 round=1/3      71.5 req/s
h2 stream wreq_blocking   2097152 B c= 10 round=1/3     339.5 req/s
h2 full   ry_blocking     1048576 B c=150 round=1/3     422.2 req/s
h2 stream ry_blocking     4194304 B c= 10 round=1/3      99.5 req/s
h2 full   wreq_blocking   1048576 B c= 10 round=1/3    1745.1 req/s
h2 full   curl_cffi         10240 B c=100 round=1/3    9243.8 req/s
h2 full   wreq            4194304 B c= 50 round=1/3     183.5 req/s
h2 stream httpx             10240 B c=100 round=1/3    1620.1 req/s
h2 full   curl_cffi_blocking  4194304 B c=150 round=1/3      49.1 req/s
h2 full   httpx_blocking   131072 B c=100 round=1/3     353.8 req/s
h2 stream niquests           1024 B c= 50 round=1/3    2017.1 req/s
h2 full   curl_cffi          1024 B c= 10 round=1/3    6317.0 req/s
h2 stream curl_cffi       4194304 B c=150 round=1/3     114.2 req/s
h2 full   ry_blocking     4194304 B c= 10 round=1/3     105.0 req/s
h2 full   niquests        1048576 B c=150 round=1/3     179.1 req/s
h2 stream ry_blocking       65536 B c=100 round=1/3    2357.0 req/s
h2 full   niquests          10240 B c=150 round=1/3    1989.6 req/s
h2 stream wreq_st         4194304 B c= 50 round=1/3     215.1 req/s
h2 full   wreq_st         2097152 B c=150 round=1/3     414.6 req/s
h2 stream httpx           4194304 B c= 50 round=1/3      28.4 req/s
h2 full   wreq              10240 B c=150 round=1/3   29224.1 req/s
h2 full   httpx              1024 B c= 50 round=1/3    1594.3 req/s
h2 full   wreq              65536 B c= 50 round=1/3    7624.1 req/s
h2 stream httpx             10240 B c= 10 round=1/3    1536.3 req/s
h2 stream pycurl            65536 B c=100 round=1/3    1891.1 req/s
h2 stream pycurl          1048576 B c=150 round=1/3     194.1 req/s
h2 stream wreq             131072 B c= 50 round=1/3    3951.5 req/s
h2 stream wreq_st            1024 B c= 50 round=1/3   20005.6 req/s
h2 stream niquests_blocking  1048576 B c= 50 round=1/3      71.5 req/s
h2 full   pycurl            10240 B c= 50 round=1/3   10993.0 req/s
h2 stream ry_blocking     2097152 B c=150 round=1/3     192.2 req/s
h2 stream ry_blocking     4194304 B c=150 round=1/3     101.8 req/s
h2 stream wreq            4194304 B c=100 round=1/3     141.8 req/s
h2 full   wreq_st          131072 B c= 50 round=1/3    6760.5 req/s
h2 full   wreq               1024 B c=100 round=1/3   30146.6 req/s
h2 stream wreq_st         2097152 B c= 50 round=1/3     415.1 req/s
h2 stream pyreqwest_mt    1048576 B c=100 round=1/3     226.5 req/s
h2 full   httpx_blocking    65536 B c=100 round=1/3     593.3 req/s
h2 full   curl_cffi_blocking    65536 B c= 50 round=1/3     489.6 req/s
h2 stream curl_cffi_blocking     1024 B c=100 round=1/3     528.6 req/s
h2 full   ry              4194304 B c=100 round=1/3      39.8 req/s
h2 stream wreq_st         2097152 B c= 10 round=1/3     416.4 req/s
h2 stream pyreqwest_st    2097152 B c= 10 round=1/3     107.1 req/s
h2 full   pycurl           131072 B c= 50 round=1/3    1646.9 req/s
h2 stream wreq              65536 B c=100 round=1/3    6434.6 req/s
h2 stream pyreqwest_mt    2097152 B c= 50 round=1/3     138.1 req/s
h2 stream httpx           1048576 B c=150 round=1/3     106.5 req/s
h2 stream curl_cffi        131072 B c=150 round=1/3    2389.6 req/s
h2 full   wreq              10240 B c=100 round=1/3   27296.3 req/s
h2 full   pycurl          1048576 B c=100 round=1/3     221.5 req/s
h2 full   httpx           4194304 B c= 50 round=1/3      15.8 req/s
h2 stream wreq_blocking      1024 B c= 50 round=1/3     560.5 req/s
h2 full   pyreqwest_st      65536 B c= 10 round=1/3    2517.0 req/s
h2 stream curl_cffi       4194304 B c=100 round=1/3     128.0 req/s
h2 stream wreq               1024 B c=150 round=1/3   19811.9 req/s
h2 stream pyreqwest_mt    4194304 B c=100 round=1/3      74.1 req/s
h2 stream ry                10240 B c=150 round=1/3    1690.1 req/s
h2 stream wreq_st           10240 B c= 50 round=1/3   15123.7 req/s
h2 full   niquests_blocking   131072 B c= 50 round=1/3     429.1 req/s
h2 stream ry              4194304 B c=100 round=1/3      36.3 req/s
h2 full   httpx_blocking   131072 B c=150 round=1/3     363.2 req/s
h2 full   wreq_blocking     10240 B c= 10 round=1/3    3731.4 req/s
h2 stream pycurl             1024 B c= 10 round=1/3    6815.3 req/s
h2 full   curl_cffi        131072 B c=100 round=1/3    3155.4 req/s
h2 stream ry              2097152 B c=150 round=1/3      68.0 req/s
h2 full   httpx_blocking  4194304 B c= 10 round=1/3      11.1 req/s
h2 full   pyreqwest_st      10240 B c=100 round=1/3    4206.0 req/s
h2 stream wreq            2097152 B c=150 round=1/3     274.4 req/s
h2 stream curl_cffi_blocking     1024 B c=150 round=1/3     525.2 req/s
h2 full   pyreqwest_mt      65536 B c=100 round=1/3    4448.1 req/s
h2 full   wreq_st         4194304 B c= 10 round=1/3     209.3 req/s
h2 stream wreq_st         1048576 B c= 10 round=1/3     828.4 req/s
h2 full   wreq_blocking    131072 B c=100 round=1/3    3351.2 req/s
h2 full   pyreqwest_st    1048576 B c=100 round=1/3     273.9 req/s
h2 stream wreq_st         1048576 B c=150 round=1/3     814.4 req/s
h2 stream pyreqwest_st      65536 B c= 50 round=1/3    1235.5 req/s
h2 full   pycurl            10240 B c= 10 round=1/3   12976.8 req/s
h2 full   httpx             10240 B c=150 round=1/3    1559.3 req/s
h2 stream wreq_blocking     65536 B c=150 round=1/3     514.9 req/s
h2 full   pycurl          4194304 B c= 10 round=1/3      53.2 req/s
h2 full   ry_blocking      131072 B c=100 round=1/3    2529.7 req/s
h2 stream wreq_st         2097152 B c=100 round=1/3     418.1 req/s
h2 stream pycurl          4194304 B c= 10 round=1/3      47.0 req/s
h2 stream httpx             65536 B c=150 round=1/3     855.6 req/s
h2 stream wreq_blocking    131072 B c=100 round=1/3     516.2 req/s
h2 full   curl_cffi_blocking   131072 B c= 10 round=1/3     426.4 req/s
h2 full   httpx             65536 B c= 50 round=1/3     863.6 req/s
h2 full   wreq              10240 B c= 10 round=1/3   12163.6 req/s
h2 full   httpx           1048576 B c=100 round=1/3      89.6 req/s
h2 stream ry                 1024 B c= 10 round=1/3    1449.8 req/s
h2 stream ry                 1024 B c=100 round=1/3    1720.3 req/s
h2 full   ry                 1024 B c= 10 round=1/3    2418.2 req/s
h2 stream pyreqwest_mt    2097152 B c= 10 round=1/3     135.5 req/s
h2 stream pycurl          2097152 B c= 50 round=1/3      97.7 req/s
h2 full   pycurl          4194304 B c=150 round=1/3      56.8 req/s
h2 stream niquests        2097152 B c= 50 round=1/3      94.6 req/s
h2 full   pyreqwest_st       1024 B c=100 round=1/3    4178.7 req/s
h2 full   curl_cffi       4194304 B c=150 round=1/3     148.1 req/s
h2 stream wreq_st            1024 B c= 10 round=1/3   11118.7 req/s
h2 full   wreq_st         4194304 B c=150 round=1/3     206.1 req/s
h2 stream niquests_blocking  4194304 B c= 10 round=1/3      18.5 req/s
h2 full   niquests        1048576 B c=100 round=1/3     179.4 req/s
h2 stream httpx_blocking   131072 B c= 10 round=1/3     365.9 req/s
h2 full   wreq_st         2097152 B c=100 round=1/3     422.8 req/s
h2 full   ry              2097152 B c= 50 round=2/3      78.1 req/s
h2 stream ry              2097152 B c= 10 round=2/3      57.5 req/s
h2 full   wreq_st          131072 B c=100 round=2/3    6433.3 req/s
h2 stream curl_cffi       2097152 B c=150 round=2/3     233.2 req/s
h2 stream wreq_blocking    131072 B c=100 round=2/3     518.0 req/s
h2 full   niquests_blocking  1048576 B c=150 round=2/3      73.1 req/s
h2 stream httpx_blocking  2097152 B c=100 round=2/3      26.7 req/s
h2 full   wreq_st           10240 B c=150 round=2/3   24265.2 req/s
h2 stream ry_blocking       10240 B c=100 round=2/3    4773.2 req/s
h2 full   wreq            1048576 B c=100 round=2/3     620.0 req/s
h2 full   pyreqwest_st      65536 B c= 10 round=2/3    2647.8 req/s
h2 full   wreq_st           65536 B c=100 round=2/3   12229.1 req/s
h2 full   wreq_blocking   2097152 B c=150 round=2/3    1074.5 req/s
h2 full   curl_cffi        131072 B c=100 round=2/3    3250.5 req/s
h2 stream httpx           2097152 B c=100 round=2/3      53.5 req/s
h2 stream niquests         131072 B c=100 round=2/3     890.0 req/s
h2 full   ry_blocking        1024 B c= 10 round=2/3    9088.2 req/s
h2 stream wreq             131072 B c= 50 round=2/3    3968.1 req/s
h2 full   pyreqwest_mt    4194304 B c=100 round=2/3      82.5 req/s
h2 full   niquests         131072 B c= 50 round=2/3     895.4 req/s
h2 full   niquests_blocking    65536 B c=150 round=2/3     663.4 req/s
h2 full   pyreqwest_mt       1024 B c=150 round=2/3    7594.1 req/s
h2 full   ry_blocking      131072 B c=100 round=2/3    2531.4 req/s
h2 stream wreq              65536 B c=100 round=2/3    7198.2 req/s
h2 stream pyreqwest_mt    1048576 B c=100 round=2/3     226.5 req/s
h2 full   curl_cffi       2097152 B c= 10 round=2/3     282.5 req/s
h2 full   curl_cffi       2097152 B c=150 round=2/3     305.7 req/s
h2 full   httpx             10240 B c= 50 round=2/3    1571.5 req/s
h2 stream wreq_blocking   2097152 B c= 50 round=2/3     340.5 req/s
h2 stream niquests_blocking  4194304 B c= 50 round=2/3      18.4 req/s
h2 stream curl_cffi_blocking  1048576 B c= 10 round=2/3     138.0 req/s
h2 stream curl_cffi_blocking  2097152 B c= 50 round=2/3      78.6 req/s
h2 full   wreq            2097152 B c= 50 round=2/3     357.1 req/s
h2 stream ry_blocking      131072 B c= 10 round=2/3    1864.8 req/s
h2 stream pycurl          2097152 B c= 50 round=2/3      97.6 req/s
h2 full   wreq_blocking      1024 B c=150 round=2/3    3296.2 req/s
h2 stream pycurl           131072 B c=150 round=2/3    1213.1 req/s
h2 full   wreq              65536 B c= 50 round=2/3    7469.5 req/s
h2 full   wreq_blocking    131072 B c= 10 round=2/3    3529.0 req/s
h2 full   wreq_blocking   2097152 B c= 10 round=2/3    1176.9 req/s
h2 stream httpx           4194304 B c=100 round=2/3      26.5 req/s
h2 stream httpx             10240 B c= 50 round=2/3    1616.2 req/s
h2 full   pycurl            65536 B c= 50 round=2/3    3013.7 req/s
h2 stream httpx_blocking    65536 B c=150 round=2/3     601.3 req/s
h2 full   curl_cffi_blocking   131072 B c= 10 round=2/3     420.3 req/s
h2 stream curl_cffi_blocking  2097152 B c= 10 round=2/3      78.3 req/s
h2 full   curl_cffi_blocking    10240 B c=150 round=2/3     550.6 req/s
h2 full   ry_blocking       65536 B c=150 round=2/3    3903.1 req/s
h2 stream pyreqwest_mt      65536 B c=150 round=2/3    1641.7 req/s
h2 stream httpx             65536 B c=100 round=2/3     901.2 req/s
h2 stream curl_cffi_blocking    65536 B c=100 round=2/3     440.4 req/s
h2 full   niquests          10240 B c=150 round=2/3    1594.4 req/s
h2 stream wreq_st         4194304 B c=100 round=2/3     206.0 req/s
h2 stream niquests_blocking    10240 B c= 10 round=2/3    1317.5 req/s
h2 stream pyreqwest_st      10240 B c= 10 round=2/3    2457.3 req/s
h2 stream pyreqwest_st       1024 B c= 50 round=2/3    2528.8 req/s
h2 stream curl_cffi         10240 B c= 10 round=2/3    3984.4 req/s
h2 full   ry_blocking     4194304 B c= 10 round=2/3     104.6 req/s
h2 stream pycurl          2097152 B c=150 round=2/3      98.7 req/s
h2 full   curl_cffi        131072 B c= 50 round=2/3    3168.7 req/s
h2 stream pyreqwest_st     131072 B c=150 round=2/3     948.0 req/s
h2 stream wreq              65536 B c= 10 round=2/3    5010.4 req/s
h2 stream httpx_blocking    65536 B c= 10 round=2/3     619.7 req/s
h2 full   wreq              10240 B c=100 round=2/3   30644.5 req/s
h2 full   pyreqwest_st    2097152 B c=150 round=2/3     140.2 req/s
h2 stream ry_blocking     2097152 B c=100 round=2/3     192.1 req/s
h2 full   ry               131072 B c=100 round=2/3     953.6 req/s
h2 full   httpx_blocking   131072 B c=100 round=2/3     348.0 req/s
h2 stream niquests_blocking     1024 B c= 10 round=2/3    1333.0 req/s
h2 stream curl_cffi_blocking  1048576 B c=150 round=2/3     139.5 req/s
h2 stream ry_blocking       65536 B c=150 round=2/3    2293.9 req/s
h2 stream niquests_blocking    65536 B c= 50 round=2/3     628.6 req/s
h2 stream ry              4194304 B c= 50 round=2/3      36.4 req/s
h2 stream curl_cffi_blocking  4194304 B c= 10 round=2/3      42.8 req/s
h2 full   niquests_blocking  1048576 B c= 10 round=2/3      72.8 req/s
h2 stream niquests_blocking  2097152 B c= 10 round=2/3      36.6 req/s
h2 stream pyreqwest_mt    4194304 B c= 10 round=2/3      76.0 req/s
h2 stream wreq            1048576 B c= 50 round=2/3     548.5 req/s
h2 full   pycurl           131072 B c= 10 round=2/3    1591.4 req/s
h2 stream ry                10240 B c=150 round=2/3    1677.8 req/s
h2 stream curl_cffi        131072 B c= 10 round=2/3    1528.0 req/s
h2 stream ry_blocking        1024 B c=150 round=2/3    4497.8 req/s
h2 full   curl_cffi_blocking  1048576 B c= 10 round=2/3     152.9 req/s
h2 full   httpx_blocking  2097152 B c=100 round=2/3      23.1 req/s
h2 stream pyreqwest_mt       1024 B c= 50 round=2/3    3382.3 req/s
h2 stream wreq_st           65536 B c= 10 round=2/3    6012.0 req/s
h2 full   pyreqwest_mt    2097152 B c=100 round=2/3     161.2 req/s
h2 full   wreq_st         1048576 B c=150 round=2/3     838.7 req/s
h2 stream niquests_blocking  1048576 B c=100 round=2/3      71.2 req/s
h2 stream wreq_blocking     65536 B c=150 round=2/3     520.0 req/s
h2 stream httpx           1048576 B c= 50 round=2/3     106.0 req/s
h2 stream curl_cffi       1048576 B c= 50 round=2/3     523.9 req/s
h2 full   pyreqwest_mt       1024 B c=100 round=2/3    7817.5 req/s
h2 stream wreq_blocking     65536 B c= 50 round=2/3     532.5 req/s
h2 full   pyreqwest_st      65536 B c=150 round=2/3    2533.1 req/s
h2 full   httpx           4194304 B c= 10 round=2/3      18.9 req/s
h2 full   pyreqwest_st     131072 B c= 50 round=2/3    1644.3 req/s
h2 stream pyreqwest_mt      65536 B c= 10 round=2/3    1350.5 req/s
h2 full   curl_cffi         65536 B c=100 round=2/3    4678.9 req/s
h2 full   niquests_blocking   131072 B c=150 round=2/3     429.7 req/s
h2 full   ry_blocking       10240 B c= 10 round=2/3    9008.4 req/s
h2 full   pyreqwest_st    1048576 B c=150 round=2/3     265.5 req/s
h2 stream httpx_blocking  1048576 B c= 50 round=2/3      53.8 req/s
h2 stream pyreqwest_mt    4194304 B c=150 round=2/3      71.5 req/s
h2 full   curl_cffi_blocking    65536 B c=100 round=2/3     484.3 req/s
h2 stream wreq_blocking   1048576 B c=100 round=2/3     372.6 req/s
h2 stream wreq               1024 B c=150 round=2/3   20552.6 req/s
h2 full   httpx_blocking   131072 B c=150 round=2/3     360.4 req/s
h2 stream pyreqwest_st    1048576 B c=100 round=2/3     185.0 req/s
h2 stream wreq_st           10240 B c=150 round=2/3   13476.7 req/s
h2 full   ry_blocking       65536 B c=100 round=2/3    4018.9 req/s
h2 full   ry              1048576 B c= 10 round=2/3     136.8 req/s
h2 full   wreq               1024 B c=150 round=2/3   28078.2 req/s
h2 stream httpx_blocking  1048576 B c= 10 round=2/3      53.0 req/s
h2 stream curl_cffi_blocking    65536 B c=150 round=2/3     439.1 req/s
h2 full   curl_cffi         10240 B c= 10 round=2/3    5969.3 req/s
h2 stream wreq_st            1024 B c=150 round=2/3   13301.1 req/s
h2 full   ry              2097152 B c=150 round=2/3      77.5 req/s
h2 stream pyreqwest_st      10240 B c=100 round=2/3    2464.3 req/s
h2 stream ry              1048576 B c=100 round=2/3     118.5 req/s
h2 stream ry                 1024 B c=150 round=2/3    1702.4 req/s
h2 full   pyreqwest_mt    1048576 B c= 50 round=2/3     326.0 req/s
h2 stream wreq_blocking   1048576 B c= 50 round=2/3     378.4 req/s
h2 stream ry                 1024 B c= 10 round=2/3    1367.9 req/s
h2 full   wreq_blocking    131072 B c= 50 round=2/3    3442.2 req/s
h2 stream httpx_blocking  4194304 B c= 50 round=2/3      13.4 req/s
h2 full   wreq               1024 B c= 50 round=2/3   27138.6 req/s
h2 full   wreq_st          131072 B c=150 round=2/3    6887.5 req/s
h2 stream pyreqwest_st    4194304 B c=100 round=2/3      63.5 req/s
h2 stream pyreqwest_mt       1024 B c=150 round=2/3    3584.7 req/s
h2 full   pycurl          2097152 B c= 10 round=2/3     107.1 req/s
h2 full   pyreqwest_st      10240 B c= 10 round=2/3    4297.3 req/s
h2 stream curl_cffi       4194304 B c= 10 round=2/3     134.7 req/s
h2 full   wreq_st           10240 B c=100 round=2/3   24371.9 req/s
h2 full   niquests_blocking   131072 B c= 50 round=2/3     431.5 req/s
h2 full   pycurl          1048576 B c= 50 round=2/3     219.6 req/s
h2 full   wreq_st            1024 B c=150 round=2/3   29680.4 req/s
h2 stream curl_cffi_blocking  1048576 B c=100 round=2/3     136.8 req/s
h2 stream niquests           1024 B c= 10 round=2/3    2002.2 req/s
h2 full   wreq            4194304 B c=150 round=2/3     157.6 req/s
h2 stream niquests        2097152 B c= 10 round=2/3      95.0 req/s
h2 full   wreq_blocking   1048576 B c=150 round=2/3    1660.4 req/s
h2 stream httpx             10240 B c=150 round=2/3    1601.3 req/s
h2 stream wreq_blocking   4194304 B c=100 round=2/3     275.9 req/s
h2 stream curl_cffi       1048576 B c=150 round=2/3     444.6 req/s
h2 full   niquests_blocking     1024 B c=150 round=2/3    1240.3 req/s
h2 stream curl_cffi          1024 B c=150 round=2/3    6471.6 req/s
h2 stream pycurl           131072 B c= 10 round=2/3    1254.5 req/s
h2 stream wreq_st         1048576 B c= 50 round=2/3     847.3 req/s
h2 full   wreq_blocking     10240 B c= 50 round=2/3    3624.2 req/s
h2 full   wreq_blocking   1048576 B c=100 round=2/3    1679.0 req/s
h2 full   httpx_blocking  1048576 B c=100 round=2/3      49.3 req/s
h2 full   httpx_blocking     1024 B c= 10 round=2/3    1596.0 req/s
h2 stream ry_blocking        1024 B c= 50 round=2/3    4926.9 req/s
h2 stream httpx            131072 B c=100 round=2/3     576.4 req/s
h2 stream httpx_blocking   131072 B c=150 round=2/3     361.2 req/s
h2 full   wreq_st            1024 B c=100 round=2/3   26679.5 req/s
h2 stream httpx           4194304 B c=150 round=2/3      25.9 req/s
h2 full   ry              2097152 B c= 10 round=2/3      66.2 req/s
h2 full   ry_blocking        1024 B c=100 round=2/3    7289.0 req/s
h2 full   pycurl          4194304 B c=100 round=2/3      57.0 req/s
h2 stream niquests_blocking  2097152 B c= 50 round=2/3      36.5 req/s
h2 stream wreq            1048576 B c=100 round=2/3     577.9 req/s
h2 full   niquests_blocking  2097152 B c=100 round=2/3      36.9 req/s
h2 stream curl_cffi_blocking   131072 B c=100 round=2/3     392.1 req/s
h2 full   wreq_st           65536 B c= 50 round=2/3   11830.1 req/s
h2 stream pycurl             1024 B c=100 round=2/3    6038.8 req/s
h2 full   pycurl            10240 B c=100 round=2/3   10463.3 req/s
h2 stream httpx_blocking    10240 B c= 10 round=2/3    1540.9 req/s
h2 full   wreq             131072 B c= 50 round=2/3    4036.3 req/s
h2 full   ry_blocking       65536 B c= 50 round=2/3    4328.0 req/s
h2 full   niquests_blocking    10240 B c= 50 round=2/3    1295.5 req/s
h2 stream niquests        4194304 B c=150 round=2/3      47.5 req/s
h2 stream niquests           1024 B c=100 round=2/3    1989.8 req/s
h2 full   pyreqwest_mt    1048576 B c= 10 round=2/3     349.9 req/s
h2 stream niquests          65536 B c=150 round=2/3    1297.0 req/s
h2 full   pycurl            65536 B c=150 round=2/3    2769.4 req/s
h2 full   wreq_blocking   4194304 B c= 10 round=2/3     682.8 req/s
h2 full   wreq_st            1024 B c= 50 round=2/3   26555.0 req/s
h2 stream httpx_blocking   131072 B c= 10 round=2/3     367.6 req/s
h2 full   pyreqwest_mt      65536 B c= 10 round=2/3    3880.8 req/s
h2 full   ry                65536 B c= 50 round=2/3    1599.3 req/s
h2 full   curl_cffi_blocking    65536 B c=150 round=2/3     488.1 req/s
h2 full   curl_cffi_blocking  1048576 B c=100 round=2/3     152.4 req/s
h2 full   httpx_blocking  2097152 B c=150 round=2/3      23.9 req/s
h2 full   httpx_blocking    10240 B c=150 round=2/3    1418.7 req/s
h2 full   wreq            4194304 B c= 50 round=2/3     193.2 req/s
h2 stream curl_cffi          1024 B c=100 round=2/3    5458.8 req/s
h2 full   pyreqwest_mt    2097152 B c= 10 round=2/3     169.0 req/s
h2 full   curl_cffi_blocking    65536 B c= 10 round=2/3     485.0 req/s
h2 stream httpx           2097152 B c= 10 round=2/3      57.1 req/s
h2 stream ry                10240 B c= 10 round=2/3    1496.3 req/s
h2 full   wreq              10240 B c=150 round=2/3   25991.8 req/s
h2 stream niquests        4194304 B c= 50 round=2/3      48.1 req/s
h2 stream wreq              10240 B c=100 round=2/3   20889.6 req/s
h2 stream curl_cffi         65536 B c= 10 round=2/3    2075.1 req/s
h2 full   wreq_blocking   4194304 B c= 50 round=2/3     643.4 req/s
h2 stream pyreqwest_st    2097152 B c=100 round=2/3     111.0 req/s
h2 full   niquests        2097152 B c=150 round=2/3      98.8 req/s
h2 stream pycurl            10240 B c= 10 round=2/3    6719.3 req/s
h2 full   wreq_st         1048576 B c= 10 round=2/3     832.4 req/s
h2 stream niquests_blocking  4194304 B c= 10 round=2/3      18.4 req/s
h2 stream pycurl            10240 B c=100 round=2/3    6030.1 req/s
h2 stream ry_blocking     4194304 B c= 50 round=2/3     100.7 req/s
h2 full   httpx             65536 B c= 50 round=2/3     855.1 req/s
h2 full   niquests_blocking  4194304 B c= 50 round=2/3      18.6 req/s
h2 full   niquests_blocking  2097152 B c= 50 round=2/3      36.5 req/s
h2 stream niquests_blocking    10240 B c=150 round=2/3    1218.1 req/s
h2 full   wreq            2097152 B c= 10 round=2/3     343.8 req/s
h2 stream wreq_blocking    131072 B c=150 round=2/3     516.4 req/s
h2 stream niquests          65536 B c= 50 round=2/3    1272.0 req/s
h2 full   pyreqwest_st      10240 B c=150 round=2/3    4059.6 req/s
h2 full   ry              4194304 B c= 50 round=2/3      39.7 req/s
h2 stream curl_cffi_blocking    10240 B c=150 round=2/3     523.6 req/s
h2 full   ry              1048576 B c=100 round=2/3     150.9 req/s
h2 stream pyreqwest_mt      10240 B c= 50 round=2/3    3356.0 req/s
h2 full   curl_cffi         10240 B c= 50 round=2/3    7805.4 req/s
h2 full   httpx             10240 B c=150 round=2/3    1665.2 req/s
h2 full   curl_cffi_blocking  2097152 B c=100 round=2/3      88.0 req/s
h2 full   wreq              10240 B c= 50 round=2/3   24771.5 req/s
h2 full   niquests          10240 B c=100 round=2/3    1948.8 req/s
h2 stream pyreqwest_mt    1048576 B c= 10 round=2/3     224.3 req/s
h2 full   httpx_blocking  4194304 B c= 10 round=2/3      11.1 req/s
h2 full   httpx_blocking    65536 B c= 10 round=2/3     623.2 req/s
h2 full   httpx_blocking  4194304 B c= 50 round=2/3      10.2 req/s
h2 full   curl_cffi       1048576 B c= 50 round=2/3     618.1 req/s
h2 stream curl_cffi_blocking    65536 B c= 50 round=2/3     441.8 req/s
h2 full   httpx_blocking    10240 B c=100 round=2/3    1458.7 req/s
h2 full   pyreqwest_st       1024 B c=150 round=2/3    4405.1 req/s
h2 stream pycurl           131072 B c=100 round=2/3    1261.7 req/s
h2 stream wreq_st           10240 B c= 50 round=2/3   14815.8 req/s
h2 full   ry              4194304 B c=150 round=2/3      39.6 req/s
h2 full   niquests_blocking    10240 B c=100 round=2/3    1225.7 req/s
h2 full   httpx           2097152 B c=100 round=2/3      38.6 req/s
h2 full   ry                 1024 B c= 10 round=2/3    2547.2 req/s
h2 stream wreq              10240 B c= 50 round=2/3   20094.7 req/s
h2 stream ry_blocking       10240 B c= 50 round=2/3    5059.1 req/s
h2 full   curl_cffi         10240 B c=150 round=2/3    6942.6 req/s
h2 stream pyreqwest_st    1048576 B c= 50 round=2/3     179.6 req/s
h2 full   pyreqwest_st       1024 B c= 10 round=2/3    4269.0 req/s
h2 full   ry               131072 B c= 10 round=2/3     890.1 req/s
h2 stream wreq_blocking    131072 B c= 50 round=2/3     525.1 req/s
h2 full   pyreqwest_mt    2097152 B c= 50 round=2/3     166.7 req/s
h2 full   httpx           4194304 B c=100 round=2/3      15.3 req/s
h2 full   curl_cffi          1024 B c=150 round=2/3    7992.8 req/s
h2 stream curl_cffi_blocking     1024 B c=100 round=2/3     526.5 req/s
h2 stream wreq            4194304 B c=150 round=2/3     155.6 req/s
h2 stream niquests_blocking  4194304 B c=150 round=2/3      18.9 req/s
h2 full   niquests        2097152 B c= 10 round=2/3      97.2 req/s
h2 full   curl_cffi       1048576 B c=100 round=2/3     607.0 req/s
h2 full   wreq_st         1048576 B c= 50 round=2/3     841.8 req/s
h2 full   httpx_blocking    65536 B c=100 round=2/3     602.7 req/s
h2 full   curl_cffi_blocking     1024 B c=150 round=2/3     551.5 req/s
h2 stream niquests        1048576 B c= 10 round=2/3     171.9 req/s
h2 stream wreq_st         1048576 B c=150 round=2/3     831.4 req/s
h2 full   httpx            131072 B c=100 round=2/3     576.1 req/s
h2 full   wreq_blocking     65536 B c=100 round=2/3    3468.6 req/s
h2 full   curl_cffi         10240 B c=100 round=2/3    8009.1 req/s
h2 stream pycurl          4194304 B c=150 round=2/3      49.5 req/s
h2 full   curl_cffi_blocking   131072 B c=100 round=2/3     424.5 req/s
h2 full   pyreqwest_st    1048576 B c= 50 round=2/3     263.7 req/s
h2 full   pycurl          4194304 B c= 50 round=2/3      56.4 req/s
h2 full   pycurl            65536 B c= 10 round=2/3    2994.2 req/s
h2 stream httpx             65536 B c= 10 round=2/3     830.1 req/s
h2 full   httpx           1048576 B c= 10 round=2/3      96.8 req/s
h2 stream httpx_blocking     1024 B c=150 round=2/3    1420.4 req/s
h2 full   ry_blocking       10240 B c= 50 round=2/3    7859.4 req/s
h2 full   pycurl             1024 B c=150 round=2/3    9148.7 req/s
h2 stream wreq            2097152 B c=150 round=2/3     299.6 req/s
h2 stream curl_cffi         10240 B c=150 round=2/3    5765.9 req/s
h2 stream ry              1048576 B c= 10 round=2/3     106.7 req/s
h2 stream httpx_blocking  2097152 B c= 10 round=2/3      26.9 req/s
h2 stream ry              1048576 B c=150 round=2/3     119.7 req/s
h2 full   niquests_blocking     1024 B c= 50 round=2/3    1301.5 req/s
h2 full   curl_cffi       4194304 B c=100 round=2/3     156.3 req/s
h2 full   niquests_blocking  2097152 B c= 10 round=2/3      36.7 req/s
h2 stream httpx             10240 B c= 10 round=2/3    1512.7 req/s
h2 full   curl_cffi_blocking  2097152 B c= 10 round=2/3      88.1 req/s
h2 full   ry                 1024 B c= 50 round=2/3    2827.2 req/s
h2 stream niquests           1024 B c= 50 round=2/3    2067.5 req/s
h2 full   ry                65536 B c=100 round=2/3    1605.3 req/s
h2 stream curl_cffi_blocking    10240 B c= 50 round=2/3     526.8 req/s
h2 stream ry_blocking     1048576 B c= 10 round=2/3     336.7 req/s
h2 full   niquests_blocking  4194304 B c= 10 round=2/3      18.6 req/s
h2 full   wreq_st           65536 B c= 10 round=2/3   10260.0 req/s
h2 stream curl_cffi       2097152 B c= 10 round=2/3     245.1 req/s
h2 full   pycurl          2097152 B c=100 round=2/3     112.8 req/s
h2 full   pyreqwest_mt    2097152 B c=150 round=2/3     156.8 req/s
h2 stream pyreqwest_st    4194304 B c= 10 round=2/3      60.1 req/s
h2 full   httpx            131072 B c= 50 round=2/3     555.1 req/s
h2 full   httpx_blocking     1024 B c=100 round=2/3    1475.1 req/s
h2 stream pyreqwest_mt      65536 B c= 50 round=2/3    1581.0 req/s
h2 stream niquests_blocking   131072 B c=150 round=2/3     424.3 req/s
h2 full   ry              2097152 B c=100 round=2/3      78.3 req/s
h2 full   ry_blocking     4194304 B c=150 round=2/3     108.9 req/s
h2 stream curl_cffi          1024 B c= 50 round=2/3    6344.1 req/s
h2 full   ry_blocking     1048576 B c= 50 round=2/3     429.4 req/s
h2 stream wreq_blocking   1048576 B c= 10 round=2/3     374.2 req/s
h2 full   wreq_st           10240 B c= 10 round=2/3   17494.3 req/s
h2 full   ry_blocking     1048576 B c= 10 round=2/3     429.0 req/s
h2 full   ry_blocking        1024 B c= 50 round=2/3    7831.2 req/s
h2 full   niquests          65536 B c= 50 round=2/3    1332.9 req/s
h2 stream ry_blocking     2097152 B c= 10 round=2/3     188.3 req/s
h2 stream ry_blocking      131072 B c= 50 round=2/3    1827.3 req/s
h2 full   pyreqwest_mt     131072 B c=100 round=2/3    2432.9 req/s
h2 stream wreq_st          131072 B c=100 round=2/3    6048.2 req/s
h2 stream ry               131072 B c=100 round=2/3     618.7 req/s
h2 full   niquests        1048576 B c= 50 round=2/3     183.1 req/s
h2 stream curl_cffi_blocking    10240 B c=100 round=2/3     526.7 req/s
h2 stream curl_cffi       4194304 B c= 50 round=2/3     130.8 req/s
h2 full   ry                65536 B c=150 round=2/3    1523.7 req/s
h2 stream wreq_st         4194304 B c= 50 round=2/3     211.8 req/s
h2 full   pycurl            10240 B c= 50 round=2/3   11437.5 req/s
h2 stream wreq_blocking      1024 B c= 10 round=2/3     567.9 req/s
h2 full   httpx_blocking  1048576 B c=150 round=2/3      51.5 req/s
h2 full   curl_cffi       2097152 B c=100 round=2/3     303.6 req/s
h2 full   niquests_blocking    65536 B c= 10 round=2/3     684.3 req/s
h2 stream niquests        2097152 B c=100 round=2/3      96.7 req/s
h2 full   niquests           1024 B c=150 round=2/3    2057.1 req/s
h2 full   curl_cffi       2097152 B c= 50 round=2/3     310.3 req/s
h2 stream wreq_blocking     10240 B c=150 round=2/3     547.9 req/s
h2 full   niquests        2097152 B c= 50 round=2/3      97.1 req/s
h2 full   httpx              1024 B c= 10 round=2/3    1575.4 req/s
h2 stream niquests        2097152 B c=150 round=2/3      95.9 req/s
h2 stream httpx             10240 B c=100 round=2/3    1561.6 req/s
h2 full   niquests          65536 B c=150 round=2/3    1324.5 req/s
h2 full   wreq_blocking   1048576 B c= 10 round=2/3    1771.3 req/s
h2 full   niquests           1024 B c=100 round=2/3    2017.5 req/s
h2 full   niquests        4194304 B c= 50 round=2/3      48.5 req/s
h2 stream curl_cffi       1048576 B c= 10 round=2/3     456.1 req/s
h2 stream curl_cffi_blocking   131072 B c= 10 round=2/3     388.1 req/s
h2 stream wreq_st            1024 B c= 50 round=2/3   18103.3 req/s
h2 stream pyreqwest_mt    2097152 B c=150 round=2/3     131.8 req/s
h2 stream pycurl          4194304 B c= 50 round=2/3      48.9 req/s
h2 full   httpx_blocking    10240 B c= 50 round=2/3    1477.7 req/s
h2 stream pycurl          1048576 B c=100 round=2/3     192.5 req/s
h2 full   pyreqwest_mt    1048576 B c=100 round=2/3     315.3 req/s
h2 stream niquests_blocking    10240 B c= 50 round=2/3    1268.3 req/s
h2 stream niquests_blocking    65536 B c=100 round=2/3     656.9 req/s
h2 stream niquests           1024 B c=150 round=2/3    2086.6 req/s
h2 full   pycurl           131072 B c=100 round=2/3    1619.9 req/s
h2 full   niquests        4194304 B c=150 round=2/3      49.3 req/s
h2 full   ry_blocking       65536 B c= 10 round=2/3    4496.9 req/s
h2 stream wreq_blocking   2097152 B c= 10 round=2/3     335.8 req/s
h2 full   curl_cffi_blocking    10240 B c= 10 round=2/3     553.7 req/s
h2 full   wreq            2097152 B c=150 round=2/3     361.1 req/s
h2 full   ry_blocking     2097152 B c=150 round=2/3     220.4 req/s
h2 stream curl_cffi         65536 B c=150 round=2/3    2578.4 req/s
h2 full   curl_cffi_blocking    10240 B c= 50 round=2/3     556.8 req/s
h2 full   wreq_st         1048576 B c=100 round=2/3     827.9 req/s
h2 full   wreq            1048576 B c= 50 round=2/3     625.3 req/s
h2 full   wreq_blocking   2097152 B c= 50 round=2/3    1145.5 req/s
h2 stream ry_blocking        1024 B c= 10 round=2/3    5436.5 req/s
h2 full   ry_blocking     1048576 B c=150 round=2/3     419.1 req/s
h2 full   niquests_blocking    65536 B c=100 round=2/3     654.3 req/s
h2 stream wreq            4194304 B c= 10 round=2/3     147.7 req/s
h2 full   wreq_blocking     65536 B c=150 round=2/3    3155.4 req/s
h2 stream wreq_st         1048576 B c=100 round=2/3     825.2 req/s
h2 stream curl_cffi          1024 B c= 10 round=2/3    4167.2 req/s
h2 full   curl_cffi_blocking  4194304 B c=100 round=2/3      47.8 req/s
h2 stream pyreqwest_mt      10240 B c= 10 round=2/3    2979.6 req/s
h2 full   httpx           4194304 B c= 50 round=2/3      15.7 req/s
h2 full   curl_cffi_blocking  2097152 B c= 50 round=2/3      89.1 req/s
h2 full   pyreqwest_st      65536 B c=100 round=2/3    2420.1 req/s
h2 stream ry                65536 B c= 10 round=2/3     722.8 req/s
h2 stream niquests         131072 B c=150 round=2/3     866.5 req/s
h2 stream ry               131072 B c= 50 round=2/3     634.3 req/s
h2 full   niquests        1048576 B c=150 round=2/3     181.1 req/s
h2 full   niquests          10240 B c= 10 round=2/3    1947.6 req/s
h2 full   httpx             10240 B c=100 round=2/3    1606.5 req/s
h2 full   httpx           2097152 B c= 10 round=2/3      46.9 req/s
h2 stream pycurl          4194304 B c=100 round=2/3      49.0 req/s
h2 stream pycurl          1048576 B c=150 round=2/3     193.4 req/s
h2 full   curl_cffi        131072 B c=150 round=2/3    3353.3 req/s
h2 full   httpx           1048576 B c= 50 round=2/3      92.7 req/s
h2 full   pyreqwest_mt      65536 B c=150 round=2/3    4430.6 req/s
h2 full   httpx_blocking   131072 B c= 50 round=2/3     358.8 req/s
h2 stream httpx_blocking     1024 B c=100 round=2/3    1373.1 req/s
h2 full   wreq_blocking      1024 B c=100 round=2/3    3394.9 req/s
h2 full   pyreqwest_st    4194304 B c=150 round=2/3      72.0 req/s
h2 stream curl_cffi_blocking     1024 B c= 50 round=2/3     525.6 req/s
h2 stream ry_blocking     2097152 B c=150 round=2/3     191.1 req/s
h2 stream pycurl          4194304 B c= 10 round=2/3      47.3 req/s
h2 full   httpx            131072 B c= 10 round=2/3     541.5 req/s
h2 stream pyreqwest_st      10240 B c= 50 round=2/3    2589.7 req/s
h2 full   pyreqwest_mt     131072 B c= 10 round=2/3    2311.0 req/s
h2 full   ry_blocking     2097152 B c= 10 round=2/3     213.4 req/s
h2 full   niquests         131072 B c=100 round=2/3     883.9 req/s
h2 stream httpx             65536 B c=150 round=2/3     899.5 req/s
h2 stream wreq_blocking     10240 B c= 10 round=2/3     561.3 req/s
h2 full   pyreqwest_st      10240 B c=100 round=2/3    3974.0 req/s
h2 stream curl_cffi_blocking   131072 B c= 50 round=2/3     390.7 req/s
h2 full   niquests        4194304 B c= 10 round=2/3      48.8 req/s
h2 full   curl_cffi_blocking  1048576 B c=150 round=2/3     156.6 req/s
h2 stream wreq              10240 B c= 10 round=2/3    9870.5 req/s
h2 full   wreq            1048576 B c=150 round=2/3     579.1 req/s
h2 stream wreq_st          131072 B c=150 round=2/3    6011.3 req/s
h2 full   ry                10240 B c=150 round=2/3    2992.3 req/s
h2 stream pyreqwest_mt    4194304 B c=100 round=2/3      73.6 req/s
h2 full   wreq            1048576 B c= 10 round=2/3     759.9 req/s
h2 full   wreq_blocking     65536 B c= 10 round=2/3    3690.2 req/s
h2 stream curl_cffi_blocking     1024 B c=150 round=2/3     523.9 req/s
h2 stream wreq_blocking   2097152 B c=150 round=2/3     340.0 req/s
h2 full   wreq_st         2097152 B c= 50 round=2/3     420.9 req/s
h2 stream wreq_st         1048576 B c= 10 round=2/3     825.4 req/s
h2 full   wreq_blocking     65536 B c= 50 round=2/3    3544.3 req/s
h2 stream ry                 1024 B c=100 round=2/3    1749.3 req/s
h2 stream wreq_st            1024 B c= 10 round=2/3   10739.4 req/s
h2 stream pyreqwest_mt    1048576 B c=150 round=2/3     221.7 req/s
h2 stream ry_blocking     4194304 B c=100 round=2/3     101.0 req/s
h2 full   wreq            2097152 B c=100 round=2/3     308.2 req/s
h2 stream curl_cffi       2097152 B c= 50 round=2/3     255.8 req/s
h2 stream wreq_st          131072 B c= 50 round=2/3    5864.1 req/s
h2 stream pycurl          1048576 B c= 50 round=2/3     193.8 req/s
h2 stream curl_cffi         65536 B c=100 round=2/3    2708.4 req/s
h2 full   wreq_st           65536 B c=150 round=2/3   14400.5 req/s
h2 full   wreq_st         4194304 B c= 50 round=2/3     205.6 req/s
h2 stream pyreqwest_mt       1024 B c=100 round=2/3    3548.1 req/s
h2 full   niquests          65536 B c= 10 round=2/3    1118.5 req/s
h2 stream wreq_blocking      1024 B c= 50 round=2/3     565.1 req/s
h2 full   ry               131072 B c=150 round=2/3     932.5 req/s
h2 full   curl_cffi_blocking  4194304 B c=150 round=2/3      49.1 req/s
h2 full   httpx              1024 B c= 50 round=2/3    1594.6 req/s
h2 full   pyreqwest_mt       1024 B c= 10 round=2/3    6811.5 req/s
h2 stream pyreqwest_st       1024 B c=150 round=2/3    2575.5 req/s
h2 stream curl_cffi       1048576 B c=100 round=2/3     504.8 req/s
h2 stream httpx_blocking  2097152 B c=150 round=2/3      27.8 req/s
h2 full   pycurl          2097152 B c= 50 round=2/3     113.2 req/s
h2 full   niquests_blocking     1024 B c=100 round=2/3    1269.9 req/s
h2 full   wreq               1024 B c= 10 round=2/3   12923.1 req/s
h2 stream pycurl             1024 B c= 50 round=2/3    6274.4 req/s
h2 stream httpx            131072 B c= 10 round=2/3     509.2 req/s
h2 stream wreq            1048576 B c= 10 round=2/3     545.5 req/s
h2 stream ry_blocking       10240 B c= 10 round=2/3    5254.6 req/s
h2 full   curl_cffi       1048576 B c= 10 round=2/3     528.4 req/s
h2 stream pyreqwest_st      65536 B c= 50 round=2/3    1206.7 req/s
h2 full   niquests        1048576 B c= 10 round=2/3     178.8 req/s
h2 full   niquests_blocking    10240 B c=150 round=2/3    1208.0 req/s
h2 stream wreq               1024 B c=100 round=2/3   24232.3 req/s
h2 full   httpx_blocking    65536 B c= 50 round=2/3     616.6 req/s
h2 full   httpx_blocking  4194304 B c=150 round=2/3      10.2 req/s
h2 stream niquests          65536 B c= 10 round=2/3    1306.9 req/s
h2 full   ry_blocking        1024 B c=150 round=2/3    6632.1 req/s
h2 stream niquests        4194304 B c= 10 round=2/3      47.8 req/s
h2 full   ry_blocking     1048576 B c=100 round=2/3     421.0 req/s
h2 stream wreq_blocking     10240 B c=100 round=2/3     555.9 req/s
h2 full   httpx           2097152 B c=150 round=2/3      38.5 req/s
h2 stream pycurl            10240 B c=150 round=2/3    5744.5 req/s
h2 full   pycurl          1048576 B c= 10 round=2/3     212.8 req/s
h2 full   niquests           1024 B c= 50 round=2/3    2044.0 req/s
h2 full   pyreqwest_st       1024 B c=100 round=2/3    4104.3 req/s
h2 full   wreq_st         4194304 B c= 10 round=2/3     207.3 req/s
h2 full   curl_cffi_blocking   131072 B c= 50 round=2/3     426.5 req/s
h2 stream wreq            1048576 B c=150 round=2/3     565.9 req/s
h2 full   niquests         131072 B c= 10 round=2/3     905.5 req/s
h2 full   httpx           2097152 B c= 50 round=2/3      40.8 req/s
h2 full   wreq_st          131072 B c= 50 round=2/3    6859.8 req/s
h2 stream curl_cffi         10240 B c= 50 round=2/3    6011.5 req/s
h2 full   niquests_blocking    10240 B c= 10 round=2/3    1320.4 req/s
h2 stream curl_cffi       4194304 B c=100 round=2/3     125.5 req/s
h2 stream ry_blocking     1048576 B c= 50 round=2/3     339.1 req/s
h2 full   pycurl          4194304 B c=150 round=2/3      56.3 req/s
h2 stream ry              2097152 B c= 50 round=2/3      68.0 req/s
h2 full   httpx             65536 B c=100 round=2/3     904.7 req/s
h2 stream pycurl            65536 B c=150 round=2/3    1833.3 req/s
h2 stream httpx             65536 B c= 50 round=2/3     854.8 req/s
h2 stream niquests_blocking   131072 B c=100 round=2/3     419.5 req/s
h2 stream wreq_blocking     65536 B c= 10 round=2/3     529.8 req/s
h2 stream niquests         131072 B c= 50 round=2/3     900.1 req/s
h2 full   httpx_blocking    65536 B c=150 round=2/3     597.2 req/s
h2 full   wreq_st          131072 B c= 10 round=2/3    5985.4 req/s
h2 stream ry_blocking     4194304 B c=150 round=2/3     101.6 req/s
h2 full   pycurl           131072 B c= 50 round=2/3    1624.5 req/s
h2 stream wreq              65536 B c= 50 round=2/3    6920.6 req/s
h2 stream pyreqwest_st    4194304 B c=150 round=2/3      62.5 req/s
h2 full   pyreqwest_st    4194304 B c= 50 round=2/3      70.3 req/s
h2 full   pycurl             1024 B c= 50 round=2/3   11129.6 req/s
h2 full   pycurl           131072 B c=150 round=2/3    1571.6 req/s
h2 stream niquests        1048576 B c= 50 round=2/3     178.1 req/s
h2 stream ry_blocking        1024 B c=100 round=2/3    4839.1 req/s
h2 stream curl_cffi_blocking  2097152 B c=150 round=2/3      80.3 req/s
h2 stream wreq_blocking     65536 B c=100 round=2/3     521.2 req/s
h2 stream ry              2097152 B c=150 round=2/3      69.8 req/s
h2 stream ry              4194304 B c=150 round=2/3      37.4 req/s
h2 stream niquests_blocking   131072 B c= 10 round=2/3     437.4 req/s
h2 full   httpx           1048576 B c=150 round=2/3      89.7 req/s
h2 stream niquests_blocking    65536 B c=150 round=2/3     658.2 req/s
h2 stream niquests          65536 B c=100 round=2/3    1147.8 req/s
h2 stream wreq            2097152 B c=100 round=2/3     297.3 req/s
h2 full   pyreqwest_mt    4194304 B c= 10 round=2/3      86.5 req/s
h2 full   curl_cffi_blocking     1024 B c= 10 round=2/3     561.6 req/s
h2 full   httpx           4194304 B c=150 round=2/3      15.1 req/s
h2 full   niquests_blocking  4194304 B c=100 round=2/3      18.5 req/s
h2 stream pyreqwest_mt    4194304 B c= 50 round=2/3      76.5 req/s
h2 stream pycurl          1048576 B c= 10 round=2/3     186.7 req/s
h2 full   pyreqwest_mt     131072 B c=150 round=2/3    2119.2 req/s
h2 stream niquests_blocking    10240 B c=100 round=2/3    1233.7 req/s
h2 full   niquests           1024 B c= 10 round=2/3    2042.9 req/s
h2 stream pyreqwest_st    4194304 B c= 50 round=2/3      62.9 req/s
h2 full   wreq_blocking   1048576 B c= 50 round=2/3    1744.1 req/s
h2 full   ry_blocking       10240 B c=100 round=2/3    7172.6 req/s
h2 full   wreq_blocking      1024 B c= 50 round=2/3    3632.6 req/s
h2 full   httpx_blocking  4194304 B c=100 round=2/3      10.0 req/s
h2 full   niquests         131072 B c=150 round=2/3     899.7 req/s
h2 full   niquests_blocking    65536 B c= 50 round=2/3     662.8 req/s
h2 stream pyreqwest_mt    2097152 B c= 50 round=2/3     138.6 req/s
h2 full   httpx            131072 B c=150 round=2/3     579.7 req/s
h2 stream ry               131072 B c=150 round=2/3     612.2 req/s
h2 full   pyreqwest_mt    4194304 B c=150 round=2/3      79.1 req/s
h2 stream ry                10240 B c= 50 round=2/3    1591.1 req/s
h2 stream ry              2097152 B c=100 round=2/3      67.4 req/s
h2 stream httpx_blocking  1048576 B c=100 round=2/3      52.6 req/s
h2 stream pycurl           131072 B c= 50 round=2/3    1262.0 req/s
h2 stream pyreqwest_st    1048576 B c=150 round=2/3     181.9 req/s
h2 stream wreq_st         2097152 B c=100 round=2/3     422.1 req/s
h2 full   ry              1048576 B c=150 round=2/3     151.7 req/s
h2 full   wreq_blocking     10240 B c=100 round=2/3    3433.0 req/s
h2 stream curl_cffi       4194304 B c=150 round=2/3     113.8 req/s
h2 stream curl_cffi_blocking   131072 B c=150 round=2/3     389.6 req/s
h2 stream httpx           1048576 B c=150 round=2/3     107.7 req/s
h2 full   ry                10240 B c= 10 round=2/3    2512.9 req/s
h2 full   pycurl          4194304 B c= 10 round=2/3      53.0 req/s
h2 stream wreq_blocking      1024 B c=100 round=2/3     551.3 req/s
h2 full   curl_cffi_blocking    65536 B c= 50 round=2/3     491.7 req/s
h2 stream niquests        2097152 B c= 50 round=2/3      93.5 req/s
h2 stream pyreqwest_st    2097152 B c= 50 round=2/3     113.1 req/s
h2 stream pyreqwest_st     131072 B c= 10 round=2/3     917.6 req/s
h2 full   pycurl          1048576 B c=100 round=2/3     220.3 req/s
h2 stream pycurl            65536 B c=100 round=2/3    1903.0 req/s
h2 full   niquests_blocking   131072 B c= 10 round=2/3     428.2 req/s
h2 stream wreq_st         2097152 B c= 50 round=2/3     422.3 req/s
h2 stream niquests_blocking     1024 B c=150 round=2/3    1215.5 req/s
h2 stream pycurl             1024 B c=150 round=2/3    5747.3 req/s
h2 full   httpx_blocking     1024 B c= 50 round=2/3    1521.9 req/s
h2 stream httpx_blocking    10240 B c= 50 round=2/3    1493.6 req/s
h2 full   curl_cffi          1024 B c= 50 round=2/3    6925.9 req/s
h2 full   ry_blocking     4194304 B c= 50 round=2/3     108.1 req/s
h2 full   wreq_st         4194304 B c=100 round=2/3     207.2 req/s
h2 stream httpx            131072 B c=150 round=2/3     601.6 req/s
h2 full   ry                65536 B c= 10 round=2/3    1393.6 req/s
h2 stream httpx              1024 B c=150 round=2/3    1713.6 req/s
h2 stream niquests_blocking  2097152 B c=100 round=2/3      36.6 req/s
h2 stream httpx_blocking  4194304 B c=150 round=2/3      13.8 req/s
h2 full   curl_cffi_blocking  4194304 B c= 50 round=2/3      47.9 req/s
h2 stream niquests          10240 B c= 50 round=2/3    2007.6 req/s
h2 full   curl_cffi       4194304 B c=150 round=2/3     148.6 req/s
h2 full   httpx             65536 B c= 10 round=2/3     812.0 req/s
h2 full   wreq_blocking    131072 B c=100 round=2/3    3284.4 req/s
h2 stream curl_cffi         10240 B c=100 round=2/3    5312.0 req/s
h2 stream httpx_blocking   131072 B c=100 round=2/3     360.0 req/s
h2 full   ry                10240 B c=100 round=2/3    2825.4 req/s
h2 full   wreq_blocking   4194304 B c=150 round=2/3     607.4 req/s
h2 stream pyreqwest_st    2097152 B c=150 round=2/3     114.9 req/s
h2 full   niquests        1048576 B c=100 round=2/3     176.7 req/s
h2 full   pyreqwest_st     131072 B c=100 round=2/3    1612.3 req/s
h2 stream httpx              1024 B c=100 round=2/3    1635.0 req/s
h2 stream wreq               1024 B c= 10 round=2/3   10520.7 req/s
h2 stream httpx_blocking    10240 B c=150 round=2/3    1381.6 req/s
h2 full   wreq             131072 B c=150 round=2/3    4130.9 req/s
h2 stream ry              1048576 B c= 50 round=2/3     117.5 req/s
h2 stream ry                65536 B c=100 round=2/3     827.8 req/s
h2 stream curl_cffi        131072 B c=100 round=2/3    2193.0 req/s
h2 stream wreq_blocking   2097152 B c=100 round=2/3     335.6 req/s
h2 full   ry               131072 B c= 50 round=2/3     993.0 req/s
h2 stream niquests_blocking     1024 B c=100 round=2/3    1250.2 req/s
h2 full   curl_cffi_blocking   131072 B c=150 round=2/3     426.8 req/s
h2 stream niquests          10240 B c=150 round=2/3    1619.6 req/s
h2 full   niquests        2097152 B c=100 round=2/3      96.3 req/s
h2 full   curl_cffi_blocking    10240 B c=100 round=2/3     553.4 req/s
h2 stream niquests_blocking  1048576 B c= 50 round=2/3      71.2 req/s
h2 stream curl_cffi_blocking  1048576 B c= 50 round=2/3     138.8 req/s
h2 full   pycurl            10240 B c=150 round=2/3    9116.3 req/s
h2 stream wreq            4194304 B c=100 round=2/3     152.2 req/s
h2 full   curl_cffi        131072 B c= 10 round=2/3    2161.6 req/s
h2 full   wreq            4194304 B c=100 round=2/3     179.8 req/s
h2 full   curl_cffi       1048576 B c=150 round=2/3     580.0 req/s
h2 stream wreq_st           10240 B c= 10 round=2/3   10320.9 req/s
h2 stream wreq            2097152 B c= 50 round=2/3     305.8 req/s
h2 full   httpx             10240 B c= 10 round=2/3    1557.3 req/s
h2 stream pyreqwest_mt     131072 B c= 10 round=2/3    1091.9 req/s
h2 stream wreq              65536 B c=150 round=2/3    6565.6 req/s
h2 stream httpx              1024 B c= 50 round=2/3    1633.2 req/s
h2 full   wreq_blocking      1024 B c= 10 round=2/3    3814.0 req/s
h2 stream wreq             131072 B c= 10 round=2/3    3440.8 req/s
h2 full   niquests_blocking  1048576 B c=100 round=2/3      71.5 req/s
h2 stream wreq_st         4194304 B c= 10 round=2/3     212.2 req/s
h2 stream ry_blocking       65536 B c= 10 round=2/3    2521.8 req/s
h2 stream wreq_st         2097152 B c= 10 round=2/3     418.0 req/s
h2 full   niquests_blocking  4194304 B c=150 round=2/3      19.0 req/s
h2 full   pycurl          2097152 B c=150 round=2/3     112.2 req/s
h2 stream niquests         131072 B c= 10 round=2/3     860.9 req/s
h2 stream pyreqwest_mt     131072 B c=150 round=2/3    1257.9 req/s
h2 stream niquests_blocking   131072 B c= 50 round=2/3     426.1 req/s
h2 full   wreq_st         2097152 B c=100 round=2/3     417.2 req/s
h2 full   niquests_blocking   131072 B c=100 round=2/3     422.8 req/s
h2 stream wreq_blocking   4194304 B c= 10 round=2/3     280.5 req/s
h2 stream ry                65536 B c=150 round=2/3     816.2 req/s
h2 full   httpx              1024 B c=150 round=2/3    1622.3 req/s
h2 full   ry                 1024 B c=150 round=2/3    2900.3 req/s
h2 full   pyreqwest_st    1048576 B c= 10 round=2/3     268.2 req/s
h2 stream pyreqwest_st      65536 B c=150 round=2/3    1309.2 req/s
h2 stream curl_cffi_blocking    10240 B c= 10 round=2/3     526.6 req/s
h2 stream pyreqwest_st      10240 B c=150 round=2/3    2498.9 req/s
h2 stream wreq               1024 B c= 50 round=2/3   22892.2 req/s
h2 stream wreq_blocking    131072 B c= 10 round=2/3     529.3 req/s
h2 stream curl_cffi_blocking  2097152 B c=100 round=2/3      77.9 req/s
h2 stream wreq_blocking   4194304 B c= 50 round=2/3     280.5 req/s
h2 stream niquests        1048576 B c=100 round=2/3     173.1 req/s
h2 stream wreq            2097152 B c= 10 round=2/3     285.6 req/s
h2 stream httpx_blocking  4194304 B c= 10 round=2/3      13.3 req/s
h2 full   curl_cffi          1024 B c=100 round=2/3    8263.2 req/s
h2 stream pyreqwest_mt    2097152 B c=100 round=2/3     134.9 req/s
h2 full   ry_blocking     2097152 B c=100 round=2/3     215.7 req/s
h2 full   ry              1048576 B c= 50 round=2/3     149.6 req/s
h2 stream httpx           1048576 B c=100 round=2/3     109.7 req/s
h2 full   wreq             131072 B c= 10 round=2/3    3981.0 req/s
h2 full   pyreqwest_st    2097152 B c= 50 round=2/3     141.5 req/s
h2 full   curl_cffi       4194304 B c= 50 round=2/3     153.3 req/s
h2 full   pyreqwest_st    2097152 B c=100 round=2/3     139.5 req/s
h2 stream wreq             131072 B c=150 round=2/3    3742.2 req/s
h2 stream niquests_blocking     1024 B c= 50 round=2/3    1288.5 req/s
h2 full   wreq              65536 B c=100 round=2/3    8215.0 req/s
h2 stream pyreqwest_mt      65536 B c=100 round=2/3    1590.6 req/s
h2 stream wreq_st         4194304 B c=150 round=2/3     202.8 req/s
h2 full   pyreqwest_st    1048576 B c=100 round=2/3     272.6 req/s
h2 full   pyreqwest_st       1024 B c= 50 round=2/3    4128.6 req/s
h2 full   httpx_blocking     1024 B c=150 round=2/3    1296.3 req/s
h2 stream curl_cffi         65536 B c= 50 round=2/3    2774.3 req/s
h2 stream niquests        1048576 B c=150 round=2/3     178.0 req/s
h2 stream wreq_st           65536 B c= 50 round=2/3    6531.3 req/s
h2 stream httpx              1024 B c= 10 round=2/3    1583.4 req/s
h2 full   wreq_st         2097152 B c=150 round=2/3     411.0 req/s
h2 stream wreq_st           65536 B c=100 round=2/3    7488.4 req/s
h2 stream curl_cffi        131072 B c=150 round=2/3    2112.5 req/s
h2 stream wreq_blocking   1048576 B c=150 round=2/3     374.4 req/s
h2 stream curl_cffi_blocking    65536 B c= 10 round=2/3     440.3 req/s
h2 full   ry              4194304 B c= 10 round=2/3      34.0 req/s
h2 stream httpx_blocking     1024 B c= 10 round=2/3    1575.3 req/s
h2 stream curl_cffi        131072 B c= 50 round=2/3    2207.8 req/s
h2 full   wreq_blocking   2097152 B c=100 round=2/3    1076.5 req/s
h2 full   pyreqwest_st      10240 B c= 50 round=2/3    4167.5 req/s
h2 stream pycurl            10240 B c= 50 round=2/3    6454.1 req/s
h2 full   pyreqwest_st    2097152 B c= 10 round=2/3     131.1 req/s
h2 full   httpx_blocking  1048576 B c= 50 round=2/3      50.1 req/s
h2 full   pyreqwest_mt      10240 B c=150 round=2/3    7290.3 req/s
h2 full   curl_cffi_blocking  1048576 B c= 50 round=2/3     154.6 req/s
h2 stream niquests          10240 B c=100 round=2/3    1924.1 req/s
h2 stream pyreqwest_mt      10240 B c=150 round=2/3    3606.6 req/s
h2 full   httpx_blocking  2097152 B c= 50 round=2/3      23.5 req/s
h2 stream ry_blocking       10240 B c=150 round=2/3    4608.1 req/s
h2 stream pyreqwest_mt     131072 B c=100 round=2/3    1240.0 req/s
h2 stream curl_cffi       2097152 B c=100 round=2/3     252.9 req/s
h2 stream wreq_blocking     10240 B c= 50 round=2/3     562.9 req/s
h2 full   pyreqwest_mt      10240 B c= 50 round=2/3    7562.6 req/s
h2 stream pyreqwest_st       1024 B c= 10 round=2/3    2529.8 req/s
h2 full   wreq_st            1024 B c= 10 round=2/3   18993.8 req/s
h2 full   pycurl          1048576 B c=150 round=2/3     220.5 req/s
h2 stream ry_blocking     1048576 B c=100 round=2/3     335.2 req/s
h2 full   pycurl            65536 B c=100 round=2/3    2912.3 req/s
h2 full   httpx_blocking  2097152 B c= 10 round=2/3      24.7 req/s
h2 full   wreq             131072 B c=100 round=2/3    4189.4 req/s
h2 full   pycurl            10240 B c= 10 round=2/3   12817.0 req/s
h2 stream ry              4194304 B c= 10 round=2/3      31.8 req/s
h2 stream pycurl          2097152 B c= 10 round=2/3      93.9 req/s
h2 stream pyreqwest_mt      10240 B c=100 round=2/3    3503.0 req/s
h2 full   wreq            4194304 B c= 10 round=2/3     185.0 req/s
h2 stream ry_blocking     2097152 B c= 50 round=2/3     192.0 req/s
h2 full   pyreqwest_st    4194304 B c=100 round=2/3      70.6 req/s
h2 stream wreq_st            1024 B c=100 round=2/3   14388.8 req/s
h2 stream wreq_st          131072 B c= 10 round=2/3    4054.8 req/s
h2 full   ry_blocking      131072 B c= 50 round=2/3    2660.8 req/s
h2 stream niquests_blocking  1048576 B c=150 round=2/3      72.1 req/s
h2 stream ry_blocking       65536 B c=100 round=2/3    2404.8 req/s
h2 stream wreq             131072 B c=100 round=2/3    3722.0 req/s
h2 stream ry_blocking       65536 B c= 50 round=2/3    2463.2 req/s
h2 stream wreq_st         2097152 B c=150 round=2/3     416.3 req/s
h2 full   pyreqwest_st    4194304 B c= 10 round=2/3      67.9 req/s
h2 stream pyreqwest_mt     131072 B c= 50 round=2/3    1214.2 req/s
h2 full   ry_blocking       10240 B c=150 round=2/3    6888.5 req/s
h2 full   httpx_blocking    10240 B c= 10 round=2/3    1552.5 req/s
h2 full   pyreqwest_mt      65536 B c=100 round=2/3    4463.0 req/s
h2 stream niquests          10240 B c= 10 round=2/3    1969.2 req/s
h2 stream httpx_blocking    10240 B c=100 round=2/3    1429.3 req/s
h2 full   pyreqwest_mt      65536 B c= 50 round=2/3    4309.1 req/s
h2 full   wreq              10240 B c= 10 round=2/3   12349.7 req/s
h2 stream curl_cffi_blocking  4194304 B c= 50 round=2/3      42.3 req/s
h2 full   httpx              1024 B c=100 round=2/3    1635.1 req/s
h2 full   wreq               1024 B c=100 round=2/3   29741.2 req/s
h2 stream ry_blocking     4194304 B c= 10 round=2/3      99.4 req/s
h2 stream httpx           1048576 B c= 10 round=2/3     107.1 req/s
h2 stream wreq_st           10240 B c=100 round=2/3   16285.3 req/s
h2 stream curl_cffi_blocking     1024 B c= 10 round=2/3     525.7 req/s
h2 full   pyreqwest_st     131072 B c= 10 round=2/3    1646.2 req/s
h2 stream pyreqwest_st      65536 B c=100 round=2/3    1284.7 req/s
h2 stream httpx           2097152 B c= 50 round=2/3      56.2 req/s
h2 full   wreq_st         2097152 B c= 10 round=2/3     417.8 req/s
h2 full   ry              4194304 B c=100 round=2/3      39.8 req/s
h2 stream pycurl            65536 B c= 10 round=2/3    1951.6 req/s
h2 stream curl_cffi_blocking  4194304 B c=150 round=2/3      42.9 req/s
h2 full   curl_cffi_blocking  2097152 B c=150 round=2/3      90.5 req/s
h2 stream ry_blocking      131072 B c=150 round=2/3    1708.8 req/s
h2 stream httpx_blocking    65536 B c=100 round=2/3     592.2 req/s
h2 stream pyreqwest_st     131072 B c=100 round=2/3     951.7 req/s
h2 full   wreq_blocking   4194304 B c=100 round=2/3     646.2 req/s
h2 stream httpx           2097152 B c=150 round=2/3      53.0 req/s
h2 full   pycurl             1024 B c= 10 round=2/3   12888.2 req/s
h2 stream pyreqwest_st       1024 B c=100 round=2/3    2575.7 req/s
h2 full   pyreqwest_mt     131072 B c= 50 round=2/3    2527.3 req/s
h2 full   curl_cffi         65536 B c=150 round=2/3    4880.5 req/s
h2 stream ry                65536 B c= 50 round=2/3     829.2 req/s
h2 stream ry                10240 B c=100 round=2/3    1684.5 req/s
h2 stream curl_cffi_blocking  4194304 B c=100 round=2/3      41.7 req/s
h2 full   ry_blocking     4194304 B c=100 round=2/3     108.3 req/s
h2 full   httpx             65536 B c=150 round=2/3     890.9 req/s
h2 full   pycurl             1024 B c=100 round=2/3   10565.8 req/s
h2 stream httpx           4194304 B c= 50 round=2/3      28.2 req/s
h2 stream pyreqwest_st    1048576 B c= 10 round=2/3     185.9 req/s
h2 stream httpx_blocking  1048576 B c=150 round=2/3      55.1 req/s
h2 stream httpx_blocking    65536 B c= 50 round=2/3     591.4 req/s
h2 full   ry                 1024 B c=100 round=2/3    2883.5 req/s
h2 full   httpx_blocking   131072 B c= 10 round=2/3     361.6 req/s
h2 stream pyreqwest_st     131072 B c= 50 round=2/3     938.4 req/s
h2 full   pyreqwest_mt      10240 B c= 10 round=2/3    6771.7 req/s
h2 full   wreq_st         4194304 B c=150 round=2/3     207.9 req/s
h2 stream wreq            4194304 B c= 50 round=2/3     154.2 req/s
h2 stream httpx_blocking  4194304 B c=100 round=2/3      13.2 req/s
h2 stream ry                 1024 B c= 50 round=2/3    1667.5 req/s
h2 stream ry_blocking     1048576 B c=150 round=2/3     333.6 req/s
h2 stream pyreqwest_st    2097152 B c= 10 round=2/3     108.0 req/s
h2 stream niquests_blocking  2097152 B c=150 round=2/3      37.4 req/s
h2 stream httpx_blocking   131072 B c= 50 round=2/3     364.7 req/s
h2 full   wreq_st           10240 B c= 50 round=2/3   25207.1 req/s
h2 full   ry_blocking      131072 B c= 10 round=2/3    2785.2 req/s
h2 stream httpx_blocking  2097152 B c= 50 round=2/3      27.0 req/s
h2 stream niquests_blocking  1048576 B c= 10 round=2/3      71.1 req/s
h2 full   curl_cffi         65536 B c= 50 round=2/3    4340.0 req/s
h2 stream pycurl            65536 B c= 50 round=2/3    1975.7 req/s
h2 stream httpx            131072 B c= 50 round=2/3     555.5 req/s
h2 full   wreq_blocking    131072 B c=150 round=2/3    3234.0 req/s
h2 full   curl_cffi_blocking     1024 B c= 50 round=2/3     564.0 req/s
h2 full   pyreqwest_mt    1048576 B c=150 round=2/3     301.5 req/s
h2 full   ry_blocking      131072 B c=150 round=2/3    2488.1 req/s
h2 stream wreq              10240 B c=150 round=2/3   20705.7 req/s
h2 stream niquests_blocking  4194304 B c=100 round=2/3      18.4 req/s
h2 full   curl_cffi          1024 B c= 10 round=2/3    6143.6 req/s
h2 full   pyreqwest_mt      10240 B c=100 round=2/3    7520.9 req/s
h2 full   curl_cffi         65536 B c= 10 round=2/3    3668.3 req/s
h2 stream ry              4194304 B c=100 round=2/3      37.6 req/s
h2 stream ry_blocking      131072 B c=100 round=2/3    1761.7 req/s
h2 stream wreq_blocking   4194304 B c=150 round=2/3     284.0 req/s
h2 full   httpx_blocking  1048576 B c= 10 round=2/3      51.3 req/s
h2 full   httpx           1048576 B c=100 round=2/3      89.4 req/s
h2 stream pycurl          2097152 B c=100 round=2/3      97.6 req/s
h2 full   curl_cffi_blocking  4194304 B c= 10 round=2/3      47.8 req/s
h2 full   pyreqwest_mt       1024 B c= 50 round=2/3    7312.6 req/s
h2 stream pyreqwest_st      65536 B c= 10 round=2/3    1181.5 req/s
h2 full   curl_cffi_blocking     1024 B c=100 round=2/3     560.5 req/s
h2 full   wreq              65536 B c=150 round=2/3    8042.2 req/s
h2 stream niquests_blocking    65536 B c= 10 round=2/3     685.0 req/s
h2 full   ry_blocking     2097152 B c= 50 round=2/3     220.3 req/s
h2 stream wreq_blocking      1024 B c=150 round=2/3     548.1 req/s
h2 stream ry               131072 B c= 10 round=2/3     543.0 req/s
h2 stream httpx_blocking     1024 B c= 50 round=2/3    1505.8 req/s
h2 full   niquests          10240 B c= 50 round=2/3    1983.6 req/s
h2 stream httpx           4194304 B c= 10 round=2/3      28.6 req/s
h2 full   niquests        4194304 B c=100 round=2/3      52.2 req/s
h2 stream pyreqwest_mt       1024 B c= 10 round=2/3    3008.0 req/s
h2 stream wreq_st           65536 B c=150 round=2/3    7328.4 req/s
h2 full   pyreqwest_st      65536 B c= 50 round=2/3    2516.7 req/s
h2 full   ry                10240 B c= 50 round=2/3    2807.1 req/s
h2 stream pyreqwest_mt    2097152 B c= 10 round=2/3     136.7 req/s
h2 full   wreq_blocking     10240 B c=150 round=2/3    3277.4 req/s
h2 stream pycurl             1024 B c= 10 round=2/3    6775.1 req/s
h2 full   niquests          65536 B c=100 round=2/3    1293.5 req/s
h2 stream pyreqwest_mt    1048576 B c= 50 round=2/3     228.1 req/s
h2 full   wreq_blocking     10240 B c= 10 round=2/3    3690.9 req/s
h2 full   niquests_blocking  1048576 B c= 50 round=2/3      71.3 req/s
h2 full   pyreqwest_mt    4194304 B c= 50 round=2/3      85.7 req/s
h2 full   curl_cffi       4194304 B c= 10 round=2/3     152.2 req/s
h2 full   pyreqwest_st     131072 B c=150 round=2/3    1476.4 req/s
h2 full   wreq              65536 B c= 10 round=2/3    6171.0 req/s
h2 full   niquests_blocking  2097152 B c=150 round=2/3      37.7 req/s
h2 full   niquests_blocking     1024 B c= 10 round=2/3    1316.0 req/s
h2 stream niquests        4194304 B c=100 round=2/3      50.9 req/s
h2 full   curl_cffi_blocking   131072 B c=100 round=3/3     425.7 req/s
h2 full   curl_cffi         10240 B c= 10 round=3/3    5706.9 req/s
h2 full   wreq            2097152 B c=150 round=3/3     331.2 req/s
h2 full   httpx           1048576 B c= 50 round=3/3      92.8 req/s
h2 full   niquests_blocking  4194304 B c= 50 round=3/3      18.6 req/s
h2 full   curl_cffi         65536 B c= 10 round=3/3    3601.5 req/s
h2 full   ry                10240 B c=100 round=3/3    2890.0 req/s
h2 stream niquests           1024 B c= 10 round=3/3    2038.3 req/s
h2 full   pyreqwest_mt    4194304 B c= 50 round=3/3      86.0 req/s
h2 stream curl_cffi_blocking  1048576 B c= 50 round=3/3     138.6 req/s
h2 full   wreq_st         2097152 B c=150 round=3/3     422.0 req/s
h2 full   wreq_st            1024 B c= 10 round=3/3   18552.1 req/s
h2 full   httpx           4194304 B c=150 round=3/3      15.1 req/s
h2 stream wreq_blocking     65536 B c=100 round=3/3     522.1 req/s
h2 stream wreq_st           65536 B c= 50 round=3/3    7467.2 req/s
h2 full   pyreqwest_st       1024 B c=100 round=3/3    4118.8 req/s
h2 stream pyreqwest_mt    1048576 B c=100 round=3/3     228.2 req/s
h2 stream wreq_blocking   4194304 B c= 50 round=3/3     280.8 req/s
h2 full   pyreqwest_mt    1048576 B c= 10 round=3/3     353.0 req/s
h2 stream pycurl             1024 B c=100 round=3/3    6064.7 req/s
h2 full   httpx_blocking     1024 B c= 10 round=3/3    1545.4 req/s
h2 stream httpx            131072 B c=100 round=3/3     576.5 req/s
h2 full   wreq            1048576 B c= 50 round=3/3     599.4 req/s
h2 stream niquests          10240 B c=150 round=3/3    1987.2 req/s
h2 full   wreq_st          131072 B c= 50 round=3/3    7304.9 req/s
h2 full   httpx            131072 B c=150 round=3/3     580.3 req/s
h2 full   pyreqwest_mt    1048576 B c= 50 round=3/3     323.3 req/s
h2 stream curl_cffi       2097152 B c=150 round=3/3     237.2 req/s
h2 full   httpx            131072 B c=100 round=3/3     567.5 req/s
h2 stream httpx_blocking    10240 B c= 50 round=3/3    1511.0 req/s
h2 stream curl_cffi_blocking    10240 B c=100 round=3/3     524.3 req/s
h2 full   wreq_st         4194304 B c=150 round=3/3     203.4 req/s
h2 stream wreq_st         1048576 B c= 50 round=3/3     838.9 req/s
h2 stream wreq_blocking     10240 B c=100 round=3/3     552.4 req/s
h2 stream ry_blocking     1048576 B c=150 round=3/3     334.6 req/s
h2 stream pycurl            10240 B c= 10 round=3/3    6798.1 req/s
h2 full   pyreqwest_st    2097152 B c=150 round=3/3     137.4 req/s
h2 stream httpx_blocking     1024 B c= 50 round=3/3    1517.8 req/s
h2 stream wreq_blocking   1048576 B c=150 round=3/3     375.6 req/s
h2 full   wreq_st           10240 B c=150 round=3/3   24054.4 req/s
h2 full   ry_blocking     1048576 B c= 10 round=3/3     421.1 req/s
h2 stream curl_cffi        131072 B c=100 round=3/3    2482.0 req/s
h2 stream httpx           4194304 B c=150 round=3/3      26.3 req/s
h2 stream pycurl            65536 B c= 50 round=3/3    2009.0 req/s
h2 stream wreq            4194304 B c=150 round=3/3     159.7 req/s
h2 stream wreq_blocking   2097152 B c= 10 round=3/3     338.2 req/s
h2 full   curl_cffi         10240 B c= 50 round=3/3    7358.8 req/s
h2 stream wreq_blocking   2097152 B c=100 round=3/3     335.7 req/s
h2 stream ry_blocking      131072 B c=100 round=3/3    1759.1 req/s
h2 full   pyreqwest_mt      65536 B c=100 round=3/3    4311.0 req/s
h2 stream pyreqwest_st       1024 B c=100 round=3/3    2553.0 req/s
h2 stream httpx_blocking  4194304 B c=100 round=3/3      13.1 req/s
h2 full   niquests_blocking    65536 B c=150 round=3/3     656.5 req/s
h2 full   niquests_blocking  1048576 B c= 10 round=3/3      71.2 req/s
h2 stream wreq_blocking     10240 B c= 10 round=3/3     567.3 req/s
h2 full   curl_cffi         10240 B c=150 round=3/3    7596.6 req/s
h2 stream httpx           4194304 B c= 10 round=3/3      28.6 req/s
h2 full   pycurl          2097152 B c=100 round=3/3     113.1 req/s
h2 full   wreq_st           65536 B c=150 round=3/3   10127.7 req/s
h2 full   wreq_blocking      1024 B c= 50 round=3/3    3616.9 req/s
h2 stream niquests        2097152 B c= 50 round=3/3      93.6 req/s
h2 stream wreq_st         1048576 B c=150 round=3/3     889.0 req/s
h2 stream httpx             65536 B c=150 round=3/3     868.7 req/s
h2 full   httpx_blocking  4194304 B c= 50 round=3/3      10.1 req/s
h2 full   pycurl           131072 B c= 50 round=3/3    1652.1 req/s
h2 full   httpx_blocking    65536 B c=100 round=3/3     602.1 req/s
h2 stream wreq_blocking   1048576 B c= 50 round=3/3     381.0 req/s
h2 stream httpx_blocking  2097152 B c=100 round=3/3      26.6 req/s
h2 full   wreq_blocking      1024 B c= 10 round=3/3    3773.3 req/s
h2 stream ry_blocking        1024 B c=150 round=3/3    4507.7 req/s
h2 full   wreq_blocking     65536 B c= 10 round=3/3    3704.2 req/s
h2 stream httpx_blocking  4194304 B c=150 round=3/3      13.8 req/s
h2 full   pycurl             1024 B c= 50 round=3/3   11641.1 req/s
h2 stream niquests_blocking  2097152 B c=150 round=3/3      37.6 req/s
h2 full   httpx           4194304 B c= 10 round=3/3      18.9 req/s
h2 full   curl_cffi_blocking    65536 B c= 10 round=3/3     489.0 req/s
h2 full   ry_blocking     1048576 B c=100 round=3/3     421.0 req/s
h2 stream curl_cffi         10240 B c= 10 round=3/3    4134.5 req/s
h2 stream pyreqwest_st    1048576 B c=100 round=3/3     185.1 req/s
h2 stream niquests          10240 B c= 50 round=3/3    1903.3 req/s
h2 stream curl_cffi        131072 B c= 50 round=3/3    2114.3 req/s
h2 full   wreq               1024 B c=150 round=3/3   27943.0 req/s
h2 full   httpx_blocking    10240 B c= 50 round=3/3    1503.1 req/s
h2 full   niquests_blocking   131072 B c=100 round=3/3     421.6 req/s
h2 full   httpx_blocking  4194304 B c= 10 round=3/3      11.1 req/s
h2 full   ry_blocking       65536 B c= 50 round=3/3    4382.4 req/s
h2 stream pyreqwest_st      65536 B c=150 round=3/3    1235.6 req/s
h2 stream curl_cffi_blocking  1048576 B c=100 round=3/3     135.9 req/s
h2 stream ry_blocking     2097152 B c= 10 round=3/3     188.4 req/s
h2 full   curl_cffi       2097152 B c= 10 round=3/3     284.8 req/s
h2 stream pycurl           131072 B c=150 round=3/3    1226.5 req/s
h2 stream pyreqwest_st      10240 B c=150 round=3/3    2545.1 req/s
h2 full   wreq_blocking     65536 B c=100 round=3/3    3459.1 req/s
h2 full   pycurl          1048576 B c= 50 round=3/3     220.2 req/s
h2 stream pycurl          1048576 B c= 50 round=3/3     193.2 req/s
h2 full   wreq            4194304 B c=150 round=3/3     151.9 req/s
h2 full   httpx_blocking  4194304 B c=150 round=3/3      10.3 req/s
h2 stream httpx           2097152 B c=100 round=3/3      51.7 req/s
h2 full   pycurl            65536 B c= 10 round=3/3    3036.8 req/s
h2 full   pycurl          4194304 B c= 10 round=3/3      53.2 req/s
h2 stream wreq_st           10240 B c=150 round=3/3   12843.5 req/s
h2 full   niquests_blocking    65536 B c=100 round=3/3     652.7 req/s
h2 stream pycurl          1048576 B c= 10 round=3/3     185.9 req/s
h2 stream curl_cffi_blocking    65536 B c= 10 round=3/3     439.2 req/s
h2 stream wreq               1024 B c= 10 round=3/3   10078.3 req/s
h2 full   ry               131072 B c=150 round=3/3     922.5 req/s
h2 full   curl_cffi_blocking    10240 B c=100 round=3/3     556.9 req/s
h2 stream pycurl            65536 B c=100 round=3/3    1922.2 req/s
h2 stream curl_cffi          1024 B c= 10 round=3/3    4362.6 req/s
h2 full   ry_blocking     2097152 B c=150 round=3/3     216.2 req/s
h2 stream pyreqwest_st     131072 B c=150 round=3/3     892.8 req/s
h2 stream pycurl          4194304 B c= 50 round=3/3      49.2 req/s
h2 full   ry_blocking       10240 B c=100 round=3/3    7134.3 req/s
h2 stream pycurl          1048576 B c=150 round=3/3     195.0 req/s
h2 full   wreq            1048576 B c=150 round=3/3     582.8 req/s
h2 full   pyreqwest_mt    2097152 B c=150 round=3/3     154.8 req/s
h2 stream httpx_blocking  2097152 B c= 10 round=3/3      26.9 req/s
h2 stream ry                65536 B c=150 round=3/3     807.5 req/s
h2 full   ry               131072 B c= 10 round=3/3     838.8 req/s
h2 stream wreq_st           65536 B c=100 round=3/3    6339.9 req/s
h2 stream curl_cffi         65536 B c=100 round=3/3    2568.1 req/s
h2 full   pycurl          2097152 B c= 50 round=3/3     111.2 req/s
h2 full   curl_cffi_blocking    10240 B c=150 round=3/3     551.3 req/s
h2 full   niquests          10240 B c= 50 round=3/3    1980.4 req/s
h2 stream wreq_st         1048576 B c= 10 round=3/3     830.6 req/s
h2 stream httpx_blocking     1024 B c=100 round=3/3    1456.1 req/s
h2 full   niquests_blocking    10240 B c=150 round=3/3    1220.5 req/s
h2 stream wreq_st            1024 B c= 50 round=3/3   16257.7 req/s
h2 stream ry              1048576 B c=150 round=3/3     119.3 req/s
h2 stream ry_blocking     4194304 B c=150 round=3/3     102.1 req/s
h2 stream curl_cffi_blocking     1024 B c=100 round=3/3     521.6 req/s
h2 stream httpx           2097152 B c= 50 round=3/3      57.1 req/s
h2 full   ry_blocking      131072 B c= 10 round=3/3    2790.3 req/s
h2 full   wreq              10240 B c= 50 round=3/3   22745.7 req/s
h2 full   wreq_blocking   2097152 B c=100 round=3/3    1059.1 req/s
h2 stream wreq              10240 B c= 10 round=3/3   10062.4 req/s
h2 full   httpx           1048576 B c=150 round=3/3      89.7 req/s
h2 full   httpx_blocking   131072 B c=150 round=3/3     359.7 req/s
h2 stream pyreqwest_mt    1048576 B c= 50 round=3/3     230.5 req/s
h2 stream ry_blocking      131072 B c= 50 round=3/3    1842.0 req/s
h2 stream wreq_blocking   4194304 B c=150 round=3/3     282.9 req/s
h2 stream niquests_blocking     1024 B c=150 round=3/3    1235.8 req/s
h2 stream pyreqwest_st      65536 B c= 10 round=3/3    1162.6 req/s
h2 full   pyreqwest_st    4194304 B c= 50 round=3/3      71.1 req/s
h2 full   pyreqwest_mt      10240 B c=100 round=3/3    7563.0 req/s
h2 full   pyreqwest_st    1048576 B c=150 round=3/3     270.8 req/s
h2 stream niquests        4194304 B c=100 round=3/3      48.5 req/s
h2 stream niquests_blocking     1024 B c= 10 round=3/3    1324.0 req/s
h2 stream pyreqwest_mt       1024 B c= 10 round=3/3    2989.6 req/s
h2 stream httpx_blocking   131072 B c= 10 round=3/3     363.0 req/s
h2 full   pycurl          1048576 B c=100 round=3/3     220.7 req/s
h2 full   pyreqwest_st     131072 B c=100 round=3/3    1595.0 req/s
h2 stream niquests_blocking    10240 B c= 10 round=3/3    1314.1 req/s
h2 full   pyreqwest_st     131072 B c=150 round=3/3    1413.1 req/s
h2 full   curl_cffi       4194304 B c=100 round=3/3     154.2 req/s
h2 full   niquests        4194304 B c= 50 round=3/3      48.8 req/s
h2 full   pycurl            10240 B c= 50 round=3/3   11183.3 req/s
h2 full   wreq_blocking   1048576 B c=150 round=3/3    1646.9 req/s
h2 stream wreq_st           65536 B c=150 round=3/3    7066.6 req/s
h2 stream curl_cffi_blocking  1048576 B c= 10 round=3/3     136.9 req/s
h2 stream pyreqwest_st      10240 B c= 10 round=3/3    2485.5 req/s
h2 full   wreq              10240 B c=150 round=3/3   27801.3 req/s
h2 full   wreq            2097152 B c= 10 round=3/3     326.1 req/s
h2 stream pycurl          2097152 B c= 50 round=3/3      97.7 req/s
h2 stream niquests_blocking    65536 B c= 10 round=3/3     687.3 req/s
h2 full   niquests_blocking  2097152 B c=150 round=3/3      37.6 req/s
h2 stream pyreqwest_st    2097152 B c= 50 round=3/3     114.3 req/s
h2 full   pycurl             1024 B c=100 round=3/3   10387.7 req/s
h2 full   niquests        2097152 B c=150 round=3/3     104.7 req/s
h2 full   niquests_blocking  2097152 B c= 50 round=3/3      36.6 req/s
h2 stream httpx           2097152 B c=150 round=3/3      52.7 req/s
h2 stream httpx            131072 B c= 10 round=3/3     531.5 req/s
h2 full   pyreqwest_st       1024 B c= 50 round=3/3    4131.4 req/s
h2 stream niquests          10240 B c= 10 round=3/3    1985.0 req/s
h2 stream curl_cffi_blocking    10240 B c=150 round=3/3     524.9 req/s
h2 stream ry              2097152 B c=100 round=3/3      69.1 req/s
h2 full   pyreqwest_mt    4194304 B c=150 round=3/3      79.3 req/s
h2 stream ry_blocking     2097152 B c=100 round=3/3     191.7 req/s
h2 full   niquests_blocking     1024 B c=150 round=3/3    1216.1 req/s
h2 full   pyreqwest_mt      65536 B c= 50 round=3/3    4427.0 req/s
h2 full   httpx              1024 B c=100 round=3/3    1696.5 req/s
h2 stream pyreqwest_st    4194304 B c=150 round=3/3      64.4 req/s
h2 stream wreq            1048576 B c=100 round=3/3     519.4 req/s
h2 stream pyreqwest_mt    4194304 B c= 10 round=3/3      75.8 req/s
h2 full   wreq            4194304 B c= 50 round=3/3     163.3 req/s
h2 full   curl_cffi_blocking  1048576 B c=100 round=3/3     153.0 req/s
h2 full   httpx            131072 B c= 50 round=3/3     559.1 req/s
h2 stream ry_blocking       10240 B c= 10 round=3/3    5390.6 req/s
h2 stream ry                 1024 B c=100 round=3/3    1708.1 req/s
h2 full   curl_cffi          1024 B c= 10 round=3/3    6234.8 req/s
h2 full   httpx_blocking    10240 B c=150 round=3/3    1418.8 req/s
h2 stream wreq              65536 B c=150 round=3/3    6431.2 req/s
h2 stream curl_cffi         65536 B c=150 round=3/3    2862.8 req/s
h2 full   curl_cffi_blocking     1024 B c= 10 round=3/3     551.8 req/s
h2 full   wreq            1048576 B c=100 round=3/3     590.4 req/s
h2 full   pyreqwest_st      10240 B c= 10 round=3/3    4261.4 req/s
h2 stream wreq_st          131072 B c=100 round=3/3    6088.1 req/s
h2 stream wreq_st            1024 B c=150 round=3/3   14303.1 req/s
h2 full   pyreqwest_st    4194304 B c= 10 round=3/3      68.1 req/s
h2 stream pycurl             1024 B c= 10 round=3/3    6755.8 req/s
h2 full   curl_cffi_blocking   131072 B c= 10 round=3/3     428.3 req/s
h2 full   pyreqwest_mt     131072 B c= 10 round=3/3    2364.3 req/s
h2 stream httpx            131072 B c=150 round=3/3     577.4 req/s
h2 stream httpx             65536 B c= 10 round=3/3     817.8 req/s
h2 stream wreq_blocking      1024 B c= 50 round=3/3     562.6 req/s
h2 stream pyreqwest_mt      65536 B c= 10 round=3/3    1341.4 req/s
h2 stream niquests_blocking   131072 B c=150 round=3/3     423.2 req/s
h2 full   niquests_blocking   131072 B c= 10 round=3/3     439.0 req/s
h2 full   niquests         131072 B c=100 round=3/3     876.8 req/s
h2 stream pyreqwest_st    2097152 B c= 10 round=3/3     109.2 req/s
h2 full   pyreqwest_st      10240 B c=150 round=3/3    3930.4 req/s
h2 full   httpx             10240 B c=100 round=3/3    1626.5 req/s
h2 full   ry              1048576 B c=100 round=3/3     150.4 req/s
h2 full   httpx_blocking    10240 B c= 10 round=3/3    1542.0 req/s
h2 full   pyreqwest_mt      65536 B c= 10 round=3/3    3746.4 req/s
h2 full   niquests        2097152 B c=100 round=3/3      99.0 req/s
h2 stream pyreqwest_mt     131072 B c=150 round=3/3    1248.0 req/s
h2 stream pycurl             1024 B c=150 round=3/3    5761.1 req/s
h2 full   niquests         131072 B c= 50 round=3/3     877.4 req/s
h2 full   ry                 1024 B c= 10 round=3/3    2447.2 req/s
h2 full   niquests          10240 B c=100 round=3/3    1938.2 req/s
h2 stream curl_cffi_blocking    65536 B c= 50 round=3/3     444.0 req/s
h2 full   niquests          65536 B c=150 round=3/3    1344.0 req/s
h2 full   ry              4194304 B c= 50 round=3/3      39.3 req/s
h2 full   wreq            2097152 B c=100 round=3/3     357.9 req/s
h2 full   pycurl            65536 B c=100 round=3/3    2847.1 req/s
h2 full   curl_cffi          1024 B c= 50 round=3/3    7641.8 req/s
h2 full   wreq_st          131072 B c= 10 round=3/3    5972.6 req/s
h2 stream pyreqwest_st    1048576 B c=150 round=3/3     189.4 req/s
h2 stream wreq_st          131072 B c=150 round=3/3    6043.8 req/s
h2 full   ry               131072 B c= 50 round=3/3    1003.7 req/s
h2 stream curl_cffi       1048576 B c=150 round=3/3     481.7 req/s
h2 stream niquests        2097152 B c=100 round=3/3      94.1 req/s
h2 stream ry_blocking     4194304 B c=100 round=3/3     100.4 req/s
h2 full   wreq_st           65536 B c=100 round=3/3   11976.1 req/s
h2 stream pyreqwest_st      10240 B c=100 round=3/3    2410.1 req/s
h2 stream pycurl            65536 B c= 10 round=3/3    1942.6 req/s
h2 stream pyreqwest_mt       1024 B c= 50 round=3/3    3391.9 req/s
h2 stream ry                65536 B c= 10 round=3/3     718.8 req/s
h2 full   curl_cffi       1048576 B c=100 round=3/3     600.6 req/s
h2 full   ry              2097152 B c= 50 round=3/3      77.5 req/s
h2 full   wreq_blocking   1048576 B c= 10 round=3/3    1765.0 req/s
h2 stream curl_cffi          1024 B c=100 round=3/3    5453.9 req/s
h2 stream niquests        1048576 B c= 50 round=3/3     173.5 req/s
h2 full   pyreqwest_st     131072 B c= 50 round=3/3    1800.1 req/s
h2 stream wreq              10240 B c=150 round=3/3   20980.6 req/s
h2 full   httpx             10240 B c= 10 round=3/3    1536.2 req/s
h2 full   httpx_blocking  2097152 B c=100 round=3/3      22.9 req/s
h2 stream pycurl            10240 B c=100 round=3/3    6032.0 req/s
h2 stream curl_cffi         10240 B c=100 round=3/3    5397.2 req/s
h2 stream httpx_blocking   131072 B c=100 round=3/3     358.1 req/s
h2 full   pyreqwest_st    4194304 B c=150 round=3/3      72.8 req/s
h2 full   curl_cffi_blocking   131072 B c= 50 round=3/3     429.1 req/s
h2 stream wreq            4194304 B c=100 round=3/3     143.8 req/s
h2 full   wreq_st           65536 B c= 50 round=3/3   11797.8 req/s
h2 full   wreq_blocking     65536 B c= 50 round=3/3    3580.7 req/s
h2 stream wreq_blocking   2097152 B c=150 round=3/3     339.9 req/s
h2 full   httpx_blocking     1024 B c= 50 round=3/3    1537.3 req/s
h2 stream httpx           1048576 B c=100 round=3/3     106.2 req/s
h2 full   curl_cffi_blocking  1048576 B c=150 round=3/3     156.5 req/s
h2 full   niquests_blocking  4194304 B c= 10 round=3/3      18.6 req/s
h2 full   curl_cffi_blocking    10240 B c= 10 round=3/3     565.4 req/s
h2 stream httpx_blocking  1048576 B c= 50 round=3/3      53.5 req/s
h2 full   pyreqwest_mt    2097152 B c=100 round=3/3     160.8 req/s
h2 stream curl_cffi       4194304 B c= 50 round=3/3     132.5 req/s
h2 full   niquests          65536 B c= 50 round=3/3    1294.6 req/s
h2 full   ry              4194304 B c= 10 round=3/3      34.0 req/s
h2 full   pyreqwest_mt      10240 B c=150 round=3/3    7881.8 req/s
h2 full   wreq_blocking    131072 B c=100 round=3/3    3403.8 req/s
h2 full   wreq_blocking   4194304 B c=100 round=3/3     640.4 req/s
h2 stream ry_blocking     2097152 B c= 50 round=3/3     192.7 req/s
h2 stream niquests_blocking  2097152 B c= 10 round=3/3      36.4 req/s
h2 stream curl_cffi       2097152 B c= 10 round=3/3     259.7 req/s
h2 full   niquests_blocking  1048576 B c=150 round=3/3      73.6 req/s
h2 full   wreq              65536 B c= 50 round=3/3    7999.7 req/s
h2 full   niquests          65536 B c=100 round=3/3    1279.4 req/s
h2 full   ry_blocking      131072 B c= 50 round=3/3    2673.5 req/s
h2 full   wreq_st            1024 B c= 50 round=3/3   23279.1 req/s
h2 full   niquests_blocking  1048576 B c=100 round=3/3      71.5 req/s
h2 stream ry               131072 B c= 10 round=3/3     554.6 req/s
h2 full   pyreqwest_mt       1024 B c= 10 round=3/3    6739.0 req/s
h2 full   wreq_st         4194304 B c= 10 round=3/3     208.6 req/s
h2 stream pycurl            10240 B c= 50 round=3/3    6291.6 req/s
h2 stream niquests          65536 B c=150 round=3/3    1130.9 req/s
h2 stream niquests          65536 B c= 50 round=3/3    1266.9 req/s
h2 stream ry                 1024 B c= 50 round=3/3    1670.8 req/s
h2 stream pyreqwest_st     131072 B c= 10 round=3/3     902.4 req/s
h2 full   ry_blocking       65536 B c=150 round=3/3    3875.8 req/s
h2 full   wreq_blocking   4194304 B c=150 round=3/3     620.6 req/s
h2 stream httpx_blocking  4194304 B c= 10 round=3/3      13.3 req/s
h2 full   pycurl            65536 B c= 50 round=3/3    3054.8 req/s
h2 stream pyreqwest_mt      65536 B c= 50 round=3/3    1541.5 req/s
h2 stream niquests        2097152 B c=150 round=3/3      96.2 req/s
h2 full   httpx_blocking     1024 B c=100 round=3/3    1485.5 req/s
h2 stream ry_blocking       65536 B c=100 round=3/3    2386.6 req/s
h2 full   pyreqwest_mt       1024 B c= 50 round=3/3    7652.5 req/s
h2 full   wreq              10240 B c= 10 round=3/3   12268.6 req/s
h2 stream niquests        1048576 B c= 10 round=3/3     176.2 req/s
h2 stream httpx_blocking  2097152 B c= 50 round=3/3      26.9 req/s
h2 stream httpx              1024 B c=100 round=3/3    1639.4 req/s
h2 stream niquests           1024 B c= 50 round=3/3    1972.4 req/s
h2 full   ry              2097152 B c= 10 round=3/3      66.3 req/s
h2 full   ry_blocking       10240 B c= 10 round=3/3    8734.2 req/s
h2 stream httpx           1048576 B c= 50 round=3/3     105.9 req/s
h2 stream wreq_st          131072 B c= 10 round=3/3    4196.7 req/s
h2 stream niquests_blocking  1048576 B c= 10 round=3/3      71.5 req/s
h2 stream wreq              65536 B c= 50 round=3/3    6965.0 req/s
h2 full   pyreqwest_st      65536 B c= 50 round=3/3    2617.8 req/s
h2 stream ry_blocking      131072 B c= 10 round=3/3    1861.7 req/s
h2 stream httpx           1048576 B c=150 round=3/3     109.5 req/s
h2 stream niquests_blocking  2097152 B c= 50 round=3/3      36.4 req/s
h2 stream curl_cffi_blocking    10240 B c= 10 round=3/3     526.0 req/s
h2 stream ry               131072 B c=150 round=3/3     611.5 req/s
h2 stream niquests_blocking     1024 B c=100 round=3/3    1242.4 req/s
h2 stream ry                 1024 B c=150 round=3/3    1671.4 req/s
h2 stream ry              4194304 B c= 50 round=3/3      35.4 req/s
h2 stream ry              2097152 B c= 10 round=3/3      54.6 req/s
h2 stream pyreqwest_st      10240 B c= 50 round=3/3    2456.9 req/s
h2 stream pycurl             1024 B c= 50 round=3/3    6400.7 req/s
h2 full   niquests           1024 B c= 10 round=3/3    2004.5 req/s
h2 full   pyreqwest_mt      10240 B c= 50 round=3/3    7593.2 req/s
h2 full   wreq_blocking      1024 B c=100 round=3/3    3482.5 req/s
h2 full   httpx             65536 B c=100 round=3/3     914.8 req/s
h2 full   pyreqwest_st    2097152 B c=100 round=3/3     135.1 req/s
h2 full   wreq              65536 B c=150 round=3/3    8149.0 req/s
h2 stream pycurl           131072 B c= 10 round=3/3    1265.5 req/s
h2 stream pycurl          4194304 B c=100 round=3/3      49.0 req/s
h2 full   pycurl             1024 B c= 10 round=3/3   12867.6 req/s
h2 full   httpx_blocking  2097152 B c= 50 round=3/3      23.4 req/s
h2 stream pyreqwest_mt    4194304 B c=150 round=3/3      71.2 req/s
h2 stream curl_cffi_blocking  2097152 B c= 10 round=3/3      79.3 req/s
h2 full   pyreqwest_mt    4194304 B c= 10 round=3/3      85.8 req/s
h2 stream wreq_blocking   4194304 B c= 10 round=3/3     278.5 req/s
h2 stream pyreqwest_st     131072 B c=100 round=3/3     965.1 req/s
h2 stream pyreqwest_st      65536 B c= 50 round=3/3    1227.9 req/s
h2 stream wreq_st         2097152 B c= 50 round=3/3     410.9 req/s
h2 stream httpx              1024 B c= 50 round=3/3    1586.2 req/s
h2 stream curl_cffi_blocking  4194304 B c= 10 round=3/3      42.4 req/s
h2 full   curl_cffi_blocking    65536 B c=150 round=3/3     488.5 req/s
h2 full   curl_cffi_blocking  4194304 B c= 10 round=3/3      48.0 req/s
h2 stream ry_blocking     2097152 B c=150 round=3/3     190.2 req/s
h2 full   wreq_blocking     10240 B c= 50 round=3/3    3497.9 req/s
h2 full   ry                 1024 B c= 50 round=3/3    2757.1 req/s
h2 full   pycurl          1048576 B c=150 round=3/3     221.5 req/s
h2 full   ry_blocking       10240 B c= 50 round=3/3    7785.2 req/s
h2 full   curl_cffi_blocking  2097152 B c= 10 round=3/3      88.8 req/s
h2 full   wreq_blocking   2097152 B c= 10 round=3/3    1195.5 req/s
h2 stream ry                10240 B c= 50 round=3/3    1659.4 req/s
h2 full   curl_cffi       2097152 B c=150 round=3/3     302.9 req/s
h2 full   httpx_blocking    65536 B c= 50 round=3/3     609.7 req/s
h2 stream wreq_blocking     10240 B c= 50 round=3/3     563.2 req/s
h2 full   curl_cffi_blocking  2097152 B c= 50 round=3/3      88.0 req/s
h2 full   niquests           1024 B c=100 round=3/3    2036.8 req/s
h2 stream httpx              1024 B c= 10 round=3/3    1580.9 req/s
h2 stream pyreqwest_mt    2097152 B c=150 round=3/3     132.7 req/s
h2 stream ry_blocking     1048576 B c= 50 round=3/3     336.2 req/s
h2 full   niquests           1024 B c=150 round=3/3    2107.4 req/s
h2 stream wreq_blocking   1048576 B c=100 round=3/3     371.4 req/s
h2 full   httpx            131072 B c= 10 round=3/3     531.5 req/s
h2 full   curl_cffi_blocking  4194304 B c= 50 round=3/3      47.8 req/s
h2 full   curl_cffi       1048576 B c=150 round=3/3     595.1 req/s
h2 stream ry              4194304 B c=100 round=3/3      37.4 req/s
h2 stream ry_blocking     1048576 B c=100 round=3/3     337.6 req/s
h2 stream wreq_blocking      1024 B c=100 round=3/3     555.5 req/s
h2 stream niquests_blocking    10240 B c=100 round=3/3    1227.4 req/s
h2 stream httpx_blocking    65536 B c= 50 round=3/3     619.7 req/s
h2 full   ry                65536 B c=150 round=3/3    1544.5 req/s
h2 full   niquests_blocking  2097152 B c= 10 round=3/3      36.6 req/s
h2 full   httpx           4194304 B c= 50 round=3/3      15.5 req/s
h2 full   ry_blocking       65536 B c= 10 round=3/3    4581.7 req/s
h2 stream niquests         131072 B c= 50 round=3/3     869.1 req/s
h2 stream curl_cffi        131072 B c= 10 round=3/3    1621.9 req/s
h2 full   wreq_blocking     10240 B c=100 round=3/3    3472.5 req/s
h2 stream httpx_blocking     1024 B c= 10 round=3/3    1575.9 req/s
h2 full   niquests        4194304 B c=150 round=3/3      54.4 req/s
h2 stream wreq_st           10240 B c=100 round=3/3   13252.4 req/s
h2 full   curl_cffi_blocking  1048576 B c= 10 round=3/3     151.8 req/s
h2 full   pyreqwest_st      65536 B c=100 round=3/3    2541.2 req/s
h2 full   pyreqwest_st    4194304 B c=100 round=3/3      70.9 req/s
h2 stream niquests        4194304 B c= 10 round=3/3      46.7 req/s
h2 stream pycurl          2097152 B c=100 round=3/3      97.3 req/s
h2 stream ry              4194304 B c=150 round=3/3      37.7 req/s
h2 full   niquests_blocking   131072 B c= 50 round=3/3     426.3 req/s
h2 stream ry              1048576 B c= 10 round=3/3     103.2 req/s
h2 stream curl_cffi_blocking  4194304 B c=100 round=3/3      41.9 req/s
h2 full   httpx_blocking   131072 B c= 10 round=3/3     359.4 req/s
h2 stream niquests_blocking    65536 B c= 50 round=3/3     666.4 req/s
h2 full   httpx_blocking    65536 B c=150 round=3/3     600.7 req/s
h2 stream wreq_blocking   1048576 B c= 10 round=3/3     376.6 req/s
h2 stream ry              4194304 B c= 10 round=3/3      31.6 req/s
h2 stream pyreqwest_st    4194304 B c= 10 round=3/3      59.4 req/s
h2 full   ry              1048576 B c= 50 round=3/3     149.5 req/s
h2 full   httpx             65536 B c= 50 round=3/3     817.0 req/s
h2 stream pyreqwest_st    2097152 B c=100 round=3/3     112.5 req/s
h2 stream niquests_blocking  4194304 B c=100 round=3/3      18.5 req/s
h2 full   wreq_st         4194304 B c= 50 round=3/3     206.4 req/s
h2 stream wreq            1048576 B c=150 round=3/3     572.7 req/s
h2 full   curl_cffi         65536 B c=100 round=3/3    4322.8 req/s
h2 full   ry              4194304 B c=100 round=3/3      39.8 req/s
h2 full   pyreqwest_st      10240 B c=100 round=3/3    4161.9 req/s
h2 full   pycurl            10240 B c=150 round=3/3    9192.1 req/s
h2 stream niquests          10240 B c=100 round=3/3    1999.1 req/s
h2 stream httpx_blocking    65536 B c= 10 round=3/3     629.3 req/s
h2 stream niquests_blocking  2097152 B c=100 round=3/3      36.8 req/s
h2 stream wreq_st         2097152 B c=100 round=3/3     425.4 req/s
h2 stream ry               131072 B c=100 round=3/3     616.4 req/s
h2 stream ry               131072 B c= 50 round=3/3     616.3 req/s
h2 full   httpx_blocking   131072 B c= 50 round=3/3     364.0 req/s
h2 full   niquests_blocking  2097152 B c=100 round=3/3      36.8 req/s
h2 stream curl_cffi_blocking   131072 B c= 10 round=3/3     389.6 req/s
h2 stream niquests          65536 B c=100 round=3/3    1127.2 req/s
h2 stream curl_cffi       2097152 B c=100 round=3/3     249.1 req/s
h2 stream wreq_st            1024 B c= 10 round=3/3    9884.7 req/s
h2 full   ry              1048576 B c=150 round=3/3     152.3 req/s
h2 stream wreq            2097152 B c=150 round=3/3     277.8 req/s
h2 full   pyreqwest_mt      65536 B c=150 round=3/3    4439.1 req/s
h2 stream wreq             131072 B c= 10 round=3/3    3597.9 req/s
h2 full   wreq_blocking   4194304 B c= 50 round=3/3     665.8 req/s
h2 stream pyreqwest_mt      65536 B c=100 round=3/3    1577.5 req/s
h2 stream ry_blocking       10240 B c=150 round=3/3    4567.0 req/s
h2 stream niquests        1048576 B c=100 round=3/3     177.2 req/s
h2 stream pyreqwest_mt      10240 B c= 50 round=3/3    3461.1 req/s
h2 full   wreq              10240 B c=100 round=3/3   27901.1 req/s
h2 full   httpx_blocking     1024 B c=150 round=3/3    1451.3 req/s
h2 full   curl_cffi_blocking  4194304 B c=150 round=3/3      48.9 req/s
h2 stream wreq            2097152 B c=100 round=3/3     292.0 req/s
h2 stream pyreqwest_mt    2097152 B c= 10 round=3/3     137.0 req/s
h2 full   httpx_blocking  1048576 B c= 50 round=3/3      49.9 req/s
h2 stream wreq_st           10240 B c= 50 round=3/3   15952.1 req/s
h2 stream pycurl           131072 B c= 50 round=3/3    1270.6 req/s
h2 full   wreq_blocking   1048576 B c= 50 round=3/3    1767.2 req/s
h2 stream wreq            1048576 B c= 50 round=3/3     525.0 req/s
h2 stream pyreqwest_mt    4194304 B c=100 round=3/3      73.5 req/s
h2 stream niquests_blocking    65536 B c=100 round=3/3     653.0 req/s
h2 full   ry_blocking        1024 B c=100 round=3/3    7318.0 req/s
h2 stream curl_cffi          1024 B c= 50 round=3/3    5624.1 req/s
h2 stream niquests_blocking    10240 B c=150 round=3/3    1225.0 req/s
h2 full   pyreqwest_mt     131072 B c=150 round=3/3    2039.0 req/s
h2 stream wreq_st          131072 B c= 50 round=3/3    6293.2 req/s
h2 stream curl_cffi       4194304 B c=150 round=3/3     114.9 req/s
h2 full   wreq_st            1024 B c=150 round=3/3   28576.6 req/s
h2 stream wreq_blocking     65536 B c= 10 round=3/3     523.5 req/s
h2 full   ry                65536 B c=100 round=3/3    1649.9 req/s
h2 full   wreq_blocking      1024 B c=150 round=3/3    3348.7 req/s
h2 full   pycurl           131072 B c=100 round=3/3    1618.0 req/s
h2 stream wreq_blocking      1024 B c=150 round=3/3     548.4 req/s
h2 full   wreq             131072 B c= 50 round=3/3    4049.6 req/s
h2 stream ry_blocking     4194304 B c= 50 round=3/3      99.8 req/s
h2 stream pyreqwest_mt     131072 B c= 10 round=3/3    1044.2 req/s
h2 stream wreq              65536 B c=100 round=3/3    6655.8 req/s
h2 stream httpx           2097152 B c= 10 round=3/3      57.1 req/s
h2 full   curl_cffi         65536 B c= 50 round=3/3    4873.0 req/s
h2 stream httpx_blocking  1048576 B c=100 round=3/3      52.7 req/s
h2 full   pyreqwest_st    1048576 B c=100 round=3/3     267.6 req/s
h2 full   httpx_blocking  4194304 B c=100 round=3/3      10.1 req/s
h2 full   pyreqwest_mt    2097152 B c= 10 round=3/3     170.1 req/s
h2 full   pyreqwest_st      65536 B c= 10 round=3/3    2475.8 req/s
h2 full   wreq              65536 B c=100 round=3/3    7777.4 req/s
h2 stream curl_cffi_blocking  2097152 B c=100 round=3/3      77.6 req/s
h2 stream wreq               1024 B c=100 round=3/3   25030.7 req/s
h2 stream wreq_blocking     65536 B c=150 round=3/3     517.9 req/s
h2 full   wreq_blocking   2097152 B c=150 round=3/3    1067.3 req/s
h2 full   niquests        4194304 B c= 10 round=3/3      48.4 req/s
h2 stream pyreqwest_mt    4194304 B c= 50 round=3/3      76.8 req/s
h2 full   pyreqwest_st       1024 B c=150 round=3/3    4035.9 req/s
h2 stream niquests_blocking   131072 B c= 50 round=3/3     426.9 req/s
h2 full   curl_cffi_blocking     1024 B c=150 round=3/3     555.0 req/s
h2 stream wreq_blocking    131072 B c= 10 round=3/3     521.4 req/s
h2 stream pycurl            65536 B c=150 round=3/3    1902.7 req/s
h2 stream niquests          65536 B c= 10 round=3/3    1317.7 req/s
h2 stream pycurl          2097152 B c= 10 round=3/3      94.1 req/s
h2 full   wreq_blocking   1048576 B c=100 round=3/3    1676.9 req/s
h2 full   pycurl            10240 B c= 10 round=3/3   12822.3 req/s
h2 full   wreq_blocking     10240 B c=150 round=3/3    3350.3 req/s
h2 full   wreq_st         1048576 B c= 50 round=3/3     818.6 req/s
h2 stream curl_cffi_blocking   131072 B c=150 round=3/3     389.8 req/s
h2 full   pyreqwest_st    1048576 B c= 10 round=3/3     260.1 req/s
h2 stream wreq            4194304 B c= 50 round=3/3     168.6 req/s
h2 full   curl_cffi       1048576 B c= 10 round=3/3     547.6 req/s
h2 stream pyreqwest_mt      10240 B c=100 round=3/3    3523.9 req/s
h2 full   pyreqwest_mt      10240 B c= 10 round=3/3    6479.1 req/s
h2 stream curl_cffi_blocking    10240 B c= 50 round=3/3     533.2 req/s
h2 stream wreq            4194304 B c= 10 round=3/3     157.5 req/s
h2 stream curl_cffi_blocking     1024 B c=150 round=3/3     523.3 req/s
h2 stream ry              1048576 B c= 50 round=3/3     117.1 req/s
h2 full   httpx              1024 B c= 10 round=3/3    1546.4 req/s
h2 full   niquests_blocking    10240 B c= 10 round=3/3    1332.7 req/s
h2 stream wreq_blocking      1024 B c= 10 round=3/3     559.2 req/s
h2 full   pyreqwest_st     131072 B c= 10 round=3/3    1641.9 req/s
h2 full   ry_blocking       65536 B c=100 round=3/3    4155.0 req/s
h2 stream wreq_blocking     10240 B c=150 round=3/3     549.7 req/s
h2 full   pycurl          4194304 B c= 50 round=3/3      56.2 req/s
h2 stream niquests         131072 B c= 10 round=3/3     872.7 req/s
h2 full   ry                65536 B c= 10 round=3/3    1398.1 req/s
h2 stream wreq_st           65536 B c= 10 round=3/3    5916.1 req/s
h2 stream httpx_blocking  2097152 B c=150 round=3/3      27.8 req/s
h2 full   wreq             131072 B c=150 round=3/3    4271.6 req/s
h2 full   ry_blocking     4194304 B c=150 round=3/3     108.9 req/s
h2 full   httpx_blocking    65536 B c= 10 round=3/3     610.6 req/s
h2 stream httpx              1024 B c=150 round=3/3    1672.4 req/s
h2 stream pycurl            10240 B c=150 round=3/3    5615.9 req/s
h2 stream pyreqwest_mt       1024 B c=150 round=3/3    3499.6 req/s
h2 stream ry_blocking       65536 B c=150 round=3/3    2322.3 req/s
h2 full   niquests           1024 B c= 50 round=3/3    2050.6 req/s
h2 full   pycurl          2097152 B c= 10 round=3/3     108.1 req/s
h2 full   httpx_blocking  1048576 B c= 10 round=3/3      50.9 req/s
h2 stream niquests_blocking   131072 B c= 10 round=3/3     437.3 req/s
h2 stream wreq_st         4194304 B c= 50 round=3/3     209.0 req/s
h2 full   wreq_blocking     65536 B c=150 round=3/3    3261.7 req/s
h2 full   pyreqwest_mt       1024 B c=100 round=3/3    7345.4 req/s
h2 stream curl_cffi_blocking    65536 B c=150 round=3/3     438.9 req/s
h2 stream niquests_blocking   131072 B c=100 round=3/3     424.4 req/s
h2 full   httpx             10240 B c=150 round=3/3    1668.5 req/s
h2 full   wreq_st         1048576 B c=150 round=3/3     827.8 req/s
h2 full   niquests_blocking    65536 B c= 50 round=3/3     629.4 req/s
h2 stream wreq_st         4194304 B c=100 round=3/3     204.5 req/s
h2 stream httpx_blocking   131072 B c=150 round=3/3     362.7 req/s
h2 stream pyreqwest_mt       1024 B c=100 round=3/3    3579.6 req/s
h2 full   niquests         131072 B c=150 round=3/3     897.3 req/s
h2 full   ry_blocking       10240 B c=150 round=3/3    6908.5 req/s
h2 full   httpx           2097152 B c= 50 round=3/3      40.9 req/s
h2 full   wreq            4194304 B c= 10 round=3/3     152.3 req/s
h2 stream niquests         131072 B c=100 round=3/3     883.8 req/s
h2 stream wreq_st           10240 B c= 10 round=3/3   10956.7 req/s
h2 full   pyreqwest_mt    1048576 B c=100 round=3/3     316.6 req/s
h2 full   curl_cffi_blocking    10240 B c= 50 round=3/3     564.3 req/s
h2 full   niquests_blocking   131072 B c=150 round=3/3     422.4 req/s
h2 full   httpx_blocking  2097152 B c= 10 round=3/3      24.6 req/s
h2 full   pycurl          4194304 B c=100 round=3/3      56.7 req/s
h2 stream wreq_st            1024 B c=100 round=3/3   16494.4 req/s
h2 full   curl_cffi        131072 B c= 10 round=3/3    2168.3 req/s
h2 full   pyreqwest_st      10240 B c= 50 round=3/3    4139.7 req/s
h2 full   ry                 1024 B c=100 round=3/3    2829.3 req/s
h2 stream curl_cffi         10240 B c=150 round=3/3    5111.7 req/s
h2 stream pyreqwest_mt     131072 B c=100 round=3/3    1251.1 req/s
h2 stream ry_blocking        1024 B c= 50 round=3/3    5142.5 req/s
h2 stream curl_cffi_blocking   131072 B c=100 round=3/3     389.1 req/s
h2 stream pyreqwest_st    4194304 B c=100 round=3/3      63.1 req/s
h2 full   niquests          10240 B c=150 round=3/3    2058.7 req/s
h2 stream curl_cffi_blocking  2097152 B c=150 round=3/3      80.3 req/s
h2 full   curl_cffi          1024 B c=150 round=3/3    7331.4 req/s
h2 stream httpx_blocking    65536 B c=100 round=3/3     600.4 req/s
h2 stream httpx             10240 B c= 10 round=3/3    1491.2 req/s
h2 full   httpx             65536 B c=150 round=3/3     869.6 req/s
h2 full   ry              1048576 B c= 10 round=3/3     137.4 req/s
h2 full   ry_blocking      131072 B c=150 round=3/3    2503.4 req/s
h2 stream pyreqwest_st    4194304 B c= 50 round=3/3      61.7 req/s
h2 stream wreq_blocking    131072 B c=100 round=3/3     518.8 req/s
h2 full   curl_cffi       4194304 B c= 10 round=3/3     156.0 req/s
h2 full   niquests        1048576 B c=150 round=3/3     181.5 req/s
h2 full   wreq_st           65536 B c= 10 round=3/3    9988.2 req/s
h2 stream curl_cffi       1048576 B c=100 round=3/3     504.9 req/s
h2 stream httpx_blocking     1024 B c=150 round=3/3    1428.5 req/s
h2 stream ry_blocking       10240 B c= 50 round=3/3    5057.4 req/s
h2 stream ry_blocking      131072 B c=150 round=3/3    1730.1 req/s
h2 full   niquests_blocking    65536 B c= 10 round=3/3     691.9 req/s
h2 stream httpx_blocking  4194304 B c= 50 round=3/3      13.4 req/s
h2 stream curl_cffi       2097152 B c= 50 round=3/3     258.3 req/s
h2 full   curl_cffi         65536 B c=150 round=3/3    4571.5 req/s
h2 full   curl_cffi_blocking     1024 B c= 50 round=3/3     558.9 req/s
h2 full   pyreqwest_mt    1048576 B c=150 round=3/3     305.8 req/s
h2 stream wreq_st         1048576 B c=100 round=3/3     818.9 req/s
h2 stream httpx             10240 B c=150 round=3/3    1574.5 req/s
h2 stream pyreqwest_st    1048576 B c= 50 round=3/3     181.8 req/s
h2 stream pyreqwest_mt      10240 B c= 10 round=3/3    3039.6 req/s
h2 full   pyreqwest_mt    2097152 B c= 50 round=3/3     167.7 req/s
h2 full   niquests        1048576 B c= 10 round=3/3     178.5 req/s
h2 full   ry_blocking     2097152 B c= 50 round=3/3     225.5 req/s
h2 full   wreq_blocking   4194304 B c= 10 round=3/3     684.8 req/s
h2 full   ry_blocking        1024 B c=150 round=3/3    6788.1 req/s
h2 stream wreq             131072 B c=100 round=3/3    3609.7 req/s
h2 full   ry                10240 B c=150 round=3/3    2844.6 req/s
h2 full   wreq_st         1048576 B c=100 round=3/3     840.4 req/s
h2 full   httpx             65536 B c= 10 round=3/3     828.0 req/s
h2 full   pyreqwest_mt    4194304 B c=100 round=3/3      80.9 req/s
h2 full   curl_cffi_blocking   131072 B c=150 round=3/3     422.6 req/s
h2 stream niquests_blocking  4194304 B c=150 round=3/3      18.9 req/s
h2 full   wreq_st          131072 B c=150 round=3/3    6312.5 req/s
h2 full   niquests          65536 B c= 10 round=3/3    1293.7 req/s
h2 full   httpx           2097152 B c=100 round=3/3      38.7 req/s
h2 stream pyreqwest_st       1024 B c= 50 round=3/3    2506.9 req/s
h2 full   ry                10240 B c= 50 round=3/3    2836.7 req/s
h2 stream niquests_blocking  1048576 B c=150 round=3/3      73.1 req/s
h2 stream httpx_blocking   131072 B c= 50 round=3/3     364.1 req/s
h2 stream wreq              10240 B c=100 round=3/3   20995.2 req/s
h2 full   curl_cffi        131072 B c= 50 round=3/3    2994.0 req/s
h2 stream niquests        4194304 B c=150 round=3/3      50.8 req/s
h2 full   niquests_blocking     1024 B c=100 round=3/3    1272.2 req/s
h2 full   wreq             131072 B c= 10 round=3/3    3660.4 req/s
h2 stream pyreqwest_mt    2097152 B c=100 round=3/3     136.2 req/s
h2 full   wreq_st           10240 B c= 10 round=3/3   18199.0 req/s
h2 stream curl_cffi       4194304 B c= 10 round=3/3     135.2 req/s
h2 stream wreq_st         2097152 B c=150 round=3/3     414.4 req/s
h2 full   ry                10240 B c= 10 round=3/3    2557.7 req/s
h2 full   httpx             10240 B c= 50 round=3/3    1560.2 req/s
h2 full   niquests_blocking  4194304 B c=150 round=3/3      19.0 req/s
h2 full   ry_blocking     4194304 B c=100 round=3/3     108.1 req/s
h2 full   niquests        4194304 B c=100 round=3/3      50.5 req/s
h2 stream niquests_blocking  1048576 B c= 50 round=3/3      70.9 req/s
h2 full   pycurl            65536 B c=150 round=3/3    2786.9 req/s
h2 full   curl_cffi_blocking  1048576 B c= 50 round=3/3     153.7 req/s
h2 stream httpx             65536 B c= 50 round=3/3     852.0 req/s
h2 stream curl_cffi          1024 B c=150 round=3/3    5699.4 req/s
h2 full   wreq               1024 B c=100 round=3/3   27124.2 req/s
h2 stream wreq            2097152 B c= 50 round=3/3     297.4 req/s
h2 full   wreq             131072 B c=100 round=3/3    4281.2 req/s
h2 full   ry              2097152 B c=100 round=3/3      78.6 req/s
h2 full   ry               131072 B c=100 round=3/3     936.4 req/s
h2 full   ry                65536 B c= 50 round=3/3    1555.7 req/s
h2 stream wreq               1024 B c= 50 round=3/3   20810.5 req/s
h2 full   httpx_blocking    10240 B c=100 round=3/3    1448.1 req/s
h2 full   curl_cffi       4194304 B c= 50 round=3/3     158.4 req/s
h2 full   wreq            1048576 B c= 10 round=3/3     636.5 req/s
h2 full   niquests_blocking     1024 B c= 50 round=3/3    1047.2 req/s
h2 stream httpx             65536 B c=100 round=3/3     891.0 req/s
h2 stream wreq               1024 B c=150 round=3/3   21388.8 req/s
h2 stream ry                65536 B c=100 round=3/3     837.9 req/s
h2 full   ry_blocking     2097152 B c=100 round=3/3     224.9 req/s
h2 stream curl_cffi         65536 B c= 50 round=3/3    2756.3 req/s
h2 stream niquests         131072 B c=150 round=3/3     890.0 req/s
h2 stream pycurl           131072 B c=100 round=3/3    1242.2 req/s
h2 full   niquests_blocking  4194304 B c=100 round=3/3      18.6 req/s
h2 full   wreq_st           10240 B c=100 round=3/3   25120.0 req/s
h2 full   wreq            4194304 B c=100 round=3/3     160.4 req/s
h2 full   pyreqwest_st    1048576 B c= 50 round=3/3     262.4 req/s
h2 full   wreq               1024 B c= 10 round=3/3   12663.0 req/s
h2 stream ry              2097152 B c= 50 round=3/3      68.8 req/s
h2 stream wreq_st         4194304 B c=150 round=3/3     208.0 req/s
h2 stream wreq_blocking   4194304 B c=100 round=3/3     277.6 req/s
h2 stream pyreqwest_st       1024 B c=150 round=3/3    2443.9 req/s
h2 stream curl_cffi       1048576 B c= 10 round=3/3     465.9 req/s
h2 stream httpx            131072 B c= 50 round=3/3     561.1 req/s
h2 stream niquests        2097152 B c= 10 round=3/3      94.4 req/s
h2 stream httpx           4194304 B c= 50 round=3/3      28.5 req/s
h2 full   wreq_blocking     10240 B c= 10 round=3/3    3775.0 req/s
h2 stream pycurl          4194304 B c=150 round=3/3      49.5 req/s
h2 full   pycurl          2097152 B c=150 round=3/3     111.1 req/s
h2 full   pycurl          4194304 B c=150 round=3/3      56.5 req/s
h2 full   httpx_blocking  1048576 B c=150 round=3/3      51.6 req/s
h2 full   pycurl          1048576 B c= 10 round=3/3     212.1 req/s
h2 stream curl_cffi_blocking    65536 B c=100 round=3/3     443.7 req/s
h2 full   pyreqwest_st      65536 B c=150 round=3/3    2593.8 req/s
h2 stream ry_blocking     1048576 B c= 10 round=3/3     337.6 req/s
h2 full   niquests        2097152 B c= 10 round=3/3      97.9 req/s
h2 stream niquests_blocking  4194304 B c= 50 round=3/3      18.5 req/s
h2 stream httpx_blocking    65536 B c=150 round=3/3     590.4 req/s
h2 full   niquests        1048576 B c= 50 round=3/3     182.2 req/s
h2 stream pyreqwest_mt    1048576 B c= 10 round=3/3     221.6 req/s
h2 stream curl_cffi         10240 B c= 50 round=3/3    5518.3 req/s
h2 full   niquests          10240 B c= 10 round=3/3    1990.2 req/s
h2 full   curl_cffi_blocking  2097152 B c=150 round=3/3      90.5 req/s
h2 full   wreq               1024 B c= 50 round=3/3   25716.7 req/s
h2 full   pyreqwest_mt     131072 B c=100 round=3/3    2381.8 req/s
h2 full   httpx           2097152 B c= 10 round=3/3      46.0 req/s
h2 full   ry_blocking        1024 B c= 10 round=3/3    8536.5 req/s
h2 stream pyreqwest_mt    1048576 B c=150 round=3/3     222.3 req/s
h2 stream wreq              65536 B c= 10 round=3/3    5219.4 req/s
h2 full   wreq_blocking    131072 B c= 50 round=3/3    3466.7 req/s
h2 full   wreq_st         2097152 B c= 50 round=3/3     412.5 req/s
h2 stream wreq              10240 B c= 50 round=3/3   21307.3 req/s
h2 stream ry                65536 B c= 50 round=3/3     824.6 req/s
h2 stream httpx_blocking    10240 B c= 10 round=3/3    1547.3 req/s
h2 stream curl_cffi        131072 B c=150 round=3/3    2208.1 req/s
h2 full   wreq_st            1024 B c=100 round=3/3   29522.4 req/s
h2 stream ry                10240 B c=150 round=3/3    1699.4 req/s
h2 full   ry_blocking     1048576 B c= 50 round=3/3     425.9 req/s
h2 full   httpx           4194304 B c=100 round=3/3      15.2 req/s
h2 full   curl_cffi       2097152 B c=100 round=3/3     302.1 req/s
h2 full   httpx           2097152 B c=150 round=3/3      38.8 req/s
h2 full   pycurl           131072 B c= 10 round=3/3    1598.2 req/s
h2 full   curl_cffi_blocking    65536 B c= 50 round=3/3     491.4 req/s
h2 stream pycurl          2097152 B c=150 round=3/3      98.5 req/s
h2 stream curl_cffi_blocking  4194304 B c=150 round=3/3      43.0 req/s
h2 stream ry_blocking        1024 B c= 10 round=3/3    5272.6 req/s
h2 full   pycurl            10240 B c=100 round=3/3   10241.4 req/s
h2 full   ry                 1024 B c=150 round=3/3    2929.1 req/s
h2 stream curl_cffi_blocking  1048576 B c=150 round=3/3     139.5 req/s
h2 stream pyreqwest_st      65536 B c=100 round=3/3    1318.5 req/s
h2 stream httpx             10240 B c= 50 round=3/3    1617.2 req/s
h2 full   wreq_st         2097152 B c=100 round=3/3     411.0 req/s
h2 full   niquests_blocking  1048576 B c= 50 round=3/3      71.3 req/s
h2 full   wreq_st          131072 B c=100 round=3/3    6001.7 req/s
h2 stream wreq             131072 B c=150 round=3/3    3815.7 req/s
h2 stream niquests_blocking  4194304 B c= 10 round=3/3      18.5 req/s
h2 full   pyreqwest_mt       1024 B c=150 round=3/3    7569.0 req/s
h2 stream ry_blocking       10240 B c=100 round=3/3    4479.9 req/s
h2 stream niquests_blocking    10240 B c= 50 round=3/3    1271.0 req/s
h2 stream ry_blocking     4194304 B c= 10 round=3/3      98.7 req/s
h2 full   ry_blocking     4194304 B c= 10 round=3/3     105.2 req/s
h2 stream pyreqwest_mt    2097152 B c= 50 round=3/3     138.3 req/s
h2 full   wreq_blocking    131072 B c= 10 round=3/3    3620.4 req/s
h2 stream wreq_blocking   2097152 B c= 50 round=3/3     339.5 req/s
h2 full   niquests_blocking    10240 B c=100 round=3/3    1254.2 req/s
h2 full   httpx           1048576 B c=100 round=3/3      90.2 req/s
h2 full   httpx_blocking  1048576 B c=100 round=3/3      48.8 req/s
h2 stream pyreqwest_st       1024 B c= 10 round=3/3    2497.9 req/s
h2 stream curl_cffi       1048576 B c= 50 round=3/3     535.6 req/s
h2 full   pycurl             1024 B c=150 round=3/3    9417.4 req/s
h2 full   curl_cffi       1048576 B c= 50 round=3/3     611.1 req/s
h2 stream wreq_blocking     65536 B c= 50 round=3/3     528.2 req/s
h2 full   httpx              1024 B c= 50 round=3/3    1626.7 req/s
h2 stream httpx           1048576 B c= 10 round=3/3     110.2 req/s
h2 full   curl_cffi         10240 B c=100 round=3/3    8309.0 req/s
h2 stream niquests           1024 B c=100 round=3/3    1700.1 req/s
h2 stream ry                 1024 B c= 10 round=3/3    1478.3 req/s
h2 full   httpx              1024 B c=150 round=3/3    1660.4 req/s
h2 full   curl_cffi_blocking  4194304 B c=100 round=3/3      47.9 req/s
h2 stream curl_cffi         65536 B c= 10 round=3/3    2300.8 req/s
h2 stream ry                10240 B c= 10 round=3/3    1473.8 req/s
h2 full   pyreqwest_st    2097152 B c= 50 round=3/3     139.0 req/s
h2 full   curl_cffi       2097152 B c= 50 round=3/3     319.9 req/s
h2 stream httpx_blocking    10240 B c=100 round=3/3    1439.0 req/s
h2 stream httpx             10240 B c=100 round=3/3    1606.7 req/s
h2 full   niquests        1048576 B c=100 round=3/3     180.0 req/s
h2 stream wreq            1048576 B c= 10 round=3/3     566.7 req/s
h2 stream wreq_st         4194304 B c= 10 round=3/3     212.6 req/s
h2 stream wreq            2097152 B c= 10 round=3/3     289.3 req/s
h2 full   niquests_blocking     1024 B c= 10 round=3/3    1318.8 req/s
h2 full   ry_blocking        1024 B c= 50 round=3/3    8000.0 req/s
h2 stream pycurl          4194304 B c= 10 round=3/3      47.2 req/s
h2 stream ry              2097152 B c=150 round=3/3      70.1 req/s
h2 full   pycurl           131072 B c=150 round=3/3    1558.9 req/s
h2 full   curl_cffi        131072 B c=100 round=3/3    3154.2 req/s
h2 full   curl_cffi_blocking  2097152 B c=100 round=3/3      87.8 req/s
h2 full   httpx_blocking  2097152 B c=150 round=3/3      23.8 req/s
h2 stream pyreqwest_mt      65536 B c=150 round=3/3    1624.3 req/s
h2 full   ry_blocking     1048576 B c=150 round=3/3     419.9 req/s
h2 stream niquests_blocking    65536 B c=150 round=3/3     657.1 req/s
h2 stream niquests        4194304 B c= 50 round=3/3      47.1 req/s
h2 full   curl_cffi       4194304 B c=150 round=3/3     151.6 req/s
h2 full   wreq_st         1048576 B c= 10 round=3/3     848.3 req/s
h2 full   wreq            2097152 B c= 50 round=3/3     308.7 req/s
h2 stream curl_cffi_blocking     1024 B c= 10 round=3/3     528.4 req/s
h2 full   pyreqwest_st    2097152 B c= 10 round=3/3     131.9 req/s
h2 full   ry              4194304 B c=150 round=3/3      39.8 req/s
h2 stream ry_blocking       65536 B c= 10 round=3/3    2531.5 req/s
h2 full   curl_cffi_blocking     1024 B c=100 round=3/3     557.8 req/s
h2 full   curl_cffi        131072 B c=150 round=3/3    3141.5 req/s
h2 full   ry_blocking     2097152 B c= 10 round=3/3     212.5 req/s
h2 full   ry_blocking      131072 B c=100 round=3/3    2527.1 req/s
h2 full   wreq_blocking    131072 B c=150 round=3/3    3164.9 req/s
h2 stream ry                10240 B c=100 round=3/3    1679.1 req/s
h2 stream httpx_blocking    10240 B c=150 round=3/3    1387.5 req/s
h2 stream niquests        1048576 B c=150 round=3/3     173.1 req/s
h2 full   niquests         131072 B c= 10 round=3/3     875.5 req/s
h2 stream ry_blocking        1024 B c=100 round=3/3    4812.8 req/s
h2 full   wreq_st         4194304 B c=100 round=3/3     207.4 req/s
h2 full   wreq_st         2097152 B c= 10 round=3/3     415.0 req/s
h2 full   httpx           1048576 B c= 10 round=3/3      98.7 req/s
h2 stream niquests_blocking     1024 B c= 50 round=3/3    1273.9 req/s
h2 full   httpx_blocking   131072 B c=100 round=3/3     359.3 req/s
h2 stream wreq             131072 B c= 50 round=3/3    4027.4 req/s
h2 stream httpx           4194304 B c=100 round=3/3      26.2 req/s
h2 full   ry_blocking     4194304 B c= 50 round=3/3     108.0 req/s
h2 stream niquests_blocking  1048576 B c=100 round=3/3      71.6 req/s
h2 full   ry              2097152 B c=150 round=3/3      78.5 req/s
h2 stream curl_cffi_blocking  2097152 B c= 50 round=3/3      78.8 req/s
h2 full   wreq              65536 B c= 10 round=3/3    6159.3 req/s
h2 stream pyreqwest_st    2097152 B c=150 round=3/3     110.6 req/s
h2 stream pycurl          1048576 B c=100 round=3/3     192.3 req/s
h2 full   pyreqwest_mt     131072 B c= 50 round=3/3    2449.5 req/s
h2 full   pyreqwest_st       1024 B c= 10 round=3/3    4276.9 req/s
h2 stream httpx_blocking  1048576 B c= 10 round=3/3      52.9 req/s
h2 stream httpx_blocking  1048576 B c=150 round=3/3      55.1 req/s
h2 stream curl_cffi_blocking   131072 B c= 50 round=3/3     385.9 req/s
h2 full   wreq_st           10240 B c= 50 round=3/3   21567.5 req/s
h2 stream wreq_blocking    131072 B c=150 round=3/3     510.8 req/s
h2 full   curl_cffi          1024 B c=100 round=3/3    9062.0 req/s
h2 full   wreq_blocking   2097152 B c= 50 round=3/3    1148.9 req/s
h2 stream ry              1048576 B c=100 round=3/3     118.6 req/s
h2 stream pyreqwest_mt      10240 B c=150 round=3/3    3552.6 req/s
h2 stream wreq_st         2097152 B c= 10 round=3/3     419.4 req/s
h2 stream curl_cffi_blocking  4194304 B c= 50 round=3/3      42.5 req/s
h2 stream curl_cffi       4194304 B c=100 round=3/3     126.3 req/s
h2 stream pyreqwest_st     131072 B c= 50 round=3/3     997.4 req/s
h2 full   curl_cffi_blocking    65536 B c=100 round=3/3     486.8 req/s
h2 full   niquests        2097152 B c= 50 round=3/3      96.7 req/s
h2 stream niquests           1024 B c=150 round=3/3    1632.9 req/s
h2 stream wreq_blocking    131072 B c= 50 round=3/3     528.6 req/s
h2 stream pyreqwest_mt     131072 B c= 50 round=3/3    1229.5 req/s
h2 full   niquests_blocking    10240 B c= 50 round=3/3    1280.6 req/s
h2 stream curl_cffi_blocking     1024 B c= 50 round=3/3     530.0 req/s
h2 stream ry_blocking       65536 B c= 50 round=3/3    2468.1 req/s
h2 stream pyreqwest_st    1048576 B c= 10 round=3/3     187.7 req/s
Saved complete benchmark: /mnt/e/VSCode/wreq-python/bench/data/20261003T145433Z-bad7928dae4b-full.json
