h1 stream httpx             10240 B c= 50 round=1/3     763.9 req/s
h1 stream wreq_blocking     10240 B c= 50 round=1/3     954.0 req/s
h1 full   curl_cffi          1024 B c= 50 round=1/3    6809.7 req/s
h1 stream aiohttp         4194304 B c=150 round=1/3     372.7 req/s
h1 stream httpx           1048576 B c=100 round=1/3     173.4 req/s
h1 full   niquests_blocking    65536 B c= 10 round=1/3    1095.8 req/s
h1 stream niquests        2097152 B c=150 round=1/3     355.8 req/s
h1 stream niquests_blocking  1048576 B c=150 round=1/3     153.8 req/s
h1 full   requests          10240 B c=150 round=1/3    1350.5 req/s
h1 full   wreq_blocking     10240 B c= 10 round=1/3    4054.1 req/s
h1 full   curl_cffi       4194304 B c= 50 round=1/3     178.2 req/s
h1 stream httpx            131072 B c= 10 round=1/3    1033.5 req/s
h1 full   pycurl           131072 B c=150 round=1/3    2453.1 req/s
h1 full   wreq_st           65536 B c=100 round=1/3   17487.3 req/s
h1 full   ry                 1024 B c=150 round=1/3    3023.0 req/s
h1 full   wreq_st         1048576 B c=100 round=1/3    1005.3 req/s
h1 stream wreq_st           10240 B c=100 round=1/3   18653.4 req/s
h1 stream niquests         131072 B c= 10 round=1/3    1384.5 req/s
h1 stream niquests_blocking   131072 B c= 50 round=1/3     653.9 req/s
h1 stream wreq_blocking   2097152 B c=150 round=1/3     314.6 req/s
h1 full   wreq_st           10240 B c= 10 round=1/3   26499.8 req/s
h1 full   curl_cffi       1048576 B c=100 round=1/3     652.7 req/s
h1 full   niquests_blocking    65536 B c= 50 round=1/3    1039.7 req/s
h1 full   curl_cffi         10240 B c= 50 round=1/3    6395.1 req/s
h1 full   pyreqwest_mt    2097152 B c= 50 round=1/3    1938.9 req/s
h1 stream httpx            131072 B c=100 round=1/3     433.0 req/s
h1 full   ry               131072 B c= 50 round=1/3    2637.4 req/s
h1 stream curl_cffi       1048576 B c= 10 round=1/3     416.8 req/s
h1 full   requests          65536 B c=150 round=1/3     953.8 req/s
h1 stream httpx             10240 B c= 10 round=1/3    1451.3 req/s
h1 full   pyreqwest_st    1048576 B c=100 round=1/3     886.1 req/s
h1 full   niquests           1024 B c= 50 round=1/3    2397.0 req/s
h1 stream ry                 1024 B c= 10 round=1/3    1465.4 req/s
h1 full   wreq_st            1024 B c= 10 round=1/3   26249.7 req/s
h1 full   ry_blocking     2097152 B c= 50 round=1/3    1918.4 req/s
h1 full   curl_cffi        131072 B c= 50 round=1/3    2999.6 req/s
h1 full   curl_cffi_blocking  4194304 B c=150 round=1/3      88.3 req/s
h1 full   niquests          10240 B c=150 round=1/3    2192.0 req/s
h1 stream curl_cffi_blocking  2097152 B c=100 round=1/3     113.9 req/s
h1 stream curl_cffi        131072 B c=150 round=1/3    2108.4 req/s
h1 stream pycurl          2097152 B c=150 round=1/3     159.0 req/s
h1 stream niquests         131072 B c=100 round=1/3    1467.6 req/s
h1 stream niquests_blocking     1024 B c=100 round=1/3    1344.3 req/s
h1 stream niquests_blocking  1048576 B c= 10 round=1/3     158.2 req/s
h1 stream niquests_blocking  4194304 B c= 50 round=1/3      50.1 req/s
h1 stream niquests           1024 B c=100 round=1/3    2178.9 req/s
h1 full   aiohttp           65536 B c=150 round=1/3    7523.1 req/s
h1 stream pycurl            65536 B c= 50 round=1/3    2492.0 req/s
h1 stream httpx           4194304 B c= 50 round=1/3     136.1 req/s
h1 stream httpx_blocking     1024 B c= 50 round=1/3    1499.8 req/s
h1 stream pyreqwest_mt    4194304 B c= 50 round=1/3     417.7 req/s
h1 stream ry              1048576 B c= 50 round=1/3     389.3 req/s
h1 full   pyreqwest_mt      10240 B c= 10 round=1/3    6805.3 req/s
h1 stream ry              4194304 B c=150 round=1/3     289.9 req/s
h1 stream pyreqwest_st     131072 B c=100 round=1/3    1381.7 req/s
h1 full   httpx              1024 B c=100 round=1/3     834.7 req/s
h1 stream httpx           1048576 B c= 50 round=1/3     240.5 req/s
h1 stream requests         131072 B c=150 round=1/3     611.9 req/s
h1 full   ry              2097152 B c= 10 round=1/3     939.1 req/s
h1 full   pyreqwest_mt      65536 B c=100 round=1/3    7480.2 req/s
h1 full   httpx_blocking    10240 B c= 50 round=1/3    1788.0 req/s
h1 full   requests          10240 B c= 50 round=1/3    1361.2 req/s
h1 stream pyreqwest_st      65536 B c= 10 round=1/3    1388.0 req/s
h1 full   pycurl            10240 B c= 50 round=1/3   11165.9 req/s
h1 stream aiohttp         1048576 B c=150 round=1/3    1087.9 req/s
h1 full   pyreqwest_st     131072 B c=100 round=1/3    3278.9 req/s
h1 stream httpx_blocking   131072 B c=100 round=1/3     603.8 req/s
h1 stream wreq_st           65536 B c=100 round=1/3    5787.0 req/s
h1 stream httpx_blocking  4194304 B c= 50 round=1/3      46.1 req/s
h1 full   niquests_blocking   131072 B c= 50 round=1/3     795.4 req/s
h1 stream requests         131072 B c=100 round=1/3     620.2 req/s
h1 full   requests        2097152 B c= 10 round=1/3     104.2 req/s
h1 stream pyreqwest_mt      10240 B c=150 round=1/3    3615.3 req/s
h1 full   wreq_blocking   4194304 B c= 10 round=1/3     564.5 req/s
h1 full   curl_cffi_blocking    65536 B c=150 round=1/3     508.8 req/s
h1 stream wreq_st         2097152 B c= 10 round=1/3     389.8 req/s
h1 full   aiohttp           65536 B c= 10 round=1/3    7927.0 req/s
h1 stream pyreqwest_st      10240 B c= 50 round=1/3    2426.3 req/s
h1 stream aiohttp            1024 B c= 10 round=1/3    7293.6 req/s
h1 full   ry_blocking     4194304 B c=150 round=1/3     827.2 req/s
h1 full   aiohttp         2097152 B c=100 round=1/3     703.3 req/s
h1 full   wreq            1048576 B c=150 round=1/3    3885.1 req/s
h1 full   niquests        1048576 B c= 50 round=1/3     714.9 req/s
h1 full   wreq_st         1048576 B c=150 round=1/3    1052.9 req/s
h1 stream wreq            1048576 B c= 10 round=1/3    4134.9 req/s
h1 full   niquests_blocking  2097152 B c= 10 round=1/3     104.9 req/s
h1 stream niquests_blocking     1024 B c= 10 round=1/3    1419.5 req/s
h1 stream pyreqwest_st      65536 B c=100 round=1/3    1471.9 req/s
h1 stream requests          10240 B c= 10 round=1/3    1351.6 req/s
h1 full   httpx           1048576 B c= 10 round=1/3     544.5 req/s
h1 full   ry               131072 B c= 10 round=1/3    2472.3 req/s
h1 stream pyreqwest_mt    2097152 B c= 50 round=1/3     510.1 req/s
h1 full   niquests_blocking   131072 B c= 10 round=1/3     829.6 req/s
h1 full   wreq_st            1024 B c=150 round=1/3   46872.2 req/s
h1 stream wreq               1024 B c=100 round=1/3   24806.1 req/s
h1 stream niquests_blocking  2097152 B c= 10 round=1/3      93.2 req/s
h1 full   pyreqwest_st    1048576 B c= 50 round=1/3    1071.4 req/s
h1 full   wreq             131072 B c= 50 round=1/3   34322.1 req/s
h1 stream ry              2097152 B c=100 round=1/3     351.9 req/s
h1 stream requests          10240 B c=150 round=1/3    1228.1 req/s
h1 full   niquests        1048576 B c=100 round=1/3     693.4 req/s
h1 stream niquests        1048576 B c= 50 round=1/3     544.2 req/s
h1 full   curl_cffi         65536 B c=100 round=1/3    4031.3 req/s
h1 stream niquests         131072 B c=150 round=1/3    1323.9 req/s
h1 stream pyreqwest_st    4194304 B c=100 round=1/3     183.0 req/s
h1 stream niquests          10240 B c=100 round=1/3    1835.9 req/s
h1 full   httpx_blocking    65536 B c=150 round=1/3    1083.5 req/s
h1 stream curl_cffi        131072 B c= 50 round=1/3    2352.5 req/s
h1 stream curl_cffi_blocking     1024 B c=150 round=1/3     524.2 req/s
h1 stream pyreqwest_mt       1024 B c= 10 round=1/3    2957.9 req/s
h1 stream pycurl            65536 B c=150 round=1/3    2340.7 req/s
h1 stream wreq             131072 B c=150 round=1/3   18578.6 req/s
h1 stream wreq_blocking    131072 B c= 50 round=1/3     527.6 req/s
h1 stream pyreqwest_st    2097152 B c=150 round=1/3     284.4 req/s
h1 full   curl_cffi_blocking   131072 B c= 10 round=1/3     477.7 req/s
h1 full   requests        4194304 B c=150 round=1/3      54.0 req/s
h1 stream ry_blocking        1024 B c= 50 round=1/3    5057.6 req/s
h1 full   ry_blocking       10240 B c=100 round=1/3    7421.5 req/s
h1 full   httpx           2097152 B c=150 round=1/3     134.4 req/s
h1 stream pyreqwest_st       1024 B c= 10 round=1/3    2539.8 req/s
h1 stream aiohttp            1024 B c=150 round=1/3    8250.6 req/s
h1 full   wreq              65536 B c=100 round=1/3   50436.1 req/s
h1 full   curl_cffi_blocking     1024 B c=100 round=1/3     555.8 req/s
h1 stream ry                65536 B c=100 round=1/3    1092.1 req/s
h1 full   httpx           1048576 B c= 50 round=1/3     278.1 req/s
h1 stream wreq_blocking   2097152 B c= 50 round=1/3     320.3 req/s
h1 stream niquests_blocking    65536 B c= 50 round=1/3     794.7 req/s
h1 stream wreq_blocking     10240 B c= 10 round=1/3     561.6 req/s
h1 stream curl_cffi_blocking  1048576 B c= 50 round=1/3     177.8 req/s
h1 full   niquests_blocking  2097152 B c= 50 round=1/3     103.2 req/s
h1 stream wreq             131072 B c= 50 round=1/3   19206.3 req/s
h1 stream wreq_st         1048576 B c=150 round=1/3     573.9 req/s
h1 stream requests           1024 B c= 10 round=1/3    1335.0 req/s
h1 full   httpx              1024 B c=150 round=1/3     817.1 req/s
h1 full   pycurl            65536 B c= 10 round=1/3    4636.1 req/s
h1 full   niquests        1048576 B c=150 round=1/3     679.6 req/s
h1 full   pyreqwest_st    2097152 B c=150 round=1/3     572.6 req/s
h1 full   requests        2097152 B c= 50 round=1/3     102.9 req/s
h1 stream aiohttp         4194304 B c= 10 round=1/3     375.8 req/s
h1 stream curl_cffi          1024 B c= 50 round=1/3    4537.7 req/s
h1 stream curl_cffi       4194304 B c= 50 round=1/3     131.8 req/s
h1 stream curl_cffi         10240 B c=150 round=1/3    4362.0 req/s
h1 full   curl_cffi_blocking   131072 B c=100 round=1/3     472.4 req/s
h1 stream ry              4194304 B c=100 round=1/3     291.9 req/s
h1 stream ry_blocking      131072 B c= 10 round=1/3    3370.6 req/s
h1 stream httpx           4194304 B c= 10 round=1/3     157.2 req/s
h1 full   pycurl           131072 B c=100 round=1/3    2557.9 req/s
h1 full   curl_cffi_blocking    10240 B c= 50 round=1/3     562.5 req/s
h1 stream niquests_blocking   131072 B c= 10 round=1/3     664.6 req/s
h1 full   ry_blocking      131072 B c= 10 round=1/3    8579.7 req/s
h1 stream wreq_st           10240 B c= 50 round=1/3   19852.6 req/s
h1 stream httpx              1024 B c= 10 round=1/3    1296.5 req/s
h1 stream niquests           1024 B c= 50 round=1/3    2158.4 req/s
h1 stream pycurl          2097152 B c=100 round=1/3     156.4 req/s
h1 full   httpx             65536 B c=100 round=1/3     724.3 req/s
h1 stream wreq_st          131072 B c=150 round=1/3    3996.3 req/s
h1 full   ry_blocking     1048576 B c= 10 round=1/3    5133.8 req/s
h1 full   pyreqwest_st    4194304 B c= 50 round=1/3     328.2 req/s
h1 full   pyreqwest_mt    1048576 B c= 50 round=1/3    3371.9 req/s
h1 full   ry              2097152 B c= 50 round=1/3    1047.9 req/s
h1 full   aiohttp         1048576 B c= 50 round=1/3    1432.9 req/s
h1 stream aiohttp           65536 B c=100 round=1/3    5399.4 req/s
h1 stream niquests        4194304 B c=100 round=1/3     202.8 req/s
h1 stream curl_cffi          1024 B c=150 round=1/3    4459.3 req/s
h1 stream aiohttp            1024 B c= 50 round=1/3    7680.2 req/s
h1 full   requests           1024 B c=100 round=1/3    1388.7 req/s
h1 stream wreq              65536 B c=150 round=1/3   15944.7 req/s
h1 full   pyreqwest_st      10240 B c=100 round=1/3    4205.0 req/s
h1 stream wreq_st         4194304 B c= 50 round=1/3     213.0 req/s
h1 stream aiohttp          131072 B c= 50 round=1/3    4747.0 req/s
h1 stream curl_cffi_blocking  1048576 B c= 10 round=1/3     179.6 req/s
h1 full   aiohttp           10240 B c= 10 round=1/3    8048.3 req/s
h1 stream requests        1048576 B c=100 round=1/3     156.2 req/s
h1 stream wreq_st         2097152 B c=100 round=1/3     371.9 req/s
h1 stream niquests          10240 B c=150 round=1/3    2211.6 req/s
h1 stream ry                10240 B c=150 round=1/3    1762.2 req/s
h1 full   pyreqwest_mt      65536 B c= 10 round=1/3    6738.1 req/s
h1 full   pyreqwest_st      65536 B c=100 round=1/3    3749.2 req/s
h1 stream pyreqwest_mt      65536 B c=150 round=1/3    1864.4 req/s
h1 full   httpx_blocking    10240 B c= 10 round=1/3    1829.7 req/s
h1 stream ry_blocking       65536 B c=100 round=1/3    3152.4 req/s
h1 stream pyreqwest_mt     131072 B c=150 round=1/3    1840.7 req/s
h1 stream requests        2097152 B c=150 round=1/3      91.4 req/s
h1 full   pyreqwest_st     131072 B c=150 round=1/3    3344.3 req/s
h1 stream wreq_st            1024 B c=100 round=1/3   13397.9 req/s
h1 stream httpx_blocking    10240 B c= 50 round=1/3    1503.4 req/s
h1 stream wreq              65536 B c= 50 round=1/3   21149.1 req/s
h1 stream pyreqwest_mt       1024 B c= 50 round=1/3    3421.3 req/s
h1 full   pyreqwest_st    2097152 B c=100 round=1/3     595.8 req/s
h1 full   pyreqwest_mt    1048576 B c= 10 round=1/3    3355.7 req/s
h1 stream niquests        4194304 B c=150 round=1/3     204.3 req/s
h1 full   wreq_st         2097152 B c= 10 round=1/3     571.2 req/s
h1 stream curl_cffi_blocking     1024 B c= 50 round=1/3     527.0 req/s
h1 full   curl_cffi          1024 B c= 10 round=1/3    5621.7 req/s
h1 full   pyreqwest_mt       1024 B c= 10 round=1/3    7255.1 req/s
h1 stream wreq_st           65536 B c= 10 round=1/3    6882.4 req/s
h1 full   wreq_blocking     10240 B c=150 round=1/3    3290.5 req/s
h1 full   pycurl          2097152 B c=150 round=1/3     214.4 req/s
h1 full   curl_cffi_blocking  4194304 B c=100 round=1/3      83.8 req/s
h1 stream pycurl          1048576 B c= 10 round=1/3     279.1 req/s
h1 full   wreq_st           65536 B c= 10 round=1/3   17175.1 req/s
h1 stream pyreqwest_mt    1048576 B c= 10 round=1/3     479.9 req/s
h1 stream ry_blocking     1048576 B c= 10 round=1/3    1200.4 req/s
h1 stream ry_blocking     2097152 B c= 50 round=1/3     993.0 req/s
h1 stream niquests           1024 B c= 10 round=1/3    2180.9 req/s
h1 stream curl_cffi_blocking  2097152 B c= 10 round=1/3     115.2 req/s
h1 stream pycurl             1024 B c= 10 round=1/3    6822.4 req/s
h1 stream pyreqwest_st      10240 B c=150 round=1/3    2544.3 req/s
h1 full   niquests_blocking  2097152 B c=100 round=1/3     104.5 req/s
h1 full   ry              2097152 B c=100 round=1/3    1017.9 req/s
h1 full   pycurl          2097152 B c= 10 round=1/3     214.4 req/s
h1 stream curl_cffi       2097152 B c= 50 round=1/3     255.3 req/s
h1 stream requests        2097152 B c= 10 round=1/3      92.1 req/s
h1 full   pyreqwest_mt    4194304 B c=150 round=1/3     829.9 req/s
h1 full   httpx           4194304 B c=100 round=1/3      83.9 req/s
h1 stream ry_blocking     4194304 B c=150 round=1/3     722.7 req/s
h1 stream pyreqwest_st      10240 B c= 10 round=1/3    2615.4 req/s
h1 full   requests        1048576 B c=150 round=1/3     190.3 req/s
h1 full   pyreqwest_mt      10240 B c=100 round=1/3    7835.3 req/s
h1 stream wreq               1024 B c= 10 round=1/3   15701.9 req/s
h1 full   ry_blocking       65536 B c= 10 round=1/3    8670.8 req/s
h1 full   niquests_blocking     1024 B c=150 round=1/3    1442.1 req/s
h1 full   ry              1048576 B c=100 round=1/3    1586.6 req/s
h1 stream wreq_st            1024 B c=150 round=1/3   21337.8 req/s
h1 stream niquests_blocking  4194304 B c= 10 round=1/3      50.6 req/s
h1 full   httpx_blocking    65536 B c=100 round=1/3    1112.0 req/s
h1 stream niquests         131072 B c= 50 round=1/3    1441.8 req/s
h1 full   httpx             10240 B c= 10 round=1/3    1468.6 req/s
h1 stream curl_cffi_blocking  4194304 B c= 50 round=1/3      65.8 req/s
h1 stream httpx_blocking  1048576 B c=150 round=1/3     142.5 req/s
h1 stream wreq_st         4194304 B c=150 round=1/3     201.0 req/s
h1 full   pyreqwest_mt       1024 B c= 50 round=1/3    7880.7 req/s
h1 full   wreq_st            1024 B c=100 round=1/3   50458.3 req/s
h1 stream niquests_blocking  2097152 B c=150 round=1/3      91.7 req/s
h1 full   curl_cffi_blocking  1048576 B c=150 round=1/3     240.6 req/s
h1 stream ry                10240 B c=100 round=1/3    1754.8 req/s
h1 full   wreq_blocking      1024 B c= 50 round=1/3    3699.1 req/s
h1 stream wreq_st          131072 B c= 10 round=1/3    5063.2 req/s
h1 stream ry_blocking      131072 B c=100 round=1/3    3049.0 req/s
h1 stream curl_cffi_blocking    65536 B c=150 round=1/3     457.0 req/s
h1 stream pyreqwest_st    4194304 B c= 50 round=1/3     191.7 req/s
h1 stream httpx_blocking     1024 B c=100 round=1/3    1479.2 req/s
h1 stream niquests        1048576 B c=150 round=1/3     536.8 req/s
h1 stream ry_blocking     4194304 B c=100 round=1/3     742.7 req/s
h1 full   ry                 1024 B c= 10 round=1/3    2517.6 req/s
h1 stream pycurl          2097152 B c= 50 round=1/3     156.5 req/s
h1 full   requests        4194304 B c=100 round=1/3      54.5 req/s
h1 stream httpx_blocking   131072 B c= 50 round=1/3     628.9 req/s
h1 full   wreq_st           10240 B c=150 round=1/3   46898.3 req/s
h1 full   pyreqwest_mt     131072 B c= 50 round=1/3    7294.2 req/s
h1 stream curl_cffi_blocking    10240 B c= 50 round=1/3     530.6 req/s
h1 stream requests        4194304 B c= 10 round=1/3      49.9 req/s
h1 stream pycurl          1048576 B c=150 round=1/3     281.3 req/s
h1 full   wreq_blocking     10240 B c= 50 round=1/3    3502.7 req/s
h1 full   niquests        4194304 B c= 10 round=1/3     222.2 req/s
h1 full   pyreqwest_st       1024 B c=100 round=1/3    4425.9 req/s
h1 full   requests          10240 B c=100 round=1/3    1383.6 req/s
h1 stream ry_blocking       65536 B c=150 round=1/3    3055.9 req/s
h1 stream httpx_blocking  1048576 B c=100 round=1/3     139.2 req/s
h1 full   wreq            2097152 B c= 50 round=1/3    2106.8 req/s
h1 full   httpx_blocking   131072 B c=150 round=1/3     810.4 req/s
h1 stream httpx           1048576 B c= 10 round=1/3     363.7 req/s
h1 stream wreq_blocking      1024 B c= 10 round=1/3     562.6 req/s
h1 full   pyreqwest_st      65536 B c= 10 round=1/3    3946.2 req/s
h1 stream ry              1048576 B c=100 round=1/3     396.4 req/s
h1 full   wreq            2097152 B c=150 round=1/3    1921.2 req/s
h1 full   pyreqwest_mt      65536 B c= 50 round=1/3    7495.1 req/s
h1 full   pycurl            65536 B c= 50 round=1/3    4301.3 req/s
h1 stream wreq              10240 B c= 10 round=1/3   18343.6 req/s
h1 stream curl_cffi         65536 B c= 10 round=1/3    2480.7 req/s
h1 full   niquests_blocking    65536 B c=100 round=1/3    1002.5 req/s
h1 full   niquests        1048576 B c= 10 round=1/3     685.2 req/s
h1 full   httpx_blocking    65536 B c= 10 round=1/3    1159.3 req/s
h1 stream aiohttp           10240 B c= 10 round=1/3    6822.4 req/s
h1 full   wreq_blocking     65536 B c=150 round=1/3    3101.0 req/s
h1 full   httpx_blocking   131072 B c= 10 round=1/3     858.4 req/s
h1 stream wreq_st           65536 B c= 50 round=1/3    6930.0 req/s
h1 full   wreq_st         4194304 B c= 50 round=1/3     314.1 req/s
h1 stream requests          10240 B c= 50 round=1/3    1308.5 req/s
h1 full   curl_cffi_blocking   131072 B c=150 round=1/3     476.2 req/s
h1 full   httpx           4194304 B c= 50 round=1/3     144.9 req/s
h1 stream curl_cffi_blocking  1048576 B c=150 round=1/3     182.2 req/s
h1 stream httpx_blocking    65536 B c= 50 round=1/3     777.7 req/s
h1 full   pycurl          4194304 B c=100 round=1/3     110.6 req/s
h1 full   wreq_blocking      1024 B c= 10 round=1/3    3777.9 req/s
h1 full   pyreqwest_mt    4194304 B c=100 round=1/3     914.6 req/s
h1 stream httpx_blocking  4194304 B c=100 round=1/3      45.5 req/s
h1 full   aiohttp         4194304 B c=150 round=1/3     361.0 req/s
h1 stream wreq_st         1048576 B c=100 round=1/3     603.2 req/s
h1 stream aiohttp           10240 B c=150 round=1/3    7848.6 req/s
h1 full   curl_cffi_blocking   131072 B c= 50 round=1/3     479.9 req/s
h1 full   httpx_blocking    10240 B c=150 round=1/3    1717.0 req/s
h1 full   wreq_st         2097152 B c=100 round=1/3     552.1 req/s
h1 stream pyreqwest_st    4194304 B c=150 round=1/3     181.6 req/s
h1 stream curl_cffi        131072 B c=100 round=1/3    2261.0 req/s
h1 full   niquests_blocking  4194304 B c=100 round=1/3      54.4 req/s
h1 stream pyreqwest_mt    4194304 B c= 10 round=1/3     369.5 req/s
h1 stream requests        4194304 B c=100 round=1/3      50.9 req/s
h1 stream httpx_blocking    65536 B c=100 round=1/3     759.6 req/s
h1 stream curl_cffi_blocking   131072 B c= 10 round=1/3     429.6 req/s
h1 full   wreq_blocking    131072 B c=100 round=1/3    3167.6 req/s
h1 stream aiohttp           65536 B c= 50 round=1/3    5500.7 req/s
h1 full   pycurl          4194304 B c=150 round=1/3     110.3 req/s
h1 stream requests           1024 B c= 50 round=1/3    1250.3 req/s
h1 stream wreq_blocking   4194304 B c= 10 round=1/3     258.5 req/s
h1 stream niquests_blocking  2097152 B c=100 round=1/3      92.8 req/s
h1 full   curl_cffi          1024 B c=100 round=1/3    5571.0 req/s
h1 full   niquests_blocking    65536 B c=150 round=1/3    1005.6 req/s
h1 full   pyreqwest_mt    1048576 B c=100 round=1/3    3263.2 req/s
h1 full   httpx_blocking     1024 B c=150 round=1/3    1684.7 req/s
h1 stream wreq            1048576 B c=100 round=1/3    3882.4 req/s
h1 full   aiohttp         2097152 B c=150 round=1/3     744.7 req/s
h1 stream wreq             131072 B c= 10 round=1/3   11483.4 req/s
h1 full   aiohttp         1048576 B c= 10 round=1/3    1488.9 req/s
h1 full   pycurl          1048576 B c= 50 round=1/3     425.0 req/s
h1 full   ry_blocking     1048576 B c=150 round=1/3    3424.6 req/s
h1 stream niquests_blocking    10240 B c= 50 round=1/3    1363.9 req/s
h1 full   requests        4194304 B c= 50 round=1/3      53.7 req/s
h1 stream httpx           2097152 B c=100 round=1/3     124.9 req/s
h1 full   httpx              1024 B c= 50 round=1/3     916.4 req/s
h1 full   ry_blocking     4194304 B c=100 round=1/3     910.9 req/s
h1 full   niquests_blocking  1048576 B c=150 round=1/3     188.9 req/s
h1 stream curl_cffi_blocking  2097152 B c=150 round=1/3     118.2 req/s
h1 full   httpx             65536 B c=150 round=1/3     706.8 req/s
h1 full   ry_blocking       10240 B c=150 round=1/3    6809.0 req/s
h1 full   curl_cffi       4194304 B c= 10 round=1/3     179.2 req/s
h1 stream httpx              1024 B c=150 round=1/3     739.0 req/s
h1 full   pyreqwest_mt    1048576 B c=150 round=1/3    3059.6 req/s
h1 full   wreq_blocking   1048576 B c= 50 round=1/3    1508.9 req/s
h1 stream pycurl          2097152 B c= 10 round=1/3     154.7 req/s
h1 full   pyreqwest_mt     131072 B c= 10 round=1/3    6466.7 req/s
h1 full   ry                65536 B c= 50 round=1/3    2743.9 req/s
h1 full   wreq_blocking   1048576 B c=150 round=1/3    1387.2 req/s
h1 stream httpx_blocking  4194304 B c= 10 round=1/3      45.3 req/s
h1 full   pyreqwest_st    4194304 B c= 10 round=1/3     312.7 req/s
h1 stream httpx_blocking  2097152 B c= 50 round=1/3      83.2 req/s
h1 stream niquests_blocking   131072 B c=100 round=1/3     628.3 req/s
h1 full   curl_cffi        131072 B c=150 round=1/3    2784.2 req/s
h1 full   aiohttp           10240 B c=150 round=1/3    8315.7 req/s
h1 full   ry_blocking      131072 B c=150 round=1/3    6444.9 req/s
h1 full   ry_blocking       65536 B c=100 round=1/3    7318.7 req/s
h1 stream pyreqwest_mt      65536 B c=100 round=1/3    1798.3 req/s
h1 stream niquests_blocking  4194304 B c=100 round=1/3      50.9 req/s
h1 full   aiohttp         4194304 B c= 50 round=1/3     386.9 req/s
h1 stream niquests          65536 B c=100 round=1/3    1728.8 req/s
h1 full   wreq_st           65536 B c=150 round=1/3   16840.0 req/s
h1 stream ry              4194304 B c= 10 round=1/3     250.9 req/s
h1 stream ry_blocking     4194304 B c= 10 round=1/3    1003.7 req/s
h1 full   ry               131072 B c=150 round=1/3    2681.4 req/s
h1 stream wreq_blocking     10240 B c=150 round=1/3     546.0 req/s
h1 stream curl_cffi_blocking  2097152 B c= 50 round=1/3     114.0 req/s
h1 stream wreq_blocking     10240 B c=100 round=1/3     554.2 req/s
h1 stream httpx             65536 B c= 10 round=1/3    1259.8 req/s
h1 stream pycurl           131072 B c=150 round=1/3    1750.6 req/s
h1 stream httpx           2097152 B c= 10 round=1/3     250.4 req/s
h1 stream curl_cffi_blocking   131072 B c=150 round=1/3     427.1 req/s
h1 stream requests          65536 B c=150 round=1/3     744.7 req/s
h1 full   niquests          10240 B c= 50 round=1/3    2257.6 req/s
h1 full   pycurl          1048576 B c=150 round=1/3     417.4 req/s
h1 stream pyreqwest_mt    1048576 B c= 50 round=1/3     560.0 req/s
h1 full   curl_cffi         65536 B c= 50 round=1/3    4474.7 req/s
h1 full   curl_cffi       1048576 B c=150 round=1/3     659.8 req/s
h1 stream pyreqwest_st    1048576 B c= 10 round=1/3     392.8 req/s
h1 full   pyreqwest_mt    2097152 B c=150 round=1/3    1735.8 req/s
h1 stream pycurl             1024 B c=150 round=1/3    5463.4 req/s
h1 full   httpx           4194304 B c= 10 round=1/3     169.4 req/s
h1 full   niquests_blocking  4194304 B c=150 round=1/3      52.9 req/s
h1 full   wreq_blocking   2097152 B c=150 round=1/3     880.2 req/s
h1 full   pycurl             1024 B c=100 round=1/3   10447.9 req/s
h1 stream requests          65536 B c= 10 round=1/3     792.4 req/s
h1 full   aiohttp         1048576 B c=150 round=1/3    1459.7 req/s
h1 stream niquests_blocking    65536 B c=150 round=1/3     760.0 req/s
h1 stream pyreqwest_mt    2097152 B c=100 round=1/3     511.5 req/s
h1 full   niquests           1024 B c=100 round=1/3    2434.0 req/s
h1 stream pycurl          1048576 B c= 50 round=1/3     284.9 req/s
h1 full   pycurl            10240 B c= 10 round=1/3   13188.5 req/s
h1 stream wreq_blocking     65536 B c= 10 round=1/3     525.3 req/s
h1 stream wreq_st         1048576 B c= 50 round=1/3     630.6 req/s
h1 stream niquests        2097152 B c= 10 round=1/3     366.7 req/s
h1 stream wreq              10240 B c=150 round=1/3   21230.7 req/s
h1 stream curl_cffi_blocking     1024 B c= 10 round=1/3     526.0 req/s
h1 full   httpx           4194304 B c=150 round=1/3      81.1 req/s
h1 full   wreq_st         1048576 B c= 10 round=1/3    1076.8 req/s
h1 full   wreq_blocking   2097152 B c=100 round=1/3     894.8 req/s
h1 full   curl_cffi       2097152 B c=150 round=1/3     334.5 req/s
h1 full   niquests         131072 B c=100 round=1/3    1742.3 req/s
h1 full   pyreqwest_mt      65536 B c=150 round=1/3    7582.3 req/s
h1 stream curl_cffi         10240 B c= 50 round=1/3    4175.6 req/s
h1 full   ry_blocking     2097152 B c= 10 round=1/3    2323.8 req/s
h1 full   ry              4194304 B c=150 round=1/3     595.4 req/s
h1 stream ry_blocking     4194304 B c= 50 round=1/3     754.8 req/s
h1 full   niquests         131072 B c= 50 round=1/3    1797.7 req/s
h1 full   curl_cffi       2097152 B c= 10 round=1/3     343.4 req/s
h1 full   pyreqwest_st     131072 B c= 50 round=1/3    3217.6 req/s
h1 stream curl_cffi_blocking  4194304 B c=150 round=1/3      67.8 req/s
h1 full   ry                65536 B c=150 round=1/3    2752.1 req/s
h1 stream niquests          65536 B c= 50 round=1/3    1696.8 req/s
h1 full   wreq              10240 B c= 10 round=1/3   26027.5 req/s
h1 full   curl_cffi_blocking  2097152 B c= 10 round=1/3     144.8 req/s
h1 stream pycurl           131072 B c=100 round=1/3    1722.3 req/s
h1 stream httpx           1048576 B c=150 round=1/3     151.1 req/s
h1 full   curl_cffi_blocking  4194304 B c= 50 round=1/3      84.6 req/s
h1 stream httpx             65536 B c=100 round=1/3     471.8 req/s
h1 stream ry_blocking       10240 B c=150 round=1/3    4619.9 req/s
h1 full   curl_cffi_blocking    10240 B c=150 round=1/3     552.9 req/s
h1 full   pyreqwest_mt     131072 B c=100 round=1/3    6798.3 req/s
h1 full   pyreqwest_st       1024 B c=150 round=1/3    4325.4 req/s
h1 stream pyreqwest_st      65536 B c= 50 round=1/3    1425.4 req/s
h1 full   wreq_st           65536 B c= 50 round=1/3   17106.8 req/s
h1 stream pycurl          4194304 B c= 50 round=1/3      82.3 req/s
h1 stream ry                65536 B c=150 round=1/3    1096.9 req/s
h1 stream curl_cffi_blocking    10240 B c= 10 round=1/3     525.6 req/s
h1 stream wreq_blocking   2097152 B c=100 round=1/3     317.2 req/s
h1 stream aiohttp           65536 B c= 10 round=1/3    5218.6 req/s
h1 full   httpx           2097152 B c= 50 round=1/3     205.1 req/s
h1 full   aiohttp          131072 B c=100 round=1/3    6241.1 req/s
h1 stream ry_blocking     1048576 B c=100 round=1/3    1186.2 req/s
h1 stream curl_cffi         65536 B c=150 round=1/3    2475.4 req/s
h1 full   wreq            4194304 B c=150 round=1/3     886.0 req/s
h1 stream niquests_blocking    65536 B c= 10 round=1/3     808.2 req/s
h1 full   httpx           1048576 B c=150 round=1/3     206.0 req/s
h1 full   pyreqwest_st    4194304 B c=150 round=1/3     310.6 req/s
h1 full   pycurl            65536 B c=150 round=1/3    3829.2 req/s
h1 full   niquests_blocking  1048576 B c= 50 round=1/3     191.5 req/s
h1 stream niquests        1048576 B c= 10 round=1/3     524.4 req/s
h1 stream wreq            2097152 B c=100 round=1/3    1842.6 req/s
h1 stream requests        2097152 B c= 50 round=1/3      91.8 req/s
h1 stream wreq_st          131072 B c=100 round=1/3    4069.0 req/s
h1 stream niquests        2097152 B c= 50 round=1/3     388.0 req/s
h1 full   curl_cffi_blocking     1024 B c= 10 round=1/3     562.1 req/s
h1 full   wreq               1024 B c= 50 round=1/3   72725.1 req/s
h1 stream ry                10240 B c= 10 round=1/3    1464.4 req/s
h1 stream niquests           1024 B c=150 round=1/3    2232.7 req/s
h1 full   niquests           1024 B c=150 round=1/3    2444.5 req/s
h1 full   aiohttp          131072 B c=150 round=1/3    6620.6 req/s
h1 full   httpx_blocking    65536 B c= 50 round=1/3    1127.7 req/s
h1 full   pyreqwest_mt     131072 B c=150 round=1/3    7518.7 req/s
h1 full   httpx_blocking  4194304 B c= 50 round=1/3      49.9 req/s
h1 stream curl_cffi_blocking    65536 B c= 10 round=1/3     458.1 req/s
h1 stream pyreqwest_mt      10240 B c=100 round=1/3    3461.5 req/s
h1 full   wreq_blocking   1048576 B c=100 round=1/3    1441.8 req/s
h1 full   wreq_st          131072 B c= 10 round=1/3    8952.1 req/s
h1 stream pycurl            65536 B c=100 round=1/3    2390.1 req/s
h1 full   wreq_st          131072 B c=150 round=1/3    7294.2 req/s
h1 full   requests        2097152 B c=100 round=1/3     104.0 req/s
h1 full   niquests_blocking    10240 B c= 50 round=1/3    1544.7 req/s
h1 full   wreq_blocking   4194304 B c=150 round=1/3     494.6 req/s
h1 stream aiohttp         4194304 B c=100 round=1/3     419.0 req/s
h1 stream pyreqwest_mt    4194304 B c=100 round=1/3     418.0 req/s
h1 stream niquests          65536 B c=150 round=1/3    1748.8 req/s
h1 full   wreq_blocking    131072 B c= 50 round=1/3    3313.2 req/s
h1 stream requests        4194304 B c=150 round=1/3      51.1 req/s
h1 full   requests         131072 B c=100 round=1/3     758.0 req/s
h1 stream httpx_blocking  2097152 B c= 10 round=1/3      83.0 req/s
h1 stream niquests        4194304 B c= 50 round=1/3     203.9 req/s
h1 full   aiohttp          131072 B c= 50 round=1/3    6494.8 req/s
h1 stream requests           1024 B c=150 round=1/3    1240.8 req/s
h1 full   httpx              1024 B c= 10 round=1/3    1612.2 req/s
h1 full   requests         131072 B c=150 round=1/3     751.2 req/s
h1 stream ry_blocking     2097152 B c= 10 round=1/3    1015.2 req/s
h1 full   ry                 1024 B c= 50 round=1/3    2943.1 req/s
h1 full   curl_cffi         65536 B c=150 round=1/3    4186.2 req/s
h1 stream ry_blocking        1024 B c=150 round=1/3    4557.4 req/s
h1 stream pycurl          4194304 B c=100 round=1/3      81.8 req/s
h1 full   pyreqwest_st    1048576 B c=150 round=1/3     992.0 req/s
h1 stream wreq_blocking     65536 B c=100 round=1/3     520.1 req/s
h1 full   curl_cffi        131072 B c=100 round=1/3    3165.6 req/s
h1 stream wreq_blocking   2097152 B c= 10 round=1/3     318.7 req/s
h1 full   ry              1048576 B c=150 round=1/3    1575.7 req/s
h1 stream ry               131072 B c=100 round=1/3    1081.8 req/s
h1 full   httpx_blocking  1048576 B c= 10 round=1/3     178.9 req/s
h1 stream wreq_blocking   4194304 B c=100 round=1/3     253.7 req/s
h1 stream wreq_st         4194304 B c= 10 round=1/3     232.6 req/s
h1 full   httpx_blocking     1024 B c= 50 round=1/3    1783.1 req/s
h1 stream wreq_blocking    131072 B c=150 round=1/3     515.6 req/s
h1 stream curl_cffi          1024 B c=100 round=1/3    4617.4 req/s
h1 stream httpx_blocking    65536 B c= 10 round=1/3     783.6 req/s
h1 stream pyreqwest_st    2097152 B c= 10 round=1/3     295.5 req/s
h1 full   curl_cffi_blocking    65536 B c=100 round=1/3     514.9 req/s
h1 full   ry_blocking        1024 B c= 50 round=1/3    7914.4 req/s
h1 stream pycurl            65536 B c= 10 round=1/3    2545.9 req/s
h1 full   httpx             10240 B c= 50 round=1/3     858.9 req/s
h1 full   wreq            4194304 B c=100 round=1/3     948.4 req/s
h1 full   curl_cffi_blocking  1048576 B c= 10 round=1/3     233.8 req/s
h1 full   ry_blocking       10240 B c= 10 round=1/3    8880.3 req/s
h1 full   curl_cffi_blocking     1024 B c=150 round=1/3     552.1 req/s
h1 full   curl_cffi          1024 B c=150 round=1/3    6203.9 req/s
h1 stream requests          10240 B c=100 round=1/3    1215.3 req/s
h1 full   wreq            1048576 B c= 50 round=1/3    4402.8 req/s
h1 full   pyreqwest_st     131072 B c= 10 round=1/3    3337.4 req/s
h1 stream requests          65536 B c=100 round=1/3     753.1 req/s
h1 stream aiohttp         2097152 B c=150 round=1/3     770.7 req/s
h1 full   ry_blocking     1048576 B c=100 round=1/3    3619.2 req/s
h1 full   pyreqwest_mt       1024 B c=150 round=1/3    8213.8 req/s
h1 full   pycurl          1048576 B c=100 round=1/3     417.8 req/s
h1 full   pycurl           131072 B c= 10 round=1/3    2709.5 req/s
h1 full   wreq_blocking    131072 B c= 10 round=1/3    3459.0 req/s
h1 stream niquests_blocking  2097152 B c= 50 round=1/3      91.6 req/s
h1 full   curl_cffi       1048576 B c= 10 round=1/3     649.6 req/s
h1 full   httpx           2097152 B c=100 round=1/3     149.9 req/s
h1 full   ry_blocking     4194304 B c= 50 round=1/3     977.6 req/s
h1 full   wreq               1024 B c= 10 round=1/3   25420.7 req/s
h1 full   wreq_st         4194304 B c= 10 round=1/3     319.0 req/s
h1 full   ry                65536 B c=100 round=1/3    2837.7 req/s
h1 stream wreq_st            1024 B c= 10 round=1/3   13311.6 req/s
h1 full   aiohttp            1024 B c=100 round=1/3    8673.1 req/s
h1 full   aiohttp          131072 B c= 10 round=1/3    6043.4 req/s
h1 full   httpx             10240 B c=150 round=1/3     835.1 req/s
h1 stream curl_cffi         65536 B c= 50 round=1/3    2797.5 req/s
h1 stream ry              2097152 B c=150 round=1/3     356.2 req/s
h1 full   wreq_st          131072 B c= 50 round=1/3    8322.9 req/s
h1 full   pycurl          4194304 B c= 10 round=1/3     107.9 req/s
h1 stream pyreqwest_mt      65536 B c= 10 round=1/3    1480.5 req/s
h1 full   curl_cffi         10240 B c=100 round=1/3    6005.7 req/s
h1 stream pycurl           131072 B c= 50 round=1/3    1791.2 req/s
h1 full   ry_blocking     4194304 B c= 10 round=1/3    1024.8 req/s
h1 stream ry               131072 B c= 10 round=1/3     901.0 req/s
h1 full   httpx_blocking    10240 B c=100 round=1/3    1723.4 req/s
h1 stream curl_cffi       2097152 B c=150 round=1/3     242.3 req/s
h1 full   curl_cffi        131072 B c= 10 round=1/3    2957.7 req/s
h1 full   pyreqwest_mt    4194304 B c= 50 round=1/3     946.9 req/s
h1 full   ry_blocking     1048576 B c= 50 round=1/3    3931.4 req/s
h1 stream wreq_blocking   1048576 B c= 50 round=1/3     366.3 req/s
h1 stream pyreqwest_st    2097152 B c= 50 round=1/3     293.6 req/s
h1 stream httpx_blocking   131072 B c= 10 round=1/3     635.5 req/s
h1 full   ry                10240 B c= 10 round=1/3    2503.9 req/s
h1 full   niquests        4194304 B c= 50 round=1/3     225.4 req/s
h1 stream pycurl            10240 B c=100 round=1/3    6029.2 req/s
h1 full   niquests          10240 B c=100 round=1/3    2260.2 req/s
h1 full   pyreqwest_st      65536 B c=150 round=1/3    3641.6 req/s
h1 full   niquests        4194304 B c=100 round=1/3     225.4 req/s
h1 stream curl_cffi        131072 B c= 10 round=1/3    2089.6 req/s
h1 full   httpx             65536 B c= 50 round=1/3     754.5 req/s
h1 full   httpx             10240 B c=100 round=1/3     874.1 req/s
h1 stream ry_blocking       10240 B c=100 round=1/3    4790.2 req/s
h1 stream requests        1048576 B c= 50 round=1/3     155.4 req/s
h1 full   aiohttp         2097152 B c= 50 round=1/3     812.3 req/s
h1 full   pycurl          1048576 B c= 10 round=1/3     420.4 req/s
h1 full   pyreqwest_mt    2097152 B c= 10 round=1/3    1953.3 req/s
h1 stream wreq_blocking      1024 B c= 50 round=1/3     555.9 req/s
h1 stream wreq_st            1024 B c= 50 round=1/3   22993.4 req/s
h1 full   httpx_blocking   131072 B c=100 round=1/3     831.6 req/s
h1 full   wreq             131072 B c=150 round=1/3   29490.2 req/s
h1 stream curl_cffi       1048576 B c= 50 round=1/3     446.6 req/s
h1 stream pyreqwest_st    1048576 B c= 50 round=1/3     392.5 req/s
h1 stream ry              2097152 B c= 50 round=1/3     344.9 req/s
h1 full   wreq_blocking     65536 B c= 50 round=1/3    3429.4 req/s
h1 stream ry_blocking        1024 B c= 10 round=1/3    5418.2 req/s
h1 full   httpx_blocking     1024 B c=100 round=1/3    1731.4 req/s
h1 stream curl_cffi       4194304 B c=100 round=1/3     130.0 req/s
h1 full   curl_cffi       4194304 B c=100 round=1/3     178.7 req/s
h1 stream niquests_blocking  1048576 B c=100 round=1/3     156.5 req/s
h1 stream niquests          10240 B c= 10 round=1/3    2221.5 req/s
h1 full   aiohttp           10240 B c=100 round=1/3    8331.7 req/s
h1 full   aiohttp           65536 B c= 50 round=1/3    8121.5 req/s
h1 stream niquests_blocking    10240 B c= 10 round=1/3    1419.2 req/s
h1 full   pyreqwest_st    2097152 B c= 50 round=1/3     584.7 req/s
h1 full   wreq_blocking     65536 B c=100 round=1/3    3259.7 req/s
h1 full   curl_cffi_blocking    10240 B c= 10 round=1/3     558.9 req/s
h1 full   wreq            1048576 B c=100 round=1/3    4092.3 req/s
h1 stream pyreqwest_mt      10240 B c= 10 round=1/3    2844.0 req/s
h1 full   aiohttp            1024 B c= 10 round=1/3    8178.2 req/s
h1 full   aiohttp         2097152 B c= 10 round=1/3     801.6 req/s
h1 full   wreq            2097152 B c= 10 round=1/3    2380.9 req/s
h1 full   niquests          65536 B c= 50 round=1/3    2062.8 req/s
h1 stream requests         131072 B c= 50 round=1/3     633.6 req/s
h1 stream pyreqwest_mt     131072 B c= 50 round=1/3    1734.9 req/s
h1 full   httpx_blocking  1048576 B c= 50 round=1/3     181.8 req/s
h1 stream curl_cffi_blocking   131072 B c= 50 round=1/3     432.5 req/s
h1 stream niquests_blocking    10240 B c=100 round=1/3    1322.9 req/s
h1 full   wreq_st         4194304 B c=100 round=1/3     306.0 req/s
h1 stream httpx           4194304 B c=150 round=1/3      74.0 req/s
h1 full   curl_cffi       1048576 B c= 50 round=1/3     686.4 req/s
h1 full   pyreqwest_st    2097152 B c= 10 round=1/3     558.1 req/s
h1 full   curl_cffi_blocking  1048576 B c=100 round=1/3     234.1 req/s
h1 full   httpx_blocking     1024 B c= 10 round=1/3    1828.5 req/s
h1 full   httpx_blocking  2097152 B c= 50 round=1/3      97.1 req/s
h1 stream httpx_blocking  4194304 B c=150 round=1/3      47.1 req/s
h1 full   pyreqwest_st       1024 B c= 50 round=1/3    4479.9 req/s
h1 full   ry              4194304 B c= 50 round=1/3     625.7 req/s
h1 full   niquests_blocking  1048576 B c=100 round=1/3     188.9 req/s
h1 stream curl_cffi       1048576 B c=150 round=1/3     459.6 req/s
h1 full   aiohttp         4194304 B c=100 round=1/3     390.9 req/s
h1 stream httpx            131072 B c= 50 round=1/3     463.6 req/s
h1 stream curl_cffi_blocking    65536 B c= 50 round=1/3     463.1 req/s
h1 stream pycurl           131072 B c= 10 round=1/3    1811.4 req/s
h1 full   niquests_blocking     1024 B c= 10 round=1/3    1582.6 req/s
h1 full   niquests         131072 B c= 10 round=1/3    1848.3 req/s
h1 full   ry                10240 B c= 50 round=1/3    2938.2 req/s
h1 stream wreq            2097152 B c= 50 round=1/3    2010.7 req/s
h1 full   wreq            2097152 B c=100 round=1/3    1948.5 req/s
h1 stream curl_cffi_blocking  1048576 B c=100 round=1/3     177.4 req/s
h1 full   aiohttp         1048576 B c=100 round=1/3    1515.9 req/s
h1 stream pyreqwest_st    2097152 B c=100 round=1/3     289.8 req/s
h1 stream pyreqwest_mt    1048576 B c=100 round=1/3     581.5 req/s
h1 full   niquests_blocking     1024 B c=100 round=1/3    1478.7 req/s
h1 full   pycurl             1024 B c= 50 round=1/3   11615.9 req/s
h1 stream pycurl             1024 B c=100 round=1/3    6160.6 req/s
h1 stream httpx_blocking    10240 B c=100 round=1/3    1467.1 req/s
h1 stream ry                 1024 B c= 50 round=1/3    1723.8 req/s
h1 stream aiohttp           65536 B c=150 round=1/3    5664.4 req/s
h1 stream httpx             10240 B c=100 round=1/3     739.7 req/s
h1 full   httpx            131072 B c=100 round=1/3     624.6 req/s
h1 stream pyreqwest_st     131072 B c=150 round=1/3    1362.0 req/s
h1 stream curl_cffi          1024 B c= 10 round=1/3    3545.9 req/s
h1 full   pycurl            10240 B c=150 round=1/3    9506.7 req/s
h1 stream wreq_blocking   1048576 B c= 10 round=1/3     364.9 req/s
h1 stream wreq_st           65536 B c=150 round=1/3    5520.6 req/s
h1 stream wreq_st           10240 B c= 10 round=1/3   13750.6 req/s
h1 stream niquests        2097152 B c=100 round=1/3     390.0 req/s
h1 full   wreq_st           10240 B c=100 round=1/3   43705.5 req/s
h1 full   aiohttp           65536 B c=100 round=1/3    8053.6 req/s
h1 full   niquests_blocking  1048576 B c= 10 round=1/3     194.6 req/s
h1 full   pycurl            10240 B c=100 round=1/3   10261.0 req/s
h1 full   curl_cffi_blocking  2097152 B c=150 round=1/3     153.5 req/s
h1 stream wreq_blocking   4194304 B c=150 round=1/3     256.1 req/s
h1 stream pyreqwest_mt     131072 B c=100 round=1/3    1808.4 req/s
h1 stream wreq_st         2097152 B c= 50 round=1/3     377.2 req/s
h1 full   pyreqwest_st      65536 B c= 50 round=1/3    3586.7 req/s
h1 full   pyreqwest_st      10240 B c=150 round=1/3    3949.6 req/s
h1 full   httpx           2097152 B c= 10 round=1/3     319.8 req/s
h1 full   ry                10240 B c=150 round=1/3    3029.0 req/s
h1 stream pycurl            10240 B c=150 round=1/3    5664.3 req/s
h1 full   niquests        2097152 B c= 50 round=1/3     428.4 req/s
h1 full   curl_cffi         10240 B c=150 round=1/3    6365.6 req/s
h1 stream wreq              65536 B c= 10 round=1/3   12116.7 req/s
h1 full   ry              2097152 B c=150 round=1/3     987.9 req/s
h1 stream httpx_blocking     1024 B c= 10 round=1/3    1552.9 req/s
h1 stream curl_cffi         65536 B c=100 round=1/3    2606.8 req/s
h1 full   ry              4194304 B c= 10 round=1/3     583.7 req/s
h1 full   wreq_st           10240 B c= 50 round=1/3   41916.5 req/s
h1 full   wreq             131072 B c=100 round=1/3   33548.7 req/s
h1 stream aiohttp         1048576 B c= 10 round=1/3    1000.6 req/s
h1 full   wreq              10240 B c=100 round=1/3   81741.3 req/s
h1 stream requests        2097152 B c=100 round=1/3      93.2 req/s
h1 full   httpx             65536 B c= 10 round=1/3    1379.1 req/s
h1 stream wreq            1048576 B c=150 round=1/3    3581.3 req/s
h1 stream curl_cffi_blocking    65536 B c=100 round=1/3     460.0 req/s
h1 full   curl_cffi_blocking    10240 B c=100 round=1/3     562.2 req/s
h1 full   niquests          10240 B c= 10 round=1/3    2344.6 req/s
h1 full   pycurl            65536 B c=100 round=1/3    4150.5 req/s
h1 full   niquests          65536 B c= 10 round=1/3    2116.7 req/s
h1 stream wreq_blocking      1024 B c=150 round=1/3     551.6 req/s
h1 full   wreq_blocking      1024 B c=150 round=1/3    3378.9 req/s
h1 full   aiohttp            1024 B c= 50 round=1/3    8796.4 req/s
h1 full   httpx_blocking  2097152 B c= 10 round=1/3      95.7 req/s
h1 stream ry_blocking     1048576 B c=150 round=1/3    1125.1 req/s
h1 stream wreq_st           10240 B c=150 round=1/3   15322.2 req/s
h1 stream pyreqwest_st    4194304 B c= 10 round=1/3     187.2 req/s
h1 full   ry              4194304 B c=100 round=1/3     621.1 req/s
h1 stream wreq_blocking   1048576 B c=150 round=1/3     359.9 req/s
h1 stream wreq_st         2097152 B c=150 round=1/3     357.0 req/s
h1 stream niquests_blocking    65536 B c=100 round=1/3     774.2 req/s
h1 full   curl_cffi_blocking    65536 B c= 10 round=1/3     513.3 req/s
h1 full   ry_blocking        1024 B c= 10 round=1/3    9016.8 req/s
h1 stream ry               131072 B c=150 round=1/3    1094.4 req/s
h1 stream wreq_blocking      1024 B c=100 round=1/3     558.3 req/s
h1 full   ry_blocking     2097152 B c=150 round=1/3    1840.6 req/s
h1 full   requests        1048576 B c= 50 round=1/3     189.1 req/s
h1 full   requests        2097152 B c=150 round=1/3     102.3 req/s
h1 full   ry_blocking       10240 B c= 50 round=1/3    7990.7 req/s
h1 full   ry                65536 B c= 10 round=1/3    2526.8 req/s
h1 stream niquests_blocking     1024 B c= 50 round=1/3    1356.6 req/s
h1 stream wreq              65536 B c=100 round=1/3   20860.0 req/s
h1 stream pyreqwest_st    1048576 B c=150 round=1/3     389.5 req/s
h1 full   httpx_blocking  4194304 B c=100 round=1/3      49.3 req/s
h1 stream wreq            2097152 B c=150 round=1/3    1748.2 req/s
h1 stream httpx_blocking  1048576 B c= 50 round=1/3     140.3 req/s
h1 full   niquests_blocking     1024 B c= 50 round=1/3    1348.2 req/s
h1 stream aiohttp         4194304 B c= 50 round=1/3     408.6 req/s
h1 full   wreq               1024 B c=100 round=1/3   76340.2 req/s
h1 stream wreq_blocking    131072 B c=100 round=1/3     517.4 req/s
h1 full   pyreqwest_mt      10240 B c=150 round=1/3    7671.0 req/s
h1 full   pyreqwest_st      10240 B c= 50 round=1/3    4329.2 req/s
h1 full   requests         131072 B c= 10 round=1/3     800.8 req/s
h1 full   requests        1048576 B c=100 round=1/3     191.0 req/s
h1 stream wreq            4194304 B c=150 round=1/3     868.8 req/s
h1 full   curl_cffi_blocking    65536 B c= 50 round=1/3     516.2 req/s
h1 stream wreq_st         1048576 B c= 10 round=1/3     655.1 req/s
h1 stream aiohttp            1024 B c=100 round=1/3    8268.3 req/s
h1 full   ry              1048576 B c= 50 round=1/3    1605.0 req/s
h1 full   requests          10240 B c= 10 round=1/3    1488.1 req/s
h1 stream curl_cffi       2097152 B c= 10 round=1/3     244.1 req/s
h1 stream ry_blocking       10240 B c= 50 round=1/3    5084.2 req/s
h1 full   pyreqwest_st    4194304 B c=100 round=1/3     312.9 req/s
h1 stream wreq_blocking     65536 B c= 50 round=1/3     523.5 req/s
h1 full   pycurl          4194304 B c= 50 round=1/3     111.9 req/s
h1 stream httpx_blocking  2097152 B c=150 round=1/3      84.8 req/s
h1 full   niquests_blocking   131072 B c=150 round=1/3     754.0 req/s
h1 full   pyreqwest_st      10240 B c= 10 round=1/3    4481.4 req/s
h1 stream aiohttp           10240 B c= 50 round=1/3    7246.3 req/s
h1 stream curl_cffi_blocking     1024 B c=100 round=1/3     526.5 req/s
h1 full   requests           1024 B c=150 round=1/3    1356.8 req/s
h1 full   requests        4194304 B c= 10 round=1/3      53.4 req/s
h1 full   pycurl             1024 B c=150 round=1/3    9321.8 req/s
h1 full   httpx_blocking  4194304 B c= 10 round=1/3      48.9 req/s
h1 stream ry              1048576 B c= 10 round=1/3     339.6 req/s
h1 full   wreq_blocking    131072 B c=150 round=1/3    3062.8 req/s
h1 stream httpx             10240 B c=150 round=1/3     723.6 req/s
h1 full   wreq            4194304 B c= 50 round=1/3     984.7 req/s
h1 full   ry              1048576 B c= 10 round=1/3    1417.4 req/s
h1 stream pycurl          4194304 B c= 10 round=1/3      80.9 req/s
h1 full   wreq_blocking     65536 B c= 10 round=1/3    3458.9 req/s
h1 full   niquests        2097152 B c=150 round=1/3     420.6 req/s
h1 full   aiohttp           10240 B c= 50 round=1/3    8338.9 req/s
h1 stream wreq              10240 B c=100 round=1/3   24171.4 req/s
h1 full   httpx_blocking  1048576 B c=150 round=1/3     184.9 req/s
h1 stream httpx           4194304 B c=100 round=1/3      87.7 req/s
h1 stream wreq            4194304 B c=100 round=1/3     914.1 req/s
h1 full   pycurl           131072 B c= 50 round=1/3    2670.0 req/s
h1 full   httpx            131072 B c= 10 round=1/3    1221.7 req/s
h1 full   requests          65536 B c= 10 round=1/3    1018.1 req/s
h1 stream curl_cffi       1048576 B c=100 round=1/3     455.4 req/s
h1 stream curl_cffi_blocking  4194304 B c= 10 round=1/3      67.4 req/s
h1 stream httpx             65536 B c=150 round=1/3     465.0 req/s
h1 stream httpx              1024 B c= 50 round=1/3     772.8 req/s
h1 stream httpx            131072 B c=150 round=1/3     416.7 req/s
h1 stream niquests_blocking  4194304 B c=150 round=1/3      50.3 req/s
h1 stream ry_blocking     2097152 B c=100 round=1/3     975.6 req/s
h1 stream aiohttp         1048576 B c= 50 round=1/3     986.9 req/s
h1 full   wreq_blocking      1024 B c=100 round=1/3    3389.7 req/s
h1 stream curl_cffi_blocking   131072 B c=100 round=1/3     428.5 req/s
h1 full   curl_cffi       2097152 B c= 50 round=1/3     352.0 req/s
h1 stream wreq_blocking   4194304 B c= 50 round=1/3     257.8 req/s
h1 stream niquests_blocking    10240 B c=150 round=1/3    1296.4 req/s
h1 full   httpx_blocking  4194304 B c=150 round=1/3      50.7 req/s
h1 full   curl_cffi         10240 B c= 10 round=1/3    5628.1 req/s
h1 stream httpx_blocking    10240 B c=150 round=1/3    1448.2 req/s
h1 full   requests           1024 B c= 50 round=1/3    1439.9 req/s
h1 stream ry_blocking     1048576 B c= 50 round=1/3    1201.6 req/s
h1 full   pyreqwest_mt      10240 B c= 50 round=1/3    7926.1 req/s
h1 full   ry_blocking        1024 B c=150 round=1/3    6777.9 req/s
h1 full   pyreqwest_mt    2097152 B c=100 round=1/3    1812.5 req/s
h1 stream ry                65536 B c= 10 round=1/3     923.4 req/s
h1 full   requests          65536 B c=100 round=1/3     976.8 req/s
h1 stream ry              4194304 B c= 50 round=1/3     288.0 req/s
h1 stream aiohttp         1048576 B c=100 round=1/3    1128.9 req/s
h1 full   wreq            4194304 B c= 10 round=1/3    1072.2 req/s
h1 stream httpx_blocking  2097152 B c=100 round=1/3      82.9 req/s
h1 stream niquests          10240 B c= 50 round=1/3    2217.9 req/s
h1 stream wreq            4194304 B c= 10 round=1/3    1090.8 req/s
h1 full   niquests_blocking  4194304 B c= 10 round=1/3      53.6 req/s
h1 stream aiohttp           10240 B c=100 round=1/3    7595.6 req/s
h1 full   curl_cffi         65536 B c= 10 round=1/3    4468.1 req/s
h1 full   niquests          65536 B c=150 round=1/3    2137.2 req/s
h1 stream pyreqwest_mt     131072 B c= 10 round=1/3    1480.1 req/s
h1 full   httpx_blocking  2097152 B c=150 round=1/3      98.8 req/s
h1 stream ry                 1024 B c=150 round=1/3    1767.8 req/s
h1 full   requests        1048576 B c= 10 round=1/3     193.5 req/s
h1 stream wreq               1024 B c=150 round=1/3   24742.9 req/s
h1 stream requests          65536 B c= 50 round=1/3     771.1 req/s
h1 stream wreq_st          131072 B c= 50 round=1/3    4579.6 req/s
h1 stream niquests        4194304 B c= 10 round=1/3     208.0 req/s
h1 stream pyreqwest_st       1024 B c=150 round=1/3    2492.0 req/s
h1 stream aiohttp         2097152 B c=100 round=1/3     782.0 req/s
h1 full   wreq              10240 B c=150 round=1/3   71406.9 req/s
h1 stream ry_blocking      131072 B c=150 round=1/3    2958.9 req/s
h1 stream pyreqwest_st     131072 B c= 10 round=1/3    1399.5 req/s
h1 full   ry                10240 B c=100 round=1/3    2945.4 req/s
h1 full   curl_cffi       4194304 B c=150 round=1/3     167.8 req/s
h1 stream wreq            1048576 B c= 50 round=1/3    4119.4 req/s
h1 full   wreq_st         4194304 B c=150 round=1/3     290.5 req/s
h1 stream wreq            2097152 B c= 10 round=1/3    2157.2 req/s
h1 stream pyreqwest_st     131072 B c= 50 round=1/3    1305.3 req/s
h1 full   niquests_blocking   131072 B c=100 round=1/3     769.5 req/s
h1 stream niquests          65536 B c= 10 round=1/3    1849.9 req/s
h1 full   wreq_st            1024 B c= 50 round=1/3   47806.1 req/s
h1 full   niquests           1024 B c= 10 round=1/3    2312.6 req/s
h1 full   wreq_st         1048576 B c= 50 round=1/3    1135.0 req/s
h1 full   ry_blocking       65536 B c=150 round=1/3    6683.2 req/s
h1 full   curl_cffi_blocking  1048576 B c= 50 round=1/3     234.2 req/s
h1 full   requests         131072 B c= 50 round=1/3     766.9 req/s
h1 stream httpx_blocking  1048576 B c= 10 round=1/3     142.0 req/s
h1 full   niquests         131072 B c=150 round=1/3    1556.2 req/s
h1 stream wreq_blocking    131072 B c= 10 round=1/3     523.0 req/s
h1 stream niquests        1048576 B c=100 round=1/3     545.2 req/s
h1 stream requests        1048576 B c=150 round=1/3     152.5 req/s
h1 full   httpx            131072 B c=150 round=1/3     603.9 req/s
h1 full   httpx_blocking   131072 B c= 50 round=1/3     848.4 req/s
h1 stream ry              1048576 B c=150 round=1/3     401.9 req/s
h1 stream requests        1048576 B c= 10 round=1/3     157.5 req/s
h1 full   wreq_blocking   4194304 B c= 50 round=1/3     538.0 req/s
h1 full   wreq               1024 B c=150 round=1/3   68112.6 req/s
h1 stream niquests_blocking     1024 B c=150 round=1/3    1299.5 req/s
h1 full   wreq_blocking     10240 B c=100 round=1/3    3476.3 req/s
h1 stream ry_blocking      131072 B c= 50 round=1/3    3288.6 req/s
h1 stream pyreqwest_mt      65536 B c= 50 round=1/3    1751.9 req/s
h1 full   curl_cffi_blocking  4194304 B c= 10 round=1/3      85.9 req/s
h1 stream ry_blocking       65536 B c= 50 round=1/3    3374.3 req/s
h1 stream wreq_st         4194304 B c=100 round=1/3     210.6 req/s
h1 full   pyreqwest_st       1024 B c= 10 round=1/3    4444.9 req/s
h1 stream ry_blocking       65536 B c= 10 round=1/3    3476.8 req/s
h1 full   curl_cffi_blocking     1024 B c= 50 round=1/3     565.5 req/s
h1 full   pycurl          2097152 B c= 50 round=1/3     219.9 req/s
h1 stream aiohttp         2097152 B c= 10 round=1/3     785.0 req/s
h1 stream pycurl            10240 B c= 50 round=1/3    6413.6 req/s
h1 stream requests           1024 B c=100 round=1/3    1267.7 req/s
h1 stream pycurl          1048576 B c=100 round=1/3     276.6 req/s
h1 stream requests        4194304 B c= 50 round=1/3      50.2 req/s
h1 stream pyreqwest_mt    2097152 B c=150 round=1/3     520.8 req/s
h1 full   wreq             131072 B c= 10 round=1/3   19602.6 req/s
h1 stream wreq            4194304 B c= 50 round=1/3     974.7 req/s
h1 stream curl_cffi         10240 B c= 10 round=1/3    3488.2 req/s
h1 full   wreq_blocking   1048576 B c= 10 round=1/3    1558.9 req/s
h1 full   pyreqwest_st    1048576 B c= 10 round=1/3    1086.7 req/s
h1 full   aiohttp         4194304 B c= 10 round=1/3     386.7 req/s
h1 stream httpx             65536 B c= 50 round=1/3     524.4 req/s
h1 stream niquests_blocking  1048576 B c= 50 round=1/3     155.5 req/s
h1 full   httpx_blocking  1048576 B c=100 round=1/3     179.9 req/s
h1 stream wreq_blocking   1048576 B c=100 round=1/3     361.7 req/s
h1 stream aiohttp          131072 B c= 10 round=1/3    4894.6 req/s
h1 stream aiohttp          131072 B c=100 round=1/3    4734.6 req/s
h1 full   ry               131072 B c=100 round=1/3    2682.7 req/s
h1 full   ry_blocking       65536 B c= 50 round=1/3    7772.0 req/s
h1 stream httpx           2097152 B c= 50 round=1/3     191.1 req/s
h1 stream curl_cffi       4194304 B c=150 round=1/3     124.2 req/s
h1 stream requests         131072 B c= 10 round=1/3     634.6 req/s
h1 full   ry_blocking        1024 B c=100 round=1/3    7132.9 req/s
h1 full   wreq              65536 B c= 10 round=1/3   22455.4 req/s
h1 full   httpx            131072 B c= 50 round=1/3     662.4 req/s
h1 stream pycurl             1024 B c= 50 round=1/3    6397.2 req/s
h1 full   httpx           1048576 B c=100 round=1/3     235.5 req/s
h1 full   aiohttp            1024 B c=150 round=1/3    8778.9 req/s
h1 stream pyreqwest_mt       1024 B c=100 round=1/3    3529.0 req/s
h1 full   niquests          65536 B c=100 round=1/3    2067.1 req/s
h1 stream curl_cffi         10240 B c=100 round=1/3    4325.1 req/s
h1 stream curl_cffi_blocking  4194304 B c=100 round=1/3      65.2 req/s
h1 stream ry_blocking        1024 B c=100 round=1/3    4896.0 req/s
h1 full   wreq              10240 B c= 50 round=1/3   57654.3 req/s
h1 stream wreq             131072 B c=100 round=1/3   17121.8 req/s
h1 full   pycurl          2097152 B c=100 round=1/3     219.7 req/s
h1 stream httpx           2097152 B c=150 round=1/3     107.2 req/s
h1 stream ry              2097152 B c= 10 round=1/3     300.3 req/s
h1 stream ry                65536 B c= 50 round=1/3    1072.9 req/s
h1 stream pycurl          4194304 B c=150 round=1/3      82.3 req/s
h1 stream niquests_blocking   131072 B c=150 round=1/3     626.8 req/s
h1 stream wreq               1024 B c= 50 round=1/3   27493.8 req/s
h1 stream ry                10240 B c= 50 round=1/3    1695.7 req/s
h1 stream ry_blocking     2097152 B c=150 round=1/3     954.5 req/s
h1 full   wreq_st         2097152 B c= 50 round=1/3     605.4 req/s
h1 stream pyreqwest_st       1024 B c= 50 round=1/3    2515.4 req/s
h1 full   ry_blocking      131072 B c=100 round=1/3    6980.0 req/s
h1 full   pyreqwest_mt    4194304 B c= 10 round=1/3    1065.1 req/s
h1 full   httpx_blocking  2097152 B c=100 round=1/3      96.0 req/s
h1 stream wreq_blocking     65536 B c=150 round=1/3     513.1 req/s
h1 full   wreq_blocking   2097152 B c= 50 round=1/3     945.9 req/s
h1 stream ry_blocking       10240 B c= 10 round=1/3    5235.3 req/s
h1 stream pyreqwest_st      10240 B c=100 round=1/3    2462.7 req/s
h1 full   niquests        2097152 B c=100 round=1/3     433.5 req/s
h1 full   niquests_blocking    10240 B c=150 round=1/3    1416.2 req/s
h1 full   wreq            1048576 B c= 10 round=1/3    4829.1 req/s
h1 full   requests           1024 B c= 10 round=1/3    1467.9 req/s
h1 stream pyreqwest_mt    1048576 B c=150 round=1/3     587.2 req/s
h1 full   wreq              65536 B c= 50 round=1/3   54721.6 req/s
h1 stream httpx_blocking    65536 B c=150 round=1/3     741.3 req/s
h1 stream aiohttp         2097152 B c= 50 round=1/3     755.8 req/s
h1 full   requests          65536 B c= 50 round=1/3     996.7 req/s
h1 full   wreq_st         2097152 B c=150 round=1/3     581.6 req/s
h1 full   niquests_blocking  2097152 B c=150 round=1/3     101.4 req/s
h1 stream httpx_blocking     1024 B c=150 round=1/3    1434.6 req/s
h1 full   curl_cffi_blocking  2097152 B c=100 round=1/3     146.9 req/s
h1 stream curl_cffi       2097152 B c=100 round=1/3     247.1 req/s
h1 full   wreq_blocking   2097152 B c= 10 round=1/3    1002.9 req/s
h1 stream httpx_blocking    10240 B c= 10 round=1/3    1543.0 req/s
h1 stream curl_cffi_blocking    10240 B c=150 round=1/3     520.5 req/s
h1 full   wreq              65536 B c=150 round=1/3   44709.2 req/s
h1 stream aiohttp          131072 B c=150 round=1/3    4739.7 req/s
h1 full   curl_cffi_blocking  2097152 B c= 50 round=1/3     147.7 req/s
h1 stream pyreqwest_st      65536 B c=150 round=1/3    1333.7 req/s
h1 full   niquests        2097152 B c= 10 round=1/3     419.7 req/s
h1 full   pyreqwest_mt       1024 B c=100 round=1/3    8253.0 req/s
h1 full   curl_cffi       2097152 B c=100 round=1/3     360.7 req/s
h1 stream pyreqwest_mt       1024 B c=150 round=1/3    3540.5 req/s
h1 full   niquests_blocking    10240 B c= 10 round=1/3    1568.3 req/s
h1 full   wreq_blocking   4194304 B c=100 round=1/3     510.8 req/s
h1 stream ry                 1024 B c=100 round=1/3    1756.2 req/s
h1 full   niquests        4194304 B c=150 round=1/3     221.1 req/s
h1 full   pycurl             1024 B c= 10 round=1/3   13364.5 req/s
h1 full   wreq_st          131072 B c=100 round=1/3    7773.9 req/s
h1 stream pyreqwest_mt      10240 B c= 50 round=1/3    3263.3 req/s
h1 full   niquests_blocking    10240 B c=100 round=1/3    1490.8 req/s
h1 stream pyreqwest_mt    2097152 B c= 10 round=1/3     442.7 req/s
h1 full   ry                 1024 B c=100 round=1/3    3000.6 req/s
h1 stream pycurl            10240 B c= 10 round=1/3    6881.9 req/s
h1 stream httpx_blocking   131072 B c=150 round=1/3     610.6 req/s
h1 stream curl_cffi_blocking    10240 B c=100 round=1/3     526.2 req/s
h1 stream wreq              10240 B c= 50 round=1/3   25019.1 req/s
h1 full   ry_blocking      131072 B c= 50 round=1/3    7585.7 req/s
h1 full   niquests_blocking  4194304 B c= 50 round=1/3      53.7 req/s
h1 full   ry_blocking     2097152 B c=100 round=1/3    1892.1 req/s
h1 stream pyreqwest_mt    4194304 B c=150 round=1/3     416.3 req/s
h1 stream httpx              1024 B c=100 round=1/3     741.6 req/s
h1 stream ry               131072 B c= 50 round=1/3    1069.2 req/s
h1 stream pyreqwest_st    1048576 B c=100 round=1/3     399.0 req/s
h1 stream curl_cffi       4194304 B c= 10 round=1/3     135.4 req/s
h1 stream pyreqwest_st       1024 B c=100 round=1/3    2476.3 req/s
h1 stream wreq_st           10240 B c=100 round=2/3   18677.6 req/s
h1 full   httpx_blocking    10240 B c= 50 round=2/3    1772.2 req/s
h1 stream niquests_blocking    10240 B c= 50 round=2/3    1372.4 req/s
h1 stream ry_blocking       10240 B c=150 round=2/3    4586.9 req/s
h1 stream pyreqwest_mt    1048576 B c= 50 round=2/3     564.9 req/s
h1 full   curl_cffi       4194304 B c= 50 round=2/3     187.4 req/s
h1 stream httpx_blocking    10240 B c=150 round=2/3    1449.7 req/s
h1 stream httpx_blocking  2097152 B c=100 round=2/3      82.8 req/s
h1 stream pycurl           131072 B c= 10 round=2/3    1827.2 req/s
h1 full   curl_cffi_blocking  4194304 B c=150 round=2/3      88.3 req/s
h1 full   ry_blocking     1048576 B c= 50 round=2/3    4077.1 req/s
h1 stream pyreqwest_st      65536 B c=150 round=2/3    1374.6 req/s
h1 full   curl_cffi       4194304 B c=150 round=2/3     181.8 req/s
h1 full   curl_cffi       4194304 B c=100 round=2/3     173.4 req/s
h1 full   httpx_blocking  4194304 B c= 50 round=2/3      49.9 req/s
h1 full   niquests_blocking  4194304 B c= 10 round=2/3      54.1 req/s
h1 full   httpx_blocking  2097152 B c= 50 round=2/3      96.4 req/s
h1 stream ry                65536 B c=100 round=2/3    1095.9 req/s
h1 full   pycurl          4194304 B c= 10 round=2/3     108.4 req/s
h1 full   wreq_blocking     65536 B c= 50 round=2/3    3424.3 req/s
h1 stream httpx           2097152 B c=100 round=2/3     126.4 req/s
h1 stream httpx              1024 B c= 50 round=2/3     756.6 req/s
h1 full   wreq_st         2097152 B c= 50 round=2/3     597.7 req/s
h1 stream pyreqwest_st    4194304 B c= 50 round=2/3     190.7 req/s
h1 stream pyreqwest_st       1024 B c=100 round=2/3    2380.7 req/s
h1 full   httpx_blocking  4194304 B c= 10 round=2/3      49.7 req/s
h1 stream wreq_st          131072 B c=150 round=2/3    3821.6 req/s
h1 stream niquests        1048576 B c=150 round=2/3     502.7 req/s
h1 stream httpx           2097152 B c= 10 round=2/3     251.4 req/s
h1 stream httpx_blocking   131072 B c=100 round=2/3     596.9 req/s
h1 full   httpx           2097152 B c= 10 round=2/3     318.5 req/s
h1 full   aiohttp          131072 B c= 50 round=2/3    6189.5 req/s
h1 full   requests         131072 B c= 50 round=2/3     775.0 req/s
h1 full   httpx            131072 B c=100 round=2/3     629.8 req/s
h1 stream niquests_blocking    10240 B c=100 round=2/3    1293.7 req/s
h1 stream aiohttp          131072 B c= 50 round=2/3    4883.8 req/s
h1 stream httpx           1048576 B c= 50 round=2/3     238.4 req/s
h1 stream httpx_blocking     1024 B c= 10 round=2/3    1545.2 req/s
h1 stream curl_cffi_blocking  4194304 B c=150 round=2/3      68.3 req/s
h1 stream pyreqwest_st      10240 B c= 50 round=2/3    2531.2 req/s
h1 stream niquests        2097152 B c= 50 round=2/3     380.2 req/s
h1 stream aiohttp         1048576 B c=100 round=2/3    1074.8 req/s
h1 stream pyreqwest_mt    4194304 B c=150 round=2/3     414.6 req/s
h1 stream niquests_blocking    10240 B c=150 round=2/3    1289.0 req/s
h1 full   niquests          10240 B c= 50 round=2/3    2376.3 req/s
h1 full   pyreqwest_st    1048576 B c=100 round=2/3     931.6 req/s
h1 full   aiohttp           65536 B c=100 round=2/3    7503.5 req/s
h1 stream wreq_blocking   1048576 B c= 50 round=2/3     365.6 req/s
h1 full   niquests_blocking   131072 B c=100 round=2/3     774.0 req/s
h1 stream curl_cffi       1048576 B c= 10 round=2/3     428.5 req/s
h1 stream requests        4194304 B c= 50 round=2/3      50.5 req/s
h1 stream ry               131072 B c=100 round=2/3    1077.3 req/s
h1 full   niquests        1048576 B c=100 round=2/3     731.2 req/s
h1 full   wreq            2097152 B c= 10 round=2/3    2396.8 req/s
h1 stream niquests_blocking    65536 B c=100 round=2/3     784.7 req/s
h1 stream wreq_blocking   2097152 B c= 10 round=2/3     321.2 req/s
h1 full   httpx_blocking   131072 B c= 50 round=2/3     842.8 req/s
h1 full   wreq            2097152 B c=150 round=2/3    1907.9 req/s
h1 full   wreq_st         1048576 B c=100 round=2/3    1011.7 req/s
h1 stream ry                10240 B c= 10 round=2/3    1474.4 req/s
h1 full   wreq_blocking   1048576 B c= 10 round=2/3    1591.4 req/s
h1 full   curl_cffi_blocking  1048576 B c=100 round=2/3     232.5 req/s
h1 stream pycurl           131072 B c=100 round=2/3    1758.3 req/s
h1 stream httpx             10240 B c=100 round=2/3     738.8 req/s
h1 stream requests        4194304 B c=100 round=2/3      51.3 req/s
h1 stream wreq              65536 B c= 50 round=2/3   19419.3 req/s
h1 stream pycurl          1048576 B c= 50 round=2/3     283.1 req/s
h1 full   wreq_blocking      1024 B c= 10 round=2/3    3775.7 req/s
h1 stream wreq_st           65536 B c= 50 round=2/3    6195.8 req/s
h1 full   pyreqwest_mt      10240 B c=150 round=2/3    7839.7 req/s
h1 stream ry                10240 B c=100 round=2/3    1755.5 req/s
h1 full   aiohttp          131072 B c=100 round=2/3    6659.9 req/s
h1 stream aiohttp           65536 B c=150 round=2/3    5859.1 req/s
h1 full   niquests        2097152 B c=100 round=2/3     409.4 req/s
h1 full   requests        2097152 B c=100 round=2/3     104.4 req/s
h1 full   httpx              1024 B c=100 round=2/3     848.1 req/s
h1 stream httpx           1048576 B c=150 round=2/3     151.6 req/s
h1 stream curl_cffi_blocking   131072 B c=100 round=2/3     433.3 req/s
h1 stream pycurl            10240 B c=150 round=2/3    5702.4 req/s
h1 full   ry_blocking     2097152 B c=100 round=2/3    1828.1 req/s
h1 stream wreq              10240 B c=100 round=2/3   25412.1 req/s
h1 full   httpx_blocking  1048576 B c=100 round=2/3     180.7 req/s
h1 stream pyreqwest_st       1024 B c=150 round=2/3    2441.9 req/s
h1 stream wreq              10240 B c= 50 round=2/3   26038.1 req/s
h1 full   pyreqwest_mt     131072 B c=100 round=2/3    7301.0 req/s
h1 full   ry                 1024 B c= 50 round=2/3    2952.0 req/s
h1 full   pyreqwest_mt      65536 B c=150 round=2/3    7443.2 req/s
h1 full   httpx           1048576 B c=150 round=2/3     210.0 req/s
h1 stream wreq              65536 B c=100 round=2/3   19189.7 req/s
h1 stream wreq_st            1024 B c=100 round=2/3   23345.5 req/s
h1 full   ry              1048576 B c= 50 round=2/3    1611.0 req/s
h1 stream pyreqwest_mt      65536 B c=150 round=2/3    1869.7 req/s
h1 stream aiohttp           65536 B c= 50 round=2/3    5883.3 req/s
h1 full   pycurl          2097152 B c= 50 round=2/3     218.0 req/s
h1 stream curl_cffi_blocking  1048576 B c=100 round=2/3     176.9 req/s
h1 stream ry_blocking     4194304 B c=150 round=2/3     717.8 req/s
h1 stream ry                 1024 B c= 50 round=2/3    1663.3 req/s
h1 stream pyreqwest_mt    1048576 B c=100 round=2/3     581.1 req/s
h1 stream pyreqwest_mt    2097152 B c=150 round=2/3     520.6 req/s
h1 stream curl_cffi          1024 B c=100 round=2/3    4378.2 req/s
h1 full   pyreqwest_mt      65536 B c= 50 round=2/3    7494.7 req/s
h1 full   ry_blocking        1024 B c=150 round=2/3    6605.7 req/s
h1 full   ry_blocking     1048576 B c= 10 round=2/3    5008.9 req/s
h1 full   pyreqwest_mt    1048576 B c= 50 round=2/3    3465.6 req/s
h1 full   aiohttp         4194304 B c= 50 round=2/3     375.4 req/s
h1 stream pycurl          1048576 B c= 10 round=2/3     280.1 req/s
h1 full   wreq_st          131072 B c= 50 round=2/3    8415.3 req/s
h1 full   wreq_st           10240 B c= 50 round=2/3   40734.5 req/s
h1 stream niquests        1048576 B c= 10 round=2/3     535.1 req/s
h1 stream ry                65536 B c= 10 round=2/3     922.7 req/s
h1 stream pyreqwest_st      65536 B c= 50 round=2/3    1431.3 req/s
h1 full   ry_blocking       10240 B c=150 round=2/3    6759.2 req/s
h1 full   requests          65536 B c=100 round=2/3     868.6 req/s
h1 full   ry_blocking      131072 B c=100 round=2/3    7084.3 req/s
h1 full   requests        4194304 B c=150 round=2/3      53.7 req/s
h1 stream wreq            2097152 B c= 50 round=2/3    1979.9 req/s
h1 full   niquests_blocking     1024 B c=100 round=2/3    1403.0 req/s
h1 stream ry               131072 B c= 50 round=2/3    1061.2 req/s
h1 stream niquests         131072 B c=100 round=2/3    1401.6 req/s
h1 full   niquests          65536 B c= 50 round=2/3    2126.3 req/s
h1 stream requests          65536 B c=150 round=2/3     741.8 req/s
h1 stream niquests          10240 B c= 10 round=2/3    2234.4 req/s
h1 stream pyreqwest_st    1048576 B c=150 round=2/3     392.5 req/s
h1 stream pyreqwest_mt    2097152 B c=100 round=2/3     524.4 req/s
h1 full   aiohttp         1048576 B c=100 round=2/3    1326.0 req/s
h1 full   curl_cffi        131072 B c=100 round=2/3    3130.4 req/s
h1 full   pycurl            65536 B c= 10 round=2/3    4601.1 req/s
h1 full   pycurl           131072 B c= 10 round=2/3    2744.5 req/s
h1 stream wreq            1048576 B c= 50 round=2/3    3986.5 req/s
h1 stream ry_blocking      131072 B c= 10 round=2/3    3389.0 req/s
h1 full   aiohttp           65536 B c=150 round=2/3    7497.5 req/s
h1 stream httpx_blocking   131072 B c=150 round=2/3     608.8 req/s
h1 stream httpx_blocking  1048576 B c=100 round=2/3     139.5 req/s
h1 full   curl_cffi       2097152 B c= 10 round=2/3     348.3 req/s
h1 stream pyreqwest_mt    2097152 B c= 10 round=2/3     438.4 req/s
h1 stream aiohttp           10240 B c=150 round=2/3    7677.8 req/s
h1 full   httpx           1048576 B c= 10 round=2/3     516.0 req/s
h1 stream ry_blocking     2097152 B c= 50 round=2/3    1008.1 req/s
h1 stream niquests_blocking  1048576 B c= 10 round=2/3     159.1 req/s
h1 stream curl_cffi_blocking     1024 B c= 10 round=2/3     527.2 req/s
h1 full   httpx_blocking   131072 B c= 10 round=2/3     826.2 req/s
h1 full   httpx              1024 B c= 10 round=2/3    1601.9 req/s
h1 full   curl_cffi_blocking     1024 B c=150 round=2/3     552.4 req/s
h1 stream wreq            4194304 B c=150 round=2/3     864.9 req/s
h1 stream curl_cffi_blocking  4194304 B c=100 round=2/3      65.2 req/s
h1 full   wreq            2097152 B c= 50 round=2/3    2022.0 req/s
h1 full   ry_blocking     4194304 B c= 10 round=2/3    1056.7 req/s
h1 stream wreq_blocking     10240 B c= 50 round=2/3     561.1 req/s
h1 stream ry_blocking       65536 B c= 50 round=2/3    3337.8 req/s
h1 stream ry              4194304 B c=150 round=2/3     291.7 req/s
h1 stream wreq_blocking   2097152 B c=100 round=2/3     307.9 req/s
h1 full   aiohttp         1048576 B c= 10 round=2/3    1488.8 req/s
h1 stream niquests          65536 B c= 50 round=2/3    1778.4 req/s
h1 full   wreq_blocking   2097152 B c=100 round=2/3     883.3 req/s
h1 stream pycurl            65536 B c=150 round=2/3    2345.6 req/s
h1 stream requests          65536 B c= 10 round=2/3     779.5 req/s
h1 full   niquests         131072 B c= 10 round=2/3    1823.3 req/s
h1 full   niquests_blocking   131072 B c= 10 round=2/3     811.9 req/s
h1 full   ry               131072 B c=150 round=2/3    2721.8 req/s
h1 full   pycurl             1024 B c= 50 round=2/3   11602.1 req/s
h1 full   wreq             131072 B c=150 round=2/3   28691.5 req/s
h1 full   wreq_st         1048576 B c= 50 round=2/3    1097.6 req/s
h1 stream requests          10240 B c=100 round=2/3    1235.4 req/s
h1 full   requests         131072 B c=100 round=2/3     759.4 req/s
h1 full   pyreqwest_mt    1048576 B c=100 round=2/3    3191.3 req/s
h1 stream wreq_st         1048576 B c=100 round=2/3     586.8 req/s
h1 full   curl_cffi_blocking  1048576 B c= 10 round=2/3     231.9 req/s
h1 stream wreq_st         2097152 B c=100 round=2/3     365.0 req/s
h1 full   curl_cffi_blocking  4194304 B c= 50 round=2/3      84.3 req/s
h1 full   pyreqwest_st      65536 B c=100 round=2/3    3745.3 req/s
h1 stream curl_cffi_blocking  2097152 B c=150 round=2/3     117.7 req/s
h1 full   curl_cffi_blocking  2097152 B c= 50 round=2/3     148.2 req/s
h1 full   ry_blocking     2097152 B c= 10 round=2/3    2177.4 req/s
h1 full   wreq              10240 B c= 50 round=2/3   84865.6 req/s
h1 stream ry               131072 B c= 10 round=2/3     916.7 req/s
h1 full   httpx            131072 B c= 10 round=2/3    1195.4 req/s
h1 stream curl_cffi_blocking  1048576 B c= 50 round=2/3     179.2 req/s
h1 stream httpx           2097152 B c=150 round=2/3     106.8 req/s
h1 full   pyreqwest_mt    2097152 B c= 50 round=2/3    1950.8 req/s
h1 full   curl_cffi         65536 B c=150 round=2/3    4133.6 req/s
h1 full   requests        1048576 B c=100 round=2/3     190.3 req/s
h1 stream requests           1024 B c=100 round=2/3    1257.4 req/s
h1 full   wreq            2097152 B c=100 round=2/3    1828.0 req/s
h1 full   curl_cffi         10240 B c=100 round=2/3    5603.5 req/s
h1 full   curl_cffi         65536 B c= 10 round=2/3    4497.7 req/s
h1 full   wreq_st            1024 B c=100 round=2/3   49631.9 req/s
h1 full   niquests_blocking     1024 B c= 50 round=2/3    1508.7 req/s
h1 full   wreq               1024 B c= 50 round=2/3   91712.9 req/s
h1 full   wreq            1048576 B c= 50 round=2/3    4214.6 req/s
h1 stream pyreqwest_mt    4194304 B c=100 round=2/3     421.5 req/s
h1 full   curl_cffi_blocking  2097152 B c=150 round=2/3     153.4 req/s
h1 full   pycurl          4194304 B c= 50 round=2/3     111.7 req/s
h1 stream wreq_blocking   4194304 B c=100 round=2/3     251.2 req/s
h1 full   wreq               1024 B c=100 round=2/3   82533.4 req/s
h1 stream ry_blocking       65536 B c=150 round=2/3    3046.5 req/s
h1 stream wreq_st           10240 B c= 10 round=2/3   14141.5 req/s
h1 stream curl_cffi_blocking    65536 B c=150 round=2/3     457.1 req/s
h1 full   niquests           1024 B c=100 round=2/3    2384.2 req/s
h1 full   wreq_st         1048576 B c=150 round=2/3    1073.2 req/s
h1 full   niquests_blocking  2097152 B c= 50 round=2/3     102.9 req/s
h1 stream niquests          65536 B c=150 round=2/3    1755.6 req/s
h1 stream curl_cffi_blocking    65536 B c= 10 round=2/3     459.8 req/s
h1 full   requests          65536 B c= 10 round=2/3     849.5 req/s
h1 stream wreq            2097152 B c=150 round=2/3    1758.8 req/s
h1 stream niquests          10240 B c=150 round=2/3    1905.3 req/s
h1 stream wreq_st           65536 B c=150 round=2/3    5560.3 req/s
h1 stream curl_cffi         65536 B c= 50 round=2/3    2871.3 req/s
h1 full   httpx             10240 B c=100 round=2/3     811.7 req/s
h1 stream httpx            131072 B c= 50 round=2/3     471.5 req/s
h1 stream httpx_blocking  2097152 B c= 50 round=2/3      83.4 req/s
h1 full   pycurl          1048576 B c= 50 round=2/3     421.7 req/s
h1 stream pycurl          4194304 B c=100 round=2/3      81.8 req/s
h1 stream niquests_blocking  4194304 B c=100 round=2/3      50.7 req/s
h1 full   curl_cffi         65536 B c=100 round=2/3    4300.7 req/s
h1 stream aiohttp           65536 B c=100 round=2/3    5614.6 req/s
h1 stream pycurl          2097152 B c=150 round=2/3     157.5 req/s
h1 full   pyreqwest_st    1048576 B c=150 round=2/3     957.3 req/s
h1 stream wreq_blocking     65536 B c=150 round=2/3     512.8 req/s
h1 full   pyreqwest_mt    2097152 B c= 10 round=2/3    2039.2 req/s
h1 stream ry              2097152 B c= 10 round=2/3     300.2 req/s
h1 stream curl_cffi_blocking  4194304 B c= 50 round=2/3      65.5 req/s
h1 stream wreq            2097152 B c=100 round=2/3    1834.7 req/s
h1 full   requests        2097152 B c= 50 round=2/3     103.8 req/s
h1 full   pycurl           131072 B c=150 round=2/3    2478.7 req/s
h1 stream wreq_st         2097152 B c=150 round=2/3     354.2 req/s
h1 stream wreq_st         4194304 B c= 10 round=2/3     235.6 req/s
h1 stream curl_cffi_blocking    10240 B c= 50 round=2/3     528.2 req/s
h1 stream aiohttp          131072 B c= 10 round=2/3    4976.9 req/s
h1 full   httpx            131072 B c=150 round=2/3     593.7 req/s
h1 full   niquests_blocking  4194304 B c=150 round=2/3      53.7 req/s
h1 full   pycurl             1024 B c=150 round=2/3    9539.2 req/s
h1 full   wreq             131072 B c= 50 round=2/3   36964.0 req/s
h1 stream wreq_blocking     65536 B c= 10 round=2/3     525.7 req/s
h1 full   niquests_blocking   131072 B c= 50 round=2/3     786.7 req/s
h1 full   niquests           1024 B c=150 round=2/3    2422.1 req/s
h1 stream niquests_blocking     1024 B c=150 round=2/3    1291.7 req/s
h1 stream requests        1048576 B c=100 round=2/3     157.4 req/s
h1 full   requests          10240 B c= 10 round=2/3    1481.8 req/s
h1 stream ry              1048576 B c=150 round=2/3     402.4 req/s
h1 full   curl_cffi_blocking  4194304 B c= 10 round=2/3      86.2 req/s
h1 full   wreq_st          131072 B c= 10 round=2/3    9872.1 req/s
h1 full   curl_cffi_blocking    10240 B c=150 round=2/3     545.5 req/s
h1 full   wreq_blocking    131072 B c= 50 round=2/3    3349.5 req/s
h1 full   wreq              65536 B c=150 round=2/3   50295.9 req/s
h1 stream niquests_blocking    65536 B c= 50 round=2/3     795.3 req/s
h1 stream httpx              1024 B c=100 round=2/3     733.2 req/s
h1 stream ry              2097152 B c=150 round=2/3     356.3 req/s
h1 full   aiohttp         2097152 B c=100 round=2/3     678.3 req/s
h1 stream wreq_blocking   2097152 B c= 50 round=2/3     322.0 req/s
h1 stream niquests_blocking    65536 B c= 10 round=2/3     755.6 req/s
h1 full   requests          10240 B c=150 round=2/3    1354.4 req/s
h1 full   wreq_blocking   4194304 B c=100 round=2/3     501.7 req/s
h1 stream pyreqwest_st       1024 B c= 10 round=2/3    2511.4 req/s
h1 stream httpx             10240 B c=150 round=2/3     714.6 req/s
h1 full   niquests          65536 B c= 10 round=2/3    2113.3 req/s
h1 full   pyreqwest_mt       1024 B c=100 round=2/3    8044.7 req/s
h1 full   curl_cffi        131072 B c= 10 round=2/3    2954.7 req/s
h1 stream wreq            1048576 B c= 10 round=2/3    3972.9 req/s
h1 full   requests           1024 B c= 10 round=2/3    1479.8 req/s
h1 stream wreq             131072 B c= 50 round=2/3   21507.5 req/s
h1 full   pyreqwest_mt      65536 B c=100 round=2/3    7736.2 req/s
h1 stream curl_cffi_blocking    10240 B c=100 round=2/3     527.4 req/s
h1 full   wreq              10240 B c=100 round=2/3   81715.9 req/s
h1 stream wreq_st            1024 B c= 10 round=2/3   14005.0 req/s
h1 stream ry_blocking       65536 B c=100 round=2/3    3128.2 req/s
h1 stream httpx_blocking  4194304 B c= 10 round=2/3      45.2 req/s
h1 full   niquests          10240 B c= 10 round=2/3    2355.7 req/s
h1 stream wreq_st         1048576 B c=150 round=2/3     584.9 req/s
h1 full   wreq_blocking     10240 B c=150 round=2/3    3306.2 req/s
h1 full   niquests_blocking    65536 B c=150 round=2/3     991.1 req/s
h1 stream niquests           1024 B c=150 round=2/3    2223.1 req/s
h1 stream aiohttp           10240 B c= 50 round=2/3    7365.9 req/s
h1 full   pyreqwest_mt     131072 B c= 10 round=2/3    6484.8 req/s
h1 full   aiohttp            1024 B c=100 round=2/3    8936.2 req/s
h1 stream httpx_blocking    10240 B c= 10 round=2/3    1521.8 req/s
h1 full   httpx             65536 B c=100 round=2/3     753.9 req/s
h1 full   pyreqwest_st    1048576 B c= 10 round=2/3    1080.4 req/s
h1 stream ry_blocking       10240 B c= 50 round=2/3    5222.4 req/s
h1 full   niquests_blocking  4194304 B c=100 round=2/3      54.5 req/s
h1 stream niquests_blocking   131072 B c=100 round=2/3     635.0 req/s
h1 stream niquests          65536 B c=100 round=2/3    1730.9 req/s
h1 full   wreq_blocking    131072 B c=100 round=2/3    3221.9 req/s
h1 stream httpx_blocking  1048576 B c= 10 round=2/3     140.0 req/s
h1 full   httpx             10240 B c=150 round=2/3     840.6 req/s
h1 stream wreq_st          131072 B c= 10 round=2/3    4825.7 req/s
h1 stream curl_cffi        131072 B c=150 round=2/3    2112.8 req/s
h1 full   ry                65536 B c=150 round=2/3    2842.8 req/s
h1 stream pyreqwest_st    4194304 B c=100 round=2/3     182.4 req/s
h1 stream httpx_blocking    65536 B c=150 round=2/3     752.7 req/s
h1 stream wreq_st         1048576 B c= 10 round=2/3     674.8 req/s
h1 stream httpx_blocking     1024 B c=150 round=2/3    1446.3 req/s
h1 full   httpx             65536 B c= 10 round=2/3    1334.4 req/s
h1 full   wreq_blocking     65536 B c=150 round=2/3    3079.1 req/s
h1 stream niquests          65536 B c= 10 round=2/3    1806.3 req/s
h1 stream ry_blocking       65536 B c= 10 round=2/3    3430.7 req/s
h1 stream ry              4194304 B c=100 round=2/3     292.0 req/s
h1 stream httpx             10240 B c= 50 round=2/3     758.1 req/s
h1 full   pycurl             1024 B c= 10 round=2/3   13521.4 req/s
h1 full   niquests        1048576 B c= 10 round=2/3     648.0 req/s
h1 full   ry              2097152 B c=100 round=2/3    1009.1 req/s
h1 stream curl_cffi       4194304 B c=100 round=2/3     132.4 req/s
h1 full   requests        1048576 B c=150 round=2/3     190.8 req/s
h1 full   pycurl            65536 B c= 50 round=2/3    4288.5 req/s
h1 stream ry                10240 B c=150 round=2/3    1760.3 req/s
h1 full   wreq_blocking     65536 B c= 10 round=2/3    3482.3 req/s
h1 full   curl_cffi         10240 B c= 10 round=2/3    5883.6 req/s
h1 full   httpx_blocking   131072 B c=100 round=2/3     827.7 req/s
h1 stream aiohttp         4194304 B c=150 round=2/3     342.2 req/s
h1 full   niquests        2097152 B c=150 round=2/3     436.3 req/s
h1 stream wreq               1024 B c= 10 round=2/3   16712.6 req/s
h1 stream requests         131072 B c= 10 round=2/3     653.2 req/s
h1 full   httpx_blocking     1024 B c= 50 round=2/3    1794.8 req/s
h1 full   wreq_st            1024 B c=150 round=2/3   46805.1 req/s
h1 stream aiohttp         4194304 B c=100 round=2/3     413.9 req/s
h1 stream aiohttp          131072 B c=150 round=2/3    4270.8 req/s
h1 stream httpx_blocking  4194304 B c=150 round=2/3      46.9 req/s
h1 full   wreq            1048576 B c=150 round=2/3    3895.2 req/s
h1 stream curl_cffi_blocking  2097152 B c= 10 round=2/3     115.2 req/s
h1 full   pyreqwest_mt       1024 B c= 10 round=2/3    7028.2 req/s
h1 stream pyreqwest_mt      10240 B c=150 round=2/3    3542.1 req/s
h1 full   pyreqwest_st     131072 B c=150 round=2/3    3236.0 req/s
h1 stream curl_cffi_blocking    65536 B c=100 round=2/3     460.7 req/s
h1 full   wreq             131072 B c=100 round=2/3   32723.4 req/s
h1 stream wreq               1024 B c= 50 round=2/3   24701.4 req/s
h1 full   pyreqwest_st    4194304 B c= 10 round=2/3     321.0 req/s
h1 stream wreq              65536 B c= 10 round=2/3   11410.2 req/s
h1 stream curl_cffi         65536 B c=150 round=2/3    2531.3 req/s
h1 full   niquests         131072 B c=100 round=2/3    1764.4 req/s
h1 stream curl_cffi_blocking    65536 B c= 50 round=2/3     463.6 req/s
h1 stream niquests_blocking  4194304 B c=150 round=2/3      50.1 req/s
h1 full   niquests_blocking  2097152 B c=150 round=2/3     102.6 req/s
h1 stream ry_blocking      131072 B c=100 round=2/3    3050.6 req/s
h1 stream ry_blocking     4194304 B c=100 round=2/3     737.1 req/s
h1 stream pycurl            65536 B c= 10 round=2/3    2485.9 req/s
h1 stream requests           1024 B c=150 round=2/3    1230.7 req/s
h1 full   ry              2097152 B c=150 round=2/3     989.6 req/s
h1 full   niquests        4194304 B c= 50 round=2/3     223.8 req/s
h1 stream ry_blocking      131072 B c=150 round=2/3    2965.7 req/s
h1 full   aiohttp            1024 B c=150 round=2/3    9071.1 req/s
h1 full   wreq_blocking   1048576 B c= 50 round=2/3    1542.2 req/s
h1 full   pycurl            10240 B c=150 round=2/3    9327.0 req/s
h1 stream pyreqwest_mt     131072 B c=100 round=2/3    1799.5 req/s
h1 full   aiohttp          131072 B c=150 round=2/3    6374.4 req/s
h1 full   aiohttp         4194304 B c= 10 round=2/3     388.0 req/s
h1 stream pyreqwest_mt       1024 B c=100 round=2/3    3527.3 req/s
h1 full   pyreqwest_st      65536 B c=150 round=2/3    3686.9 req/s
h1 full   wreq_blocking   2097152 B c= 50 round=2/3     947.4 req/s
h1 stream httpx           2097152 B c= 50 round=2/3     199.9 req/s
h1 stream httpx_blocking  1048576 B c=150 round=2/3     141.7 req/s
h1 full   niquests        4194304 B c=150 round=2/3     223.2 req/s
h1 full   pycurl          1048576 B c=100 round=2/3     414.3 req/s
h1 full   pyreqwest_mt    4194304 B c=100 round=2/3     887.1 req/s
h1 full   pyreqwest_st      65536 B c= 50 round=2/3    3739.0 req/s
h1 full   curl_cffi_blocking     1024 B c= 10 round=2/3     555.0 req/s
h1 stream wreq            1048576 B c=150 round=2/3    3562.1 req/s
h1 full   httpx_blocking  4194304 B c=100 round=2/3      49.5 req/s
h1 stream ry_blocking     4194304 B c= 10 round=2/3    1017.0 req/s
h1 full   ry              1048576 B c= 10 round=2/3    1455.7 req/s
h1 stream niquests_blocking  1048576 B c= 50 round=2/3     158.1 req/s
h1 stream httpx_blocking   131072 B c= 10 round=2/3     636.2 req/s
h1 stream ry              2097152 B c=100 round=2/3     350.6 req/s
h1 stream pycurl            10240 B c=100 round=2/3    5940.5 req/s
h1 full   httpx_blocking    65536 B c= 10 round=2/3    1114.9 req/s
h1 full   pyreqwest_st       1024 B c= 10 round=2/3    4326.1 req/s
h1 full   niquests_blocking  2097152 B c=100 round=2/3     103.7 req/s
h1 full   curl_cffi_blocking   131072 B c= 50 round=2/3     478.0 req/s
h1 full   pyreqwest_mt     131072 B c= 50 round=2/3    7681.5 req/s
h1 full   niquests        4194304 B c= 10 round=2/3     215.6 req/s
h1 stream ry              1048576 B c= 50 round=2/3     393.8 req/s
h1 full   httpx              1024 B c=150 round=2/3     834.6 req/s
h1 stream pyreqwest_mt       1024 B c=150 round=2/3    3600.9 req/s
h1 stream wreq_st          131072 B c= 50 round=2/3    4789.2 req/s
h1 full   pyreqwest_mt     131072 B c=150 round=2/3    7343.3 req/s
h1 stream pyreqwest_mt      10240 B c= 50 round=2/3    3400.5 req/s
h1 full   niquests        1048576 B c=150 round=2/3     693.8 req/s
h1 full   aiohttp            1024 B c= 50 round=2/3    8401.0 req/s
h1 stream aiohttp          131072 B c=100 round=2/3    4531.1 req/s
h1 stream niquests_blocking   131072 B c= 10 round=2/3     668.1 req/s
h1 full   wreq_blocking   1048576 B c=100 round=2/3    1459.6 req/s
h1 full   wreq_st           65536 B c= 10 round=2/3   15092.6 req/s
h1 stream requests          10240 B c= 10 round=2/3    1310.2 req/s
h1 full   niquests_blocking    65536 B c=100 round=2/3     924.7 req/s
h1 stream pycurl           131072 B c= 50 round=2/3    1817.8 req/s
h1 full   curl_cffi_blocking  2097152 B c= 10 round=2/3     148.6 req/s
h1 full   aiohttp           65536 B c= 50 round=2/3    7864.3 req/s
h1 full   pyreqwest_mt    4194304 B c= 50 round=2/3     915.3 req/s
h1 full   ry_blocking       65536 B c=100 round=2/3    6539.3 req/s
h1 full   ry                10240 B c=100 round=2/3    2940.2 req/s
h1 full   curl_cffi_blocking  1048576 B c= 50 round=2/3     233.3 req/s
h1 full   pycurl          4194304 B c=100 round=2/3     110.6 req/s
h1 full   pycurl            10240 B c=100 round=2/3   10331.6 req/s
h1 stream curl_cffi       1048576 B c=100 round=2/3     452.9 req/s
h1 stream curl_cffi       1048576 B c= 50 round=2/3     461.4 req/s
h1 stream httpx             65536 B c= 10 round=2/3    1210.4 req/s
h1 stream pyreqwest_st    1048576 B c= 50 round=2/3     390.8 req/s
h1 stream ry              4194304 B c= 50 round=2/3     285.7 req/s
h1 stream httpx              1024 B c= 10 round=2/3    1389.4 req/s
h1 full   curl_cffi_blocking    10240 B c= 10 round=2/3     560.5 req/s
h1 full   curl_cffi       1048576 B c= 10 round=2/3     672.2 req/s
h1 stream wreq_blocking   2097152 B c=150 round=2/3     318.0 req/s
h1 full   wreq_blocking    131072 B c= 10 round=2/3    3418.6 req/s
h1 full   ry_blocking       10240 B c=100 round=2/3    7463.8 req/s
h1 stream httpx_blocking   131072 B c= 50 round=2/3     627.9 req/s
h1 full   niquests          65536 B c=150 round=2/3    2067.0 req/s
h1 full   niquests        2097152 B c= 50 round=2/3     422.6 req/s
h1 stream aiohttp           65536 B c= 10 round=2/3    5238.8 req/s
h1 full   wreq_st         2097152 B c=100 round=2/3     588.0 req/s
h1 full   wreq_st           65536 B c=100 round=2/3   18928.5 req/s
h1 full   pyreqwest_st    2097152 B c= 10 round=2/3     539.3 req/s
h1 stream httpx             65536 B c= 50 round=2/3     527.2 req/s
h1 full   pyreqwest_mt    4194304 B c= 10 round=2/3    1001.3 req/s
h1 full   pyreqwest_st    4194304 B c= 50 round=2/3     320.9 req/s
h1 stream httpx_blocking    65536 B c= 50 round=2/3     764.2 req/s
h1 full   httpx           4194304 B c=150 round=2/3      80.2 req/s
h1 stream aiohttp            1024 B c=150 round=2/3    8093.2 req/s
h1 stream wreq             131072 B c=150 round=2/3   17245.3 req/s
h1 full   ry              4194304 B c= 10 round=2/3     565.2 req/s
h1 stream niquests        2097152 B c=150 round=2/3     376.4 req/s
h1 full   requests          65536 B c=150 round=2/3     938.5 req/s
h1 full   aiohttp         2097152 B c=150 round=2/3     677.2 req/s
h1 full   pyreqwest_st      65536 B c= 10 round=2/3    3850.7 req/s
h1 full   pyreqwest_mt      10240 B c= 50 round=2/3    7712.6 req/s
h1 stream niquests_blocking  4194304 B c= 50 round=2/3      50.2 req/s
h1 full   ry                10240 B c= 10 round=2/3    2538.2 req/s
h1 full   curl_cffi_blocking    65536 B c=150 round=2/3     509.6 req/s
h1 full   httpx_blocking    65536 B c=150 round=2/3    1102.0 req/s
h1 stream aiohttp         1048576 B c= 50 round=2/3     923.6 req/s
h1 full   pyreqwest_mt    4194304 B c=150 round=2/3     819.8 req/s
h1 stream curl_cffi       4194304 B c= 10 round=2/3     131.5 req/s
h1 full   wreq              65536 B c= 50 round=2/3   51180.7 req/s
h1 full   wreq_blocking   1048576 B c=150 round=2/3    1365.7 req/s
h1 full   wreq_st           65536 B c=150 round=2/3   15635.2 req/s
h1 stream aiohttp            1024 B c= 10 round=2/3    7187.4 req/s
h1 stream pyreqwest_st    1048576 B c= 10 round=2/3     382.7 req/s
h1 stream ry_blocking     1048576 B c=100 round=2/3    1160.2 req/s
h1 stream ry_blocking       10240 B c= 10 round=2/3    5255.1 req/s
h1 full   pycurl            65536 B c=150 round=2/3    3789.5 req/s
h1 stream pycurl            10240 B c= 10 round=2/3    6627.1 req/s
h1 full   ry_blocking      131072 B c=150 round=2/3    6326.1 req/s
h1 stream wreq_st            1024 B c= 50 round=2/3   20819.9 req/s
h1 stream httpx_blocking    65536 B c=100 round=2/3     726.5 req/s
h1 stream niquests          10240 B c= 50 round=2/3    2067.1 req/s
h1 stream ry_blocking     1048576 B c= 50 round=2/3    1170.1 req/s
h1 full   aiohttp         1048576 B c= 50 round=2/3    1468.6 req/s
h1 full   ry_blocking       65536 B c= 10 round=2/3    8951.0 req/s
h1 stream pyreqwest_st     131072 B c=100 round=2/3    1289.1 req/s
h1 stream curl_cffi          1024 B c=150 round=2/3    3951.6 req/s
h1 stream pyreqwest_mt     131072 B c= 50 round=2/3    1659.3 req/s
h1 stream requests        2097152 B c= 50 round=2/3      91.9 req/s
h1 full   requests           1024 B c= 50 round=2/3    1449.9 req/s
h1 stream niquests_blocking     1024 B c=100 round=2/3    1313.4 req/s
h1 stream ry                65536 B c=150 round=2/3    1094.9 req/s
h1 stream niquests_blocking    10240 B c= 10 round=2/3    1435.7 req/s
h1 full   niquests_blocking    10240 B c= 10 round=2/3    1598.1 req/s
h1 stream requests         131072 B c= 50 round=2/3     638.1 req/s
h1 full   httpx           4194304 B c= 50 round=2/3     139.7 req/s
h1 full   pycurl           131072 B c=100 round=2/3    2546.7 req/s
h1 stream wreq            4194304 B c=100 round=2/3     902.6 req/s
h1 stream niquests        1048576 B c=100 round=2/3     536.4 req/s
h1 stream wreq_blocking      1024 B c= 10 round=2/3     564.0 req/s
h1 stream pycurl          2097152 B c= 10 round=2/3     153.8 req/s
h1 stream httpx              1024 B c=150 round=2/3     688.5 req/s
h1 stream aiohttp            1024 B c=100 round=2/3    8092.8 req/s
h1 stream pyreqwest_mt    2097152 B c= 50 round=2/3     504.0 req/s
h1 stream wreq_st           10240 B c=150 round=2/3   15357.0 req/s
h1 stream pyreqwest_st    4194304 B c= 10 round=2/3     189.8 req/s
h1 full   ry_blocking     4194304 B c=150 round=2/3     861.7 req/s
h1 stream httpx_blocking     1024 B c=100 round=2/3    1445.8 req/s
h1 full   aiohttp           10240 B c=150 round=2/3    8312.8 req/s
h1 stream pyreqwest_mt      10240 B c= 10 round=2/3    2783.3 req/s
h1 full   requests          10240 B c= 50 round=2/3    1293.3 req/s
h1 full   ry                65536 B c= 50 round=2/3    2774.4 req/s
h1 full   aiohttp           10240 B c=100 round=2/3    8883.2 req/s
h1 full   ry                10240 B c=150 round=2/3    2993.3 req/s
h1 stream curl_cffi        131072 B c=100 round=2/3    2128.9 req/s
h1 stream wreq_st         4194304 B c=100 round=2/3     207.3 req/s
h1 stream requests        2097152 B c=150 round=2/3      93.3 req/s
h1 full   ry                 1024 B c=100 round=2/3    2954.1 req/s
h1 full   niquests_blocking     1024 B c=150 round=2/3    1440.0 req/s
h1 stream niquests_blocking   131072 B c= 50 round=2/3     612.4 req/s
h1 stream pycurl          1048576 B c=100 round=2/3     276.5 req/s
h1 full   pyreqwest_mt      65536 B c= 10 round=2/3    6845.2 req/s
h1 full   pyreqwest_st       1024 B c=150 round=2/3    4188.3 req/s
h1 stream wreq_st         4194304 B c=150 round=2/3     191.5 req/s
h1 full   pyreqwest_st      10240 B c=150 round=2/3    4329.6 req/s
h1 full   pycurl            65536 B c=100 round=2/3    4137.1 req/s
h1 stream curl_cffi_blocking  2097152 B c= 50 round=2/3     114.1 req/s
h1 full   httpx_blocking    10240 B c=150 round=2/3    1692.2 req/s
h1 full   wreq_st           10240 B c=100 round=2/3   45131.4 req/s
h1 stream wreq              65536 B c=150 round=2/3   19356.2 req/s
h1 stream wreq              10240 B c=150 round=2/3   24019.5 req/s
h1 stream pycurl          4194304 B c= 50 round=2/3      82.7 req/s
h1 stream pyreqwest_st      65536 B c= 10 round=2/3    1457.0 req/s
h1 full   pyreqwest_mt    2097152 B c=150 round=2/3    1800.2 req/s
h1 full   niquests        4194304 B c=100 round=2/3     228.5 req/s
h1 full   aiohttp         2097152 B c= 50 round=2/3     791.5 req/s
h1 stream aiohttp         1048576 B c=150 round=2/3    1069.5 req/s
h1 full   requests         131072 B c= 10 round=2/3     802.1 req/s
h1 stream curl_cffi_blocking  2097152 B c=100 round=2/3     112.2 req/s
h1 full   aiohttp         2097152 B c= 10 round=2/3     818.5 req/s
h1 full   pyreqwest_st    4194304 B c=100 round=2/3     310.8 req/s
h1 full   curl_cffi          1024 B c= 50 round=2/3    6512.0 req/s
h1 full   curl_cffi       1048576 B c=150 round=2/3     658.4 req/s
h1 stream curl_cffi         10240 B c= 50 round=2/3    4252.4 req/s
h1 stream requests        1048576 B c= 50 round=2/3     154.3 req/s
h1 stream pyreqwest_mt      65536 B c= 10 round=2/3    1478.7 req/s
h1 stream httpx             65536 B c=100 round=2/3     464.9 req/s
h1 full   curl_cffi_blocking  2097152 B c=100 round=2/3     146.2 req/s
h1 stream niquests_blocking  2097152 B c=150 round=2/3      91.2 req/s
h1 stream wreq             131072 B c= 10 round=2/3   11909.1 req/s
h1 full   curl_cffi       2097152 B c=100 round=2/3     359.4 req/s
h1 full   curl_cffi_blocking     1024 B c= 50 round=2/3     560.0 req/s
h1 stream curl_cffi         65536 B c=100 round=2/3    2619.9 req/s
h1 stream aiohttp         2097152 B c= 10 round=2/3     771.9 req/s
h1 full   aiohttp           10240 B c= 50 round=2/3    8349.6 req/s
h1 stream curl_cffi_blocking  1048576 B c=150 round=2/3     182.9 req/s
h1 full   wreq_st         4194304 B c= 10 round=2/3     333.8 req/s
h1 full   aiohttp         1048576 B c=150 round=2/3    1235.1 req/s
h1 full   wreq_blocking     10240 B c=100 round=2/3    3466.0 req/s
h1 stream curl_cffi_blocking  4194304 B c= 10 round=2/3      67.7 req/s
h1 full   niquests          10240 B c=100 round=2/3    2341.4 req/s
h1 full   httpx_blocking  1048576 B c= 10 round=2/3     179.8 req/s
h1 stream niquests_blocking  2097152 B c= 10 round=2/3      92.8 req/s
h1 full   pyreqwest_mt      10240 B c= 10 round=2/3    6968.6 req/s
h1 full   ry                 1024 B c= 10 round=2/3    2529.1 req/s
h1 full   aiohttp         4194304 B c=100 round=2/3     379.7 req/s
h1 full   ry_blocking     2097152 B c= 50 round=2/3    1999.9 req/s
h1 stream httpx_blocking  2097152 B c= 10 round=2/3      82.4 req/s
h1 stream pyreqwest_mt      10240 B c=100 round=2/3    3508.7 req/s
h1 full   httpx_blocking    65536 B c=100 round=2/3    1120.1 req/s
h1 stream wreq            4194304 B c= 10 round=2/3    1051.6 req/s
h1 full   niquests           1024 B c= 50 round=2/3    2357.6 req/s
h1 stream wreq_blocking   1048576 B c= 10 round=2/3     366.5 req/s
h1 stream httpx           4194304 B c=150 round=2/3      75.5 req/s
h1 full   wreq_blocking     10240 B c= 10 round=2/3    3820.0 req/s
h1 stream ry                 1024 B c= 10 round=2/3    1498.4 req/s
h1 stream wreq_st         2097152 B c= 50 round=2/3     386.8 req/s
h1 full   pyreqwest_mt    1048576 B c=150 round=2/3    2951.9 req/s
h1 stream niquests        4194304 B c= 10 round=2/3     212.2 req/s
h1 stream wreq_blocking   1048576 B c=150 round=2/3     362.3 req/s
h1 full   aiohttp           10240 B c= 10 round=2/3    7937.4 req/s
h1 full   wreq_st         2097152 B c= 10 round=2/3     588.9 req/s
h1 stream curl_cffi       2097152 B c=100 round=2/3     248.3 req/s
h1 full   httpx           4194304 B c= 10 round=2/3     173.9 req/s
h1 stream wreq_blocking     65536 B c=100 round=2/3     520.1 req/s
h1 stream curl_cffi_blocking     1024 B c=150 round=2/3     524.0 req/s
h1 full   pyreqwest_st     131072 B c=100 round=2/3    3251.5 req/s
h1 full   wreq_st         4194304 B c= 50 round=2/3     311.9 req/s
h1 full   wreq_blocking   4194304 B c=150 round=2/3     498.4 req/s
h1 full   pycurl             1024 B c=100 round=2/3    9791.0 req/s
h1 full   wreq_st         1048576 B c= 10 round=2/3    1128.9 req/s
h1 stream pycurl          4194304 B c= 10 round=2/3      80.7 req/s
h1 full   httpx              1024 B c= 50 round=2/3     874.0 req/s
h1 full   wreq_st            1024 B c= 50 round=2/3   46729.4 req/s
h1 full   ry_blocking       65536 B c= 50 round=2/3    7838.5 req/s
h1 full   httpx_blocking  1048576 B c= 50 round=2/3     181.8 req/s
h1 stream ry                10240 B c= 50 round=2/3    1708.0 req/s
h1 stream ry_blocking     2097152 B c= 10 round=2/3    1189.5 req/s
h1 stream requests          65536 B c= 50 round=2/3     770.0 req/s
h1 full   wreq_blocking    131072 B c=150 round=2/3    3075.2 req/s
h1 stream ry_blocking     1048576 B c= 10 round=2/3    1183.4 req/s
h1 stream requests        1048576 B c= 10 round=2/3     157.0 req/s
h1 full   ry              4194304 B c=150 round=2/3     591.0 req/s
h1 stream wreq_blocking   1048576 B c=100 round=2/3     360.3 req/s
h1 full   pycurl           131072 B c= 50 round=2/3    2678.0 req/s
h1 stream curl_cffi       1048576 B c=150 round=2/3     456.4 req/s
h1 full   httpx            131072 B c= 50 round=2/3     638.8 req/s
h1 stream wreq               1024 B c=100 round=2/3   22922.8 req/s
h1 full   httpx           2097152 B c= 50 round=2/3     209.3 req/s
h1 full   ry_blocking     1048576 B c=150 round=2/3    3388.4 req/s
h1 stream wreq_st         4194304 B c= 50 round=2/3     211.3 req/s
h1 full   ry_blocking        1024 B c= 10 round=2/3    8875.5 req/s
h1 full   niquests_blocking     1024 B c= 10 round=2/3    1555.1 req/s
h1 full   niquests_blocking  1048576 B c= 50 round=2/3     191.2 req/s
h1 stream wreq_st          131072 B c=100 round=2/3    4431.4 req/s
h1 full   curl_cffi_blocking     1024 B c=100 round=2/3     555.6 req/s
h1 full   pyreqwest_st     131072 B c= 50 round=2/3    3246.7 req/s
h1 full   ry              1048576 B c=100 round=2/3    1633.3 req/s
h1 stream wreq            4194304 B c= 50 round=2/3    1045.5 req/s
h1 stream pyreqwest_mt     131072 B c=150 round=2/3    1808.4 req/s
h1 stream requests         131072 B c=150 round=2/3     584.1 req/s
h1 stream wreq_st           65536 B c= 10 round=2/3    7237.5 req/s
h1 full   wreq_st            1024 B c= 10 round=2/3   26869.8 req/s
h1 full   wreq_blocking      1024 B c= 50 round=2/3    3639.3 req/s
h1 stream aiohttp         4194304 B c= 50 round=2/3     424.0 req/s
h1 full   ry                10240 B c= 50 round=2/3    2851.1 req/s
h1 full   wreq            4194304 B c=150 round=2/3     873.9 req/s
h1 stream curl_cffi       2097152 B c= 10 round=2/3     249.9 req/s
h1 stream wreq_blocking     65536 B c= 50 round=2/3     523.6 req/s
h1 stream wreq_blocking     10240 B c=150 round=2/3     547.4 req/s
h1 stream wreq_blocking     10240 B c=100 round=2/3     555.3 req/s
h1 stream requests        2097152 B c=100 round=2/3      93.5 req/s
h1 full   niquests_blocking    10240 B c=100 round=2/3    1483.4 req/s
h1 stream httpx_blocking  2097152 B c=150 round=2/3      84.9 req/s
h1 full   pyreqwest_st    2097152 B c=100 round=2/3     567.8 req/s
h1 full   ry               131072 B c= 10 round=2/3    2570.5 req/s
h1 full   pycurl          2097152 B c=150 round=2/3     214.6 req/s
h1 stream pyreqwest_st    2097152 B c=100 round=2/3     290.9 req/s
h1 full   ry_blocking       10240 B c= 10 round=2/3    8874.3 req/s
h1 full   wreq            4194304 B c=100 round=2/3     948.1 req/s
h1 full   curl_cffi_blocking    10240 B c= 50 round=2/3     560.4 req/s
h1 stream curl_cffi       2097152 B c=150 round=2/3     236.5 req/s
h1 full   pyreqwest_st       1024 B c=100 round=2/3    4243.2 req/s
h1 full   requests        4194304 B c= 50 round=2/3      54.1 req/s
h1 stream niquests           1024 B c= 50 round=2/3    2217.9 req/s
h1 full   curl_cffi       2097152 B c= 50 round=2/3     352.4 req/s
h1 stream wreq_blocking      1024 B c= 50 round=2/3     558.2 req/s
h1 stream pyreqwest_st     131072 B c= 50 round=2/3    1335.4 req/s
h1 full   httpx_blocking  2097152 B c= 10 round=2/3      94.0 req/s
h1 full   curl_cffi        131072 B c=150 round=2/3    3044.8 req/s
h1 stream niquests         131072 B c= 50 round=2/3    1449.0 req/s
h1 full   wreq_blocking   2097152 B c=150 round=2/3     875.2 req/s
h1 full   aiohttp         4194304 B c=150 round=2/3     356.8 req/s
h1 full   wreq_st           10240 B c=150 round=2/3   38950.9 req/s
h1 full   pyreqwest_st      10240 B c= 50 round=2/3    4368.9 req/s
h1 stream wreq_st         1048576 B c= 50 round=2/3     632.8 req/s
h1 stream httpx             10240 B c= 10 round=2/3    1282.8 req/s
h1 full   pycurl          4194304 B c=150 round=2/3     108.3 req/s
h1 stream wreq_blocking    131072 B c= 10 round=2/3     521.3 req/s
h1 full   pyreqwest_mt       1024 B c= 50 round=2/3    7959.8 req/s
h1 stream pyreqwest_st      65536 B c=100 round=2/3    1364.9 req/s
h1 full   requests        4194304 B c= 10 round=2/3      54.3 req/s
h1 stream curl_cffi        131072 B c= 10 round=2/3    2122.7 req/s
h1 full   ry_blocking        1024 B c= 50 round=2/3    7795.3 req/s
h1 full   ry_blocking       65536 B c=150 round=2/3    6757.3 req/s
h1 full   curl_cffi          1024 B c= 10 round=2/3    5863.3 req/s
h1 stream requests         131072 B c=100 round=2/3     615.5 req/s
h1 full   httpx           2097152 B c=100 round=2/3     149.8 req/s
h1 full   niquests         131072 B c=150 round=2/3    1787.6 req/s
h1 stream pycurl             1024 B c=100 round=2/3    6092.6 req/s
h1 stream niquests_blocking   131072 B c=150 round=2/3     625.7 req/s
h1 stream curl_cffi       2097152 B c= 50 round=2/3     252.6 req/s
h1 stream pyreqwest_st       1024 B c= 50 round=2/3    2444.2 req/s
h1 stream pycurl             1024 B c= 10 round=2/3    6901.5 req/s
h1 full   wreq_st           65536 B c= 50 round=2/3   19665.8 req/s
h1 stream wreq_st           10240 B c= 50 round=2/3   18968.6 req/s
h1 stream requests           1024 B c= 50 round=2/3    1297.4 req/s
h1 stream wreq             131072 B c=100 round=2/3   15947.6 req/s
h1 full   curl_cffi_blocking   131072 B c=100 round=2/3     468.8 req/s
h1 stream httpx_blocking    10240 B c=100 round=2/3    1470.6 req/s
h1 full   requests         131072 B c=150 round=2/3     752.2 req/s
h1 stream httpx_blocking  4194304 B c= 50 round=2/3      45.6 req/s
h1 stream pyreqwest_st    2097152 B c=150 round=2/3     285.0 req/s
h1 stream ry_blocking      131072 B c= 50 round=2/3    3212.7 req/s
h1 stream curl_cffi         10240 B c=150 round=2/3    4367.6 req/s
h1 stream pycurl             1024 B c= 50 round=2/3    6625.2 req/s
h1 stream curl_cffi         65536 B c= 10 round=2/3    2549.6 req/s
h1 full   wreq              65536 B c= 10 round=2/3   23218.8 req/s
h1 full   ry                65536 B c=100 round=2/3    2819.4 req/s
h1 stream wreq_st         2097152 B c= 10 round=2/3     394.2 req/s
h1 stream niquests_blocking     1024 B c= 50 round=2/3    1397.3 req/s
h1 full   httpx_blocking  2097152 B c=100 round=2/3      95.3 req/s
h1 full   ry              4194304 B c=100 round=2/3     623.5 req/s
h1 full   requests          10240 B c=100 round=2/3    1330.5 req/s
h1 full   pyreqwest_st    4194304 B c=150 round=2/3     315.0 req/s
h1 full   requests           1024 B c=150 round=2/3    1349.0 req/s
h1 full   niquests        2097152 B c= 10 round=2/3     421.0 req/s
h1 full   httpx             65536 B c=150 round=2/3     722.2 req/s
h1 full   requests           1024 B c=100 round=2/3    1377.6 req/s
h1 full   curl_cffi       2097152 B c=150 round=2/3     341.0 req/s
h1 stream aiohttp         4194304 B c= 10 round=2/3     400.7 req/s
h1 full   niquests_blocking   131072 B c=150 round=2/3     773.2 req/s
h1 full   httpx_blocking   131072 B c=150 round=2/3     817.8 req/s
h1 stream aiohttp            1024 B c= 50 round=2/3    8168.0 req/s
h1 stream requests        1048576 B c=150 round=2/3     155.0 req/s
h1 stream niquests_blocking     1024 B c= 10 round=2/3    1396.3 req/s
h1 stream ry_blocking     2097152 B c=150 round=2/3     943.6 req/s
h1 full   wreq              65536 B c=100 round=2/3   47305.0 req/s
h1 stream niquests        4194304 B c= 50 round=2/3     217.0 req/s
h1 full   requests        2097152 B c= 10 round=2/3     105.0 req/s
h1 stream ry_blocking        1024 B c= 50 round=2/3    5024.3 req/s
h1 full   ry               131072 B c= 50 round=2/3    2721.5 req/s
h1 full   httpx_blocking    10240 B c=100 round=2/3    1713.8 req/s
h1 full   ry_blocking      131072 B c= 10 round=2/3    8608.2 req/s
h1 stream niquests        1048576 B c= 50 round=2/3     555.3 req/s
h1 full   curl_cffi         65536 B c= 50 round=2/3    4663.2 req/s
h1 full   ry_blocking       10240 B c= 50 round=2/3    7824.2 req/s
h1 full   niquests         131072 B c= 50 round=2/3    1786.0 req/s
h1 stream curl_cffi_blocking   131072 B c= 10 round=2/3     429.3 req/s
h1 full   requests        2097152 B c=150 round=2/3     103.5 req/s
h1 stream curl_cffi_blocking  1048576 B c= 10 round=2/3     179.6 req/s
h1 stream aiohttp         1048576 B c= 10 round=2/3    1022.2 req/s
h1 full   ry_blocking      131072 B c= 50 round=2/3    7438.6 req/s
h1 stream wreq            2097152 B c= 10 round=2/3    2321.1 req/s
h1 full   wreq            4194304 B c= 50 round=2/3    1012.7 req/s
h1 full   requests        4194304 B c=100 round=2/3      54.6 req/s
h1 stream aiohttp           10240 B c=100 round=2/3    7788.3 req/s
h1 stream httpx_blocking     1024 B c= 50 round=2/3    1508.8 req/s
h1 stream httpx_blocking  1048576 B c= 50 round=2/3     140.9 req/s
h1 full   httpx_blocking     1024 B c=100 round=2/3    1743.8 req/s
h1 stream requests        2097152 B c= 10 round=2/3      93.3 req/s
h1 stream curl_cffi          1024 B c= 50 round=2/3    4563.0 req/s
h1 stream requests           1024 B c= 10 round=2/3    1318.8 req/s
h1 stream pyreqwest_mt    1048576 B c= 10 round=2/3     479.5 req/s
h1 full   niquests_blocking    10240 B c=150 round=2/3    1418.2 req/s
h1 stream niquests           1024 B c= 10 round=2/3    2168.4 req/s
h1 stream curl_cffi_blocking    10240 B c=150 round=2/3     517.6 req/s
h1 stream pyreqwest_st     131072 B c= 10 round=2/3    1371.0 req/s
h1 full   pycurl          1048576 B c=150 round=2/3     417.5 req/s
h1 stream wreq               1024 B c=150 round=2/3   28699.2 req/s
h1 stream httpx             65536 B c=150 round=2/3     470.9 req/s
h1 stream aiohttp         2097152 B c= 50 round=2/3     793.5 req/s
h1 stream pyreqwest_st     131072 B c=150 round=2/3    1323.2 req/s
h1 stream httpx_blocking    10240 B c= 50 round=2/3    1518.3 req/s
h1 stream aiohttp         2097152 B c=100 round=2/3     777.4 req/s
h1 stream aiohttp           10240 B c= 10 round=2/3    6819.2 req/s
h1 full   pyreqwest_st      10240 B c=100 round=2/3    4149.7 req/s
h1 full   curl_cffi       1048576 B c= 50 round=2/3     678.9 req/s
h1 full   niquests_blocking    10240 B c= 50 round=2/3    1542.1 req/s
h1 stream wreq_blocking    131072 B c=150 round=2/3     512.6 req/s
h1 full   pyreqwest_st    1048576 B c= 50 round=2/3    1039.1 req/s
h1 stream curl_cffi_blocking     1024 B c=100 round=2/3     526.8 req/s
h1 full   curl_cffi        131072 B c= 50 round=2/3    3524.4 req/s
h1 full   curl_cffi_blocking    10240 B c=100 round=2/3     559.1 req/s
h1 stream pycurl            65536 B c=100 round=2/3    2397.5 req/s
h1 stream niquests_blocking  2097152 B c=100 round=2/3      92.4 req/s
h1 full   curl_cffi_blocking    65536 B c= 10 round=2/3     515.2 req/s
h1 stream ry_blocking        1024 B c=100 round=2/3    4915.9 req/s
h1 full   wreq            1048576 B c=100 round=2/3    4162.4 req/s
h1 stream pyreqwest_mt       1024 B c= 10 round=2/3    2877.3 req/s
h1 full   pycurl            10240 B c= 10 round=2/3   13242.7 req/s
h1 stream ry              1048576 B c= 10 round=2/3     337.2 req/s
h1 full   niquests          65536 B c=100 round=2/3    2117.5 req/s
h1 stream requests          65536 B c=100 round=2/3     751.4 req/s
h1 stream pyreqwest_mt    1048576 B c=150 round=2/3     585.1 req/s
h1 stream aiohttp         2097152 B c=150 round=2/3     785.2 req/s
h1 stream wreq_blocking   4194304 B c=150 round=2/3     255.9 req/s
h1 stream wreq_st           65536 B c=100 round=2/3    6429.9 req/s
h1 stream pyreqwest_st      10240 B c=150 round=2/3    2457.7 req/s
h1 full   ry_blocking     4194304 B c= 50 round=2/3     956.6 req/s
h1 stream ry                 1024 B c=100 round=2/3    1713.0 req/s
h1 full   httpx_blocking    65536 B c= 50 round=2/3    1140.3 req/s
h1 stream httpx_blocking    65536 B c= 10 round=2/3     782.5 req/s
h1 stream wreq_blocking     10240 B c= 10 round=2/3     553.9 req/s
h1 full   niquests           1024 B c= 10 round=2/3    2372.2 req/s
h1 full   wreq              10240 B c= 10 round=2/3   26343.1 req/s
h1 full   httpx             65536 B c= 50 round=2/3     773.8 req/s
h1 full   httpx_blocking     1024 B c= 10 round=2/3    1829.4 req/s
h1 stream ry_blocking     2097152 B c=100 round=2/3     975.2 req/s
h1 stream niquests_blocking  4194304 B c= 10 round=2/3      50.3 req/s
h1 full   httpx           1048576 B c=100 round=2/3     229.2 req/s
h1 stream pycurl          1048576 B c=150 round=2/3     280.0 req/s
h1 stream curl_cffi_blocking   131072 B c=150 round=2/3     430.8 req/s
h1 full   httpx             10240 B c= 50 round=2/3     895.6 req/s
h1 full   curl_cffi_blocking    65536 B c=100 round=2/3     514.5 req/s
h1 stream requests        4194304 B c=150 round=2/3      50.8 req/s
h1 stream httpx           4194304 B c= 10 round=2/3     158.1 req/s
h1 full   pycurl            10240 B c= 50 round=2/3   11455.9 req/s
h1 full   wreq_blocking   2097152 B c= 10 round=2/3     992.2 req/s
h1 full   pyreqwest_st      10240 B c= 10 round=2/3    4401.0 req/s
h1 full   requests        1048576 B c= 10 round=2/3     195.5 req/s
h1 full   niquests_blocking  1048576 B c=100 round=2/3     192.4 req/s
h1 full   curl_cffi_blocking   131072 B c=150 round=2/3     468.7 req/s
h1 full   ry              2097152 B c= 10 round=2/3     966.4 req/s
h1 full   curl_cffi_blocking  4194304 B c=100 round=2/3      84.0 req/s
h1 full   aiohttp          131072 B c= 10 round=2/3    6016.3 req/s
h1 stream pyreqwest_st    2097152 B c= 50 round=2/3     288.4 req/s
h1 stream pycurl          2097152 B c= 50 round=2/3     155.6 req/s
h1 stream curl_cffi       4194304 B c= 50 round=2/3     135.2 req/s
h1 stream ry              4194304 B c= 10 round=2/3     249.6 req/s
h1 stream wreq            1048576 B c=100 round=2/3    3842.7 req/s
h1 stream pyreqwest_st    1048576 B c=100 round=2/3     392.1 req/s
h1 full   curl_cffi       4194304 B c= 10 round=2/3     176.8 req/s
h1 stream pyreqwest_st      10240 B c= 10 round=2/3    2558.7 req/s
h1 full   ry              4194304 B c= 50 round=2/3     635.2 req/s
h1 full   httpx           2097152 B c=150 round=2/3     139.4 req/s
h1 full   httpx             10240 B c= 10 round=2/3    1454.1 req/s
h1 full   requests          65536 B c= 50 round=2/3     976.2 req/s
h1 full   wreq_st         2097152 B c=150 round=2/3     575.6 req/s
h1 full   wreq_blocking   4194304 B c= 10 round=2/3     569.1 req/s
h1 full   httpx_blocking  2097152 B c=150 round=2/3      98.1 req/s
h1 full   ry              2097152 B c= 50 round=2/3    1024.7 req/s
h1 stream requests        4194304 B c= 10 round=2/3      50.8 req/s
h1 stream niquests         131072 B c=150 round=2/3    1313.6 req/s
h1 stream requests          10240 B c= 50 round=2/3    1292.7 req/s
h1 stream wreq_blocking   4194304 B c= 50 round=2/3     258.0 req/s
h1 stream ry                65536 B c= 50 round=2/3    1063.3 req/s
h1 stream ry                 1024 B c=150 round=2/3    1770.1 req/s
h1 stream pyreqwest_mt      65536 B c= 50 round=2/3    1759.5 req/s
h1 full   ry              1048576 B c=150 round=2/3    1605.8 req/s
h1 stream pycurl          4194304 B c=150 round=2/3      83.0 req/s
h1 stream wreq_blocking      1024 B c=150 round=2/3     547.9 req/s
h1 full   niquests        1048576 B c= 50 round=2/3     718.1 req/s
h1 full   requests        1048576 B c= 50 round=2/3     189.9 req/s
h1 stream ry_blocking     4194304 B c= 50 round=2/3     746.1 req/s
h1 stream pyreqwest_st    2097152 B c= 10 round=2/3     293.5 req/s
h1 full   curl_cffi          1024 B c=100 round=2/3    5285.6 req/s
h1 stream wreq_blocking    131072 B c= 50 round=2/3     518.9 req/s
h1 full   wreq            1048576 B c= 10 round=2/3    4982.6 req/s
h1 stream httpx            131072 B c=100 round=2/3     432.6 req/s
h1 full   pycurl          2097152 B c=100 round=2/3     215.2 req/s
h1 full   pyreqwest_st    2097152 B c= 50 round=2/3     592.4 req/s
h1 full   niquests_blocking  4194304 B c= 50 round=2/3      54.2 req/s
h1 full   ry               131072 B c=100 round=2/3    2728.8 req/s
h1 stream ry_blocking        1024 B c= 10 round=2/3    5464.6 req/s
h1 stream curl_cffi_blocking    10240 B c= 10 round=2/3     523.0 req/s
h1 stream pycurl             1024 B c=150 round=2/3    5811.8 req/s
h1 full   pycurl          2097152 B c= 10 round=2/3     214.6 req/s
h1 full   pycurl          1048576 B c= 10 round=2/3     415.6 req/s
h1 full   wreq             131072 B c= 10 round=2/3   20320.9 req/s
h1 full   httpx_blocking     1024 B c=150 round=2/3    1699.1 req/s
h1 full   wreq_st         4194304 B c=150 round=2/3     299.5 req/s
h1 full   wreq               1024 B c=150 round=2/3   75242.5 req/s
h1 stream niquests           1024 B c=100 round=2/3    2303.0 req/s
h1 stream niquests_blocking  1048576 B c=150 round=2/3     156.7 req/s
h1 full   wreq_st           10240 B c= 10 round=2/3   27231.1 req/s
h1 stream niquests_blocking  2097152 B c= 50 round=2/3      92.8 req/s
h1 stream wreq              10240 B c= 10 round=2/3   17348.3 req/s
h1 full   wreq_blocking     10240 B c= 50 round=2/3    3655.5 req/s
h1 full   ry_blocking        1024 B c=100 round=2/3    7556.4 req/s
h1 stream curl_cffi          1024 B c= 10 round=2/3    3545.5 req/s
h1 stream niquests        2097152 B c= 10 round=2/3     382.9 req/s
h1 full   wreq_blocking      1024 B c=150 round=2/3    3339.5 req/s
h1 full   ry_blocking     4194304 B c=100 round=2/3     919.3 req/s
h1 full   niquests_blocking  1048576 B c=150 round=2/3     189.7 req/s
h1 stream wreq_blocking    131072 B c=100 round=2/3     514.7 req/s
h1 full   pyreqwest_st       1024 B c= 50 round=2/3    4423.8 req/s
h1 full   curl_cffi_blocking    65536 B c= 50 round=2/3     519.1 req/s
h1 stream ry_blocking        1024 B c=150 round=2/3    4550.9 req/s
h1 stream pyreqwest_st    4194304 B c=150 round=2/3     181.9 req/s
h1 stream niquests        4194304 B c=150 round=2/3     206.7 req/s
h1 full   niquests_blocking  2097152 B c= 10 round=2/3     106.5 req/s
h1 stream pycurl          2097152 B c=100 round=2/3     154.3 req/s
h1 full   pyreqwest_st    2097152 B c=150 round=2/3     575.5 req/s
h1 stream niquests        4194304 B c=100 round=2/3     208.4 req/s
h1 full   pyreqwest_mt    1048576 B c= 10 round=2/3    3265.2 req/s
h1 full   curl_cffi          1024 B c=150 round=2/3    6901.6 req/s
h1 full   aiohttp            1024 B c= 10 round=2/3    8260.7 req/s
h1 stream pyreqwest_mt    4194304 B c= 50 round=2/3     418.4 req/s
h1 stream pycurl            10240 B c= 50 round=2/3    6470.2 req/s
h1 stream wreq_st            1024 B c=150 round=2/3   16766.2 req/s
h1 full   curl_cffi_blocking   131072 B c= 10 round=2/3     476.4 req/s
h1 stream curl_cffi         10240 B c= 10 round=2/3    3614.1 req/s
h1 full   pyreqwest_mt      10240 B c=100 round=2/3    7960.7 req/s
h1 full   httpx           4194304 B c=100 round=2/3      85.9 req/s
h1 stream curl_cffi_blocking     1024 B c= 50 round=2/3     528.8 req/s
h1 full   niquests_blocking  1048576 B c= 10 round=2/3     194.1 req/s
h1 stream niquests_blocking    65536 B c=150 round=2/3     710.8 req/s
h1 stream ry               131072 B c=150 round=2/3    1090.4 req/s
h1 stream pycurl           131072 B c=150 round=2/3    1727.9 req/s
h1 stream curl_cffi         10240 B c=100 round=2/3    4423.5 req/s
h1 stream ry_blocking     1048576 B c=150 round=2/3    1115.0 req/s
h1 full   curl_cffi         10240 B c=150 round=2/3    5919.8 req/s
h1 full   ry_blocking     1048576 B c=100 round=2/3    3672.5 req/s
h1 stream ry              1048576 B c=100 round=2/3     401.6 req/s
h1 full   curl_cffi_blocking  1048576 B c=150 round=2/3     240.4 req/s
h1 full   ry                 1024 B c=150 round=2/3    3023.8 req/s
h1 stream curl_cffi        131072 B c= 50 round=2/3    2384.1 req/s
h1 stream wreq_blocking   4194304 B c= 10 round=2/3     256.8 req/s
h1 stream ry              2097152 B c= 50 round=2/3     343.8 req/s
h1 stream httpx            131072 B c= 10 round=2/3    1117.0 req/s
h1 full   ry                65536 B c= 10 round=2/3    2491.6 req/s
h1 full   wreq            4194304 B c= 10 round=2/3    1119.9 req/s
h1 stream httpx           1048576 B c= 10 round=2/3     361.2 req/s
h1 full   niquests_blocking    65536 B c= 50 round=2/3    1035.6 req/s
h1 full   wreq_blocking     65536 B c=100 round=2/3    3231.6 req/s
h1 stream curl_cffi_blocking   131072 B c= 50 round=2/3     432.5 req/s
h1 full   wreq_blocking   4194304 B c= 50 round=2/3     533.2 req/s
h1 full   httpx_blocking  4194304 B c=150 round=2/3      50.7 req/s
h1 full   httpx_blocking  1048576 B c=150 round=2/3     184.9 req/s
h1 full   wreq_st          131072 B c=150 round=2/3    7549.3 req/s
h1 stream pyreqwest_mt    4194304 B c= 10 round=2/3     371.1 req/s
h1 stream httpx            131072 B c=150 round=2/3     411.1 req/s
h1 stream pyreqwest_mt      65536 B c=100 round=2/3    1833.4 req/s
h1 full   wreq_st          131072 B c=100 round=2/3    8385.0 req/s
h1 stream niquests        2097152 B c=100 round=2/3     380.5 req/s
h1 stream niquests          10240 B c=100 round=2/3    2204.4 req/s
h1 stream httpx           1048576 B c=100 round=2/3     181.4 req/s
h1 full   curl_cffi       1048576 B c=100 round=2/3     663.2 req/s
h1 full   httpx_blocking    10240 B c= 10 round=2/3    1812.8 req/s
h1 full   wreq              10240 B c=150 round=2/3   76671.1 req/s
h1 full   wreq_blocking      1024 B c=100 round=2/3    3380.1 req/s
h1 stream httpx_blocking  4194304 B c=100 round=2/3      45.2 req/s
h1 stream pyreqwest_mt     131072 B c= 10 round=2/3    1452.1 req/s
h1 full   wreq               1024 B c= 10 round=2/3   24954.4 req/s
h1 full   pyreqwest_mt       1024 B c=150 round=2/3    8216.7 req/s
h1 full   niquests          10240 B c=150 round=2/3    2394.6 req/s
h1 stream curl_cffi       4194304 B c=150 round=2/3     131.6 req/s
h1 stream ry_blocking       10240 B c=100 round=2/3    4860.8 req/s
h1 stream pycurl            65536 B c= 50 round=2/3    2465.0 req/s
h1 full   aiohttp           65536 B c= 10 round=2/3    7535.2 req/s
h1 stream httpx           4194304 B c=100 round=2/3      87.3 req/s
h1 full   niquests_blocking    65536 B c= 10 round=2/3    1076.2 req/s
h1 stream niquests         131072 B c= 10 round=2/3    1470.5 req/s
h1 full   curl_cffi         10240 B c= 50 round=2/3    6878.7 req/s
h1 full   pyreqwest_mt    2097152 B c=100 round=2/3    1844.5 req/s
h1 stream requests          10240 B c=150 round=2/3    1225.6 req/s
h1 full   pyreqwest_st     131072 B c= 10 round=2/3    3562.3 req/s
h1 stream httpx           4194304 B c= 50 round=2/3     134.1 req/s
h1 stream pyreqwest_st      10240 B c=100 round=2/3    2447.0 req/s
h1 full   wreq_st         4194304 B c=100 round=2/3     313.3 req/s
h1 full   ry_blocking     2097152 B c=150 round=2/3    1802.3 req/s
h1 full   httpx           1048576 B c= 50 round=2/3     279.1 req/s
h1 stream niquests_blocking  1048576 B c=100 round=2/3     155.1 req/s
h1 stream wreq_blocking      1024 B c=100 round=2/3     556.2 req/s
h1 stream pyreqwest_mt       1024 B c= 50 round=2/3    3444.3 req/s
h1 full   httpx_blocking     1024 B c=150 round=3/3    1700.0 req/s
h1 full   pyreqwest_mt    4194304 B c=100 round=3/3     880.3 req/s
h1 stream wreq_blocking      1024 B c=100 round=3/3     556.1 req/s
h1 stream curl_cffi        131072 B c=150 round=3/3    2210.8 req/s
h1 full   pyreqwest_st     131072 B c= 10 round=3/3    3430.6 req/s
h1 stream niquests          65536 B c= 50 round=3/3    1772.0 req/s
h1 stream wreq_blocking    131072 B c= 10 round=3/3     523.5 req/s
h1 stream aiohttp          131072 B c=100 round=3/3    4680.5 req/s
h1 full   httpx            131072 B c=150 round=3/3     612.7 req/s
h1 full   ry_blocking     2097152 B c= 10 round=3/3    2003.3 req/s
h1 stream ry_blocking       10240 B c= 50 round=3/3    5012.2 req/s
h1 stream pyreqwest_st      10240 B c= 50 round=3/3    2487.2 req/s
h1 stream requests           1024 B c=150 round=3/3    1219.8 req/s
h1 full   wreq_blocking   4194304 B c= 10 round=3/3     568.5 req/s
h1 stream ry                65536 B c=150 round=3/3    1108.5 req/s
h1 full   pyreqwest_st    2097152 B c= 10 round=3/3     555.6 req/s
h1 stream curl_cffi       1048576 B c= 50 round=3/3     450.0 req/s
h1 full   curl_cffi       1048576 B c= 10 round=3/3     674.4 req/s
h1 full   ry_blocking        1024 B c= 10 round=3/3    8729.1 req/s
h1 stream pyreqwest_mt       1024 B c=150 round=3/3    3564.4 req/s
h1 full   niquests        1048576 B c= 10 round=3/3     726.3 req/s
h1 stream wreq_st         4194304 B c=100 round=3/3     208.7 req/s
h1 stream pyreqwest_st       1024 B c=100 round=3/3    2550.9 req/s
h1 full   curl_cffi       2097152 B c=100 round=3/3     352.5 req/s
h1 full   pycurl            10240 B c=100 round=3/3   10259.1 req/s
h1 full   httpx            131072 B c= 10 round=3/3    1257.1 req/s
h1 full   niquests        1048576 B c=100 round=3/3     719.8 req/s
h1 stream pycurl            10240 B c=150 round=3/3    5751.2 req/s
h1 full   wreq_blocking    131072 B c= 50 round=3/3    3343.1 req/s
h1 stream wreq            4194304 B c=100 round=3/3     952.8 req/s
h1 stream niquests        1048576 B c= 10 round=3/3     531.4 req/s
h1 full   requests        2097152 B c=100 round=3/3     104.7 req/s
h1 full   wreq               1024 B c= 10 round=3/3   29663.5 req/s
h1 stream niquests         131072 B c=100 round=3/3    1464.7 req/s
h1 stream aiohttp         4194304 B c=100 round=3/3     432.0 req/s
h1 full   niquests          10240 B c= 10 round=3/3    2306.2 req/s
h1 full   wreq              65536 B c= 50 round=3/3   45389.9 req/s
h1 full   pyreqwest_st      65536 B c=100 round=3/3    3816.8 req/s
h1 stream ry_blocking       10240 B c=150 round=3/3    4588.9 req/s
h1 stream ry                65536 B c= 50 round=3/3    1080.7 req/s
h1 full   curl_cffi       2097152 B c= 50 round=3/3     361.0 req/s
h1 full   niquests        1048576 B c=150 round=3/3     745.2 req/s
h1 full   wreq_blocking     65536 B c= 50 round=3/3    3420.1 req/s
h1 full   httpx            131072 B c=100 round=3/3     607.8 req/s
h1 stream curl_cffi          1024 B c=100 round=3/3    4476.7 req/s
h1 stream niquests_blocking     1024 B c=100 round=3/3    1338.4 req/s
h1 full   aiohttp           65536 B c= 50 round=3/3    8376.9 req/s
h1 full   curl_cffi_blocking  1048576 B c=150 round=3/3     241.6 req/s
h1 stream wreq               1024 B c= 10 round=3/3   17252.8 req/s
h1 full   aiohttp         4194304 B c=100 round=3/3     381.1 req/s
h1 stream requests        2097152 B c= 50 round=3/3      92.0 req/s
h1 full   pyreqwest_mt     131072 B c=100 round=3/3    7539.6 req/s
h1 full   pyreqwest_mt    2097152 B c=100 round=3/3    1895.6 req/s
h1 stream pyreqwest_mt      65536 B c=150 round=3/3    1867.5 req/s
h1 full   aiohttp         2097152 B c=150 round=3/3     778.4 req/s
h1 stream niquests_blocking    65536 B c= 50 round=3/3     787.7 req/s
h1 full   wreq_blocking     65536 B c=150 round=3/3    3003.9 req/s
h1 stream pyreqwest_mt    4194304 B c=100 round=3/3     421.3 req/s
h1 stream httpx_blocking  2097152 B c= 10 round=3/3      82.7 req/s
h1 stream pyreqwest_mt      65536 B c=100 round=3/3    1850.0 req/s
h1 full   curl_cffi_blocking  4194304 B c= 10 round=3/3      85.4 req/s
h1 full   niquests          65536 B c=100 round=3/3    2092.2 req/s
h1 stream pyreqwest_mt    2097152 B c=100 round=3/3     516.6 req/s
h1 full   niquests        2097152 B c=150 round=3/3     440.2 req/s
h1 full   niquests_blocking   131072 B c=150 round=3/3     773.7 req/s
h1 stream pyreqwest_st    2097152 B c=150 round=3/3     285.4 req/s
h1 stream pyreqwest_st    4194304 B c=150 round=3/3     176.8 req/s
h1 stream curl_cffi       4194304 B c= 50 round=3/3     138.9 req/s
h1 stream wreq            2097152 B c= 10 round=3/3    2249.4 req/s
h1 full   ry              2097152 B c=100 round=3/3     989.5 req/s
h1 stream ry              1048576 B c=150 round=3/3     401.7 req/s
h1 full   pyreqwest_st      65536 B c=150 round=3/3    3646.3 req/s
h1 stream pycurl             1024 B c= 10 round=3/3    6780.1 req/s
h1 full   wreq_st         2097152 B c=100 round=3/3     575.2 req/s
h1 stream ry_blocking        1024 B c=150 round=3/3    4642.9 req/s
h1 full   pyreqwest_mt    4194304 B c=150 round=3/3     803.5 req/s
h1 full   requests          10240 B c= 10 round=3/3    1454.7 req/s
h1 stream wreq_st         2097152 B c= 10 round=3/3     386.7 req/s
h1 stream wreq_st         4194304 B c=150 round=3/3     202.9 req/s
h1 stream niquests          10240 B c=150 round=3/3    2252.0 req/s
h1 full   wreq             131072 B c= 10 round=3/3   19171.0 req/s
h1 full   wreq_st         1048576 B c=150 round=3/3    1031.6 req/s
h1 full   pycurl          4194304 B c= 10 round=3/3     107.4 req/s
h1 full   pyreqwest_mt    2097152 B c= 50 round=3/3    1947.3 req/s
h1 full   curl_cffi       4194304 B c= 50 round=3/3     186.5 req/s
h1 full   curl_cffi       1048576 B c=100 round=3/3     666.9 req/s
h1 full   wreq_blocking     65536 B c=100 round=3/3    3305.6 req/s
h1 stream wreq_blocking   4194304 B c=150 round=3/3     254.4 req/s
h1 stream ry                 1024 B c= 50 round=3/3    1715.5 req/s
h1 stream httpx_blocking    10240 B c=100 round=3/3    1476.5 req/s
h1 full   niquests_blocking    10240 B c= 10 round=3/3    1530.0 req/s
h1 full   ry                 1024 B c=150 round=3/3    3046.9 req/s
h1 stream curl_cffi_blocking  1048576 B c= 10 round=3/3     178.9 req/s
h1 stream pycurl           131072 B c=150 round=3/3    1733.1 req/s
h1 full   wreq_blocking      1024 B c=100 round=3/3    3417.3 req/s
h1 full   requests          65536 B c=150 round=3/3     950.8 req/s
h1 stream ry_blocking     2097152 B c= 10 round=3/3    1021.9 req/s
h1 full   niquests_blocking  2097152 B c=100 round=3/3     103.8 req/s
h1 full   ry_blocking     1048576 B c= 10 round=3/3    5185.0 req/s
h1 full   curl_cffi_blocking  1048576 B c= 50 round=3/3     233.3 req/s
h1 stream wreq            2097152 B c= 50 round=3/3    2011.8 req/s
h1 stream ry_blocking     2097152 B c=150 round=3/3     934.4 req/s
h1 full   niquests_blocking     1024 B c= 50 round=3/3    1494.9 req/s
h1 stream aiohttp         4194304 B c= 10 round=3/3     422.6 req/s
h1 full   pyreqwest_mt    1048576 B c= 50 round=3/3    3433.0 req/s
h1 full   pycurl            65536 B c= 50 round=3/3    4346.7 req/s
h1 full   niquests           1024 B c= 10 round=3/3    2403.7 req/s
h1 stream curl_cffi       2097152 B c=150 round=3/3     236.4 req/s
h1 stream httpx_blocking     1024 B c=150 round=3/3    1376.8 req/s
h1 full   httpx_blocking  2097152 B c= 50 round=3/3      96.7 req/s
h1 full   ry               131072 B c= 50 round=3/3    2772.0 req/s
h1 stream pyreqwest_st    1048576 B c= 10 round=3/3     402.3 req/s
h1 stream httpx_blocking    10240 B c= 10 round=3/3    1528.7 req/s
h1 full   pycurl          2097152 B c=100 round=3/3     213.1 req/s
h1 stream wreq_blocking      1024 B c=150 round=3/3     547.2 req/s
h1 full   wreq              10240 B c= 50 round=3/3   90829.6 req/s
h1 stream ry_blocking        1024 B c=100 round=3/3    4759.7 req/s
h1 stream niquests          10240 B c= 10 round=3/3    2140.9 req/s
h1 stream niquests          65536 B c= 10 round=3/3    1838.3 req/s
h1 stream pyreqwest_mt      10240 B c= 50 round=3/3    3404.6 req/s
h1 stream pyreqwest_st     131072 B c=150 round=3/3    1353.0 req/s
h1 stream pycurl          4194304 B c= 50 round=3/3      82.8 req/s
h1 full   niquests        4194304 B c=100 round=3/3     232.9 req/s
h1 stream wreq_blocking   2097152 B c= 10 round=3/3     324.8 req/s
h1 full   pycurl             1024 B c=100 round=3/3   10623.6 req/s
h1 stream wreq_blocking    131072 B c= 50 round=3/3     527.1 req/s
h1 stream niquests           1024 B c=100 round=3/3    2198.0 req/s
h1 full   pycurl          1048576 B c=100 round=3/3     417.3 req/s
h1 stream pyreqwest_mt    4194304 B c= 10 round=3/3     371.2 req/s
h1 stream httpx              1024 B c= 50 round=3/3     763.9 req/s
h1 full   wreq_blocking   2097152 B c= 10 round=3/3     999.6 req/s
h1 full   httpx           2097152 B c=150 round=3/3     136.2 req/s
h1 full   curl_cffi_blocking    65536 B c=150 round=3/3     507.0 req/s
h1 full   wreq_st         1048576 B c= 50 round=3/3    1134.0 req/s
h1 stream ry                 1024 B c=100 round=3/3    1765.2 req/s
h1 full   curl_cffi         10240 B c= 10 round=3/3    5668.4 req/s
h1 full   wreq_blocking     10240 B c= 50 round=3/3    3602.3 req/s
h1 stream pycurl          1048576 B c=100 round=3/3     277.9 req/s
h1 full   httpx_blocking  2097152 B c=150 round=3/3      97.5 req/s
h1 stream niquests_blocking   131072 B c= 10 round=3/3     662.9 req/s
h1 full   curl_cffi_blocking  1048576 B c= 10 round=3/3     232.6 req/s
h1 stream curl_cffi       4194304 B c= 10 round=3/3     135.8 req/s
h1 stream pyreqwest_mt     131072 B c=150 round=3/3    1833.8 req/s
h1 stream pyreqwest_mt    1048576 B c=150 round=3/3     580.8 req/s
h1 full   wreq_st           65536 B c=150 round=3/3   15684.8 req/s
h1 full   wreq            2097152 B c= 50 round=3/3    2068.3 req/s
h1 stream httpx_blocking  1048576 B c=150 round=3/3     141.9 req/s
h1 stream niquests          10240 B c= 50 round=3/3    2163.3 req/s
h1 stream httpx_blocking  2097152 B c=150 round=3/3      84.9 req/s
h1 full   pycurl           131072 B c=150 round=3/3    2520.0 req/s
h1 full   requests          10240 B c=150 round=3/3    1348.1 req/s
h1 full   wreq            4194304 B c= 50 round=3/3    1010.5 req/s
h1 stream httpx_blocking   131072 B c=150 round=3/3     609.7 req/s
h1 stream niquests_blocking  1048576 B c= 10 round=3/3     157.4 req/s
h1 full   wreq              10240 B c=100 round=3/3   84072.9 req/s
h1 full   curl_cffi        131072 B c=150 round=3/3    3164.1 req/s
h1 stream requests        2097152 B c=100 round=3/3      93.5 req/s
h1 full   wreq_st         4194304 B c= 10 round=3/3     348.8 req/s
h1 stream niquests        2097152 B c= 50 round=3/3     372.5 req/s
h1 full   pyreqwest_mt      65536 B c=150 round=3/3    7055.3 req/s
h1 stream wreq            4194304 B c=150 round=3/3     868.3 req/s
h1 full   pyreqwest_mt    2097152 B c=150 round=3/3    1724.4 req/s
h1 full   ry_blocking        1024 B c=150 round=3/3    6782.1 req/s
h1 stream wreq_blocking   2097152 B c=100 round=3/3     312.3 req/s
h1 stream niquests_blocking   131072 B c=150 round=3/3     624.3 req/s
h1 full   wreq            4194304 B c=100 round=3/3     958.0 req/s
h1 stream pycurl            10240 B c=100 round=3/3    5733.4 req/s
h1 stream httpx            131072 B c= 50 round=3/3     489.8 req/s
h1 full   curl_cffi_blocking     1024 B c=100 round=3/3     561.0 req/s
h1 stream wreq            2097152 B c=100 round=3/3    1824.7 req/s
h1 full   curl_cffi_blocking    65536 B c= 10 round=3/3     512.6 req/s
h1 full   httpx             65536 B c=150 round=3/3     724.4 req/s
h1 stream wreq              65536 B c= 10 round=3/3   12540.7 req/s
h1 stream pycurl          4194304 B c=100 round=3/3      81.9 req/s
h1 full   wreq_st          131072 B c= 10 round=3/3    9478.7 req/s
h1 stream pyreqwest_st     131072 B c=100 round=3/3    1335.8 req/s
h1 stream wreq_st            1024 B c=100 round=3/3   23638.6 req/s
h1 stream curl_cffi_blocking     1024 B c=100 round=3/3     526.2 req/s
h1 stream curl_cffi_blocking    65536 B c= 50 round=3/3     463.0 req/s
h1 full   ry                 1024 B c= 50 round=3/3    2864.4 req/s
h1 full   wreq            2097152 B c= 10 round=3/3    2574.0 req/s
h1 full   aiohttp          131072 B c= 10 round=3/3    6200.0 req/s
h1 full   ry_blocking      131072 B c= 10 round=3/3    8685.7 req/s
h1 full   pyreqwest_st    4194304 B c= 50 round=3/3     331.0 req/s
h1 stream pyreqwest_mt    4194304 B c= 50 round=3/3     410.1 req/s
h1 stream curl_cffi       2097152 B c= 50 round=3/3     260.3 req/s
h1 stream curl_cffi         10240 B c=100 round=3/3    4496.3 req/s
h1 full   aiohttp           65536 B c=150 round=3/3    7725.8 req/s
h1 full   aiohttp           10240 B c= 10 round=3/3    8119.0 req/s
h1 full   httpx_blocking    10240 B c=150 round=3/3    1714.4 req/s
h1 full   pycurl          4194304 B c=100 round=3/3     110.8 req/s
h1 stream curl_cffi_blocking    65536 B c=150 round=3/3     457.6 req/s
h1 full   pyreqwest_mt      65536 B c= 10 round=3/3    6622.3 req/s
h1 stream niquests_blocking  2097152 B c= 10 round=3/3      92.8 req/s
h1 stream wreq_blocking      1024 B c= 10 round=3/3     562.7 req/s
h1 full   niquests_blocking  1048576 B c=100 round=3/3     190.4 req/s
h1 full   wreq            2097152 B c=100 round=3/3    1968.7 req/s
h1 stream ry                10240 B c= 10 round=3/3    1458.1 req/s
h1 full   ry               131072 B c=100 round=3/3    2790.7 req/s
h1 stream wreq_st         1048576 B c=150 round=3/3     602.8 req/s
h1 full   niquests           1024 B c= 50 round=3/3    2434.2 req/s
h1 stream requests         131072 B c= 50 round=3/3     628.0 req/s
h1 stream pycurl             1024 B c= 50 round=3/3    6388.1 req/s
h1 full   curl_cffi_blocking     1024 B c= 10 round=3/3     561.7 req/s
h1 stream niquests        4194304 B c=100 round=3/3     203.8 req/s
h1 full   aiohttp         1048576 B c= 50 round=3/3    1472.3 req/s
h1 full   pyreqwest_mt      65536 B c= 50 round=3/3    7597.3 req/s
h1 stream curl_cffi         10240 B c= 10 round=3/3    3583.4 req/s
h1 stream aiohttp         2097152 B c=150 round=3/3     769.8 req/s
h1 full   httpx_blocking    10240 B c= 50 round=3/3    1797.8 req/s
h1 full   httpx_blocking  4194304 B c=150 round=3/3      50.7 req/s
h1 stream pycurl            10240 B c= 50 round=3/3    6517.9 req/s
h1 full   pyreqwest_mt     131072 B c= 50 round=3/3    7582.7 req/s
h1 stream aiohttp          131072 B c= 50 round=3/3    4775.5 req/s
h1 full   ry_blocking     2097152 B c= 50 round=3/3    2024.7 req/s
h1 stream ry                10240 B c=150 round=3/3    1751.8 req/s
h1 stream wreq_st           10240 B c= 50 round=3/3   20649.1 req/s
h1 stream aiohttp            1024 B c= 50 round=3/3    8069.7 req/s
h1 stream niquests_blocking   131072 B c= 50 round=3/3     650.8 req/s
h1 full   requests          10240 B c=100 round=3/3    1377.4 req/s
h1 stream httpx_blocking    65536 B c=150 round=3/3     751.2 req/s
h1 full   httpx           4194304 B c= 50 round=3/3     143.4 req/s
h1 stream curl_cffi       2097152 B c=100 round=3/3     249.3 req/s
h1 stream curl_cffi_blocking    65536 B c=100 round=3/3     462.7 req/s
h1 full   ry                65536 B c= 50 round=3/3    2711.6 req/s
h1 full   ry_blocking     4194304 B c= 10 round=3/3    1063.5 req/s
h1 full   curl_cffi       2097152 B c= 10 round=3/3     348.7 req/s
h1 full   aiohttp         4194304 B c= 10 round=3/3     394.6 req/s
h1 stream pyreqwest_st       1024 B c= 50 round=3/3    2740.6 req/s
h1 full   niquests          10240 B c=100 round=3/3    2395.0 req/s
h1 stream niquests_blocking  2097152 B c=100 round=3/3      91.8 req/s
h1 full   httpx_blocking  4194304 B c= 50 round=3/3      49.8 req/s
h1 stream aiohttp         2097152 B c= 10 round=3/3     789.1 req/s
h1 stream httpx_blocking   131072 B c=100 round=3/3     613.3 req/s
h1 full   httpx_blocking   131072 B c=150 round=3/3     815.9 req/s
h1 stream niquests_blocking   131072 B c=100 round=3/3     635.2 req/s
h1 full   curl_cffi       2097152 B c=150 round=3/3     349.9 req/s
h1 stream curl_cffi       2097152 B c= 10 round=3/3     249.1 req/s
h1 stream niquests         131072 B c= 10 round=3/3    1486.2 req/s
h1 full   wreq_st           10240 B c= 10 round=3/3   25890.9 req/s
h1 stream ry                10240 B c= 50 round=3/3    1702.0 req/s
h1 stream wreq_st            1024 B c=150 round=3/3   10710.0 req/s
h1 full   pyreqwest_mt      10240 B c= 10 round=3/3    7168.5 req/s
h1 stream pyreqwest_st    2097152 B c=100 round=3/3     288.0 req/s
h1 full   wreq_blocking   1048576 B c=100 round=3/3    1453.5 req/s
h1 stream ry_blocking     1048576 B c=150 round=3/3    1117.1 req/s
h1 stream niquests           1024 B c= 50 round=3/3    2219.8 req/s
h1 full   curl_cffi_blocking  2097152 B c=150 round=3/3     153.6 req/s
h1 stream curl_cffi_blocking  4194304 B c= 50 round=3/3      66.1 req/s
h1 stream curl_cffi          1024 B c=150 round=3/3    4490.4 req/s
h1 full   ry                10240 B c=100 round=3/3    2902.1 req/s
h1 full   aiohttp           10240 B c=150 round=3/3    8752.2 req/s
h1 full   wreq             131072 B c=150 round=3/3   29073.9 req/s
h1 stream wreq_blocking   4194304 B c= 50 round=3/3     256.4 req/s
h1 full   pycurl          2097152 B c= 10 round=3/3     214.1 req/s
h1 full   ry_blocking        1024 B c=100 round=3/3    7471.5 req/s
h1 stream wreq_blocking      1024 B c= 50 round=3/3     560.3 req/s
h1 full   ry_blocking     2097152 B c=100 round=3/3    1813.9 req/s
h1 stream niquests          65536 B c=150 round=3/3    1803.7 req/s
h1 stream wreq_st         1048576 B c= 50 round=3/3     639.9 req/s
h1 stream pyreqwest_mt      10240 B c=100 round=3/3    3488.9 req/s
h1 stream aiohttp          131072 B c=150 round=3/3    4564.1 req/s
h1 stream wreq              10240 B c= 10 round=3/3   16585.4 req/s
h1 full   aiohttp            1024 B c= 50 round=3/3    8761.2 req/s
h1 stream aiohttp            1024 B c= 10 round=3/3    7564.0 req/s
h1 stream curl_cffi         65536 B c=100 round=3/3    2788.9 req/s
h1 full   ry_blocking     1048576 B c= 50 round=3/3    3998.0 req/s
h1 stream wreq_st          131072 B c=100 round=3/3    4395.8 req/s
h1 stream curl_cffi_blocking  4194304 B c=150 round=3/3      68.2 req/s
h1 full   niquests           1024 B c=150 round=3/3    2456.4 req/s
h1 full   httpx_blocking  1048576 B c= 10 round=3/3     179.4 req/s
h1 stream curl_cffi         65536 B c= 50 round=3/3    2865.3 req/s
h1 full   httpx             10240 B c= 10 round=3/3    1466.1 req/s
h1 stream httpx_blocking    10240 B c=150 round=3/3    1443.9 req/s
h1 full   pyreqwest_st    1048576 B c= 10 round=3/3    1003.7 req/s
h1 full   httpx           1048576 B c= 10 round=3/3     552.9 req/s
h1 full   requests          65536 B c= 50 round=3/3     975.2 req/s
h1 stream pyreqwest_st    2097152 B c= 10 round=3/3     295.3 req/s
h1 full   pycurl          1048576 B c= 50 round=3/3     422.9 req/s
h1 full   pyreqwest_st    1048576 B c= 50 round=3/3     963.9 req/s
h1 full   httpx_blocking  4194304 B c=100 round=3/3      49.3 req/s
h1 full   pyreqwest_mt       1024 B c= 50 round=3/3    7754.5 req/s
h1 stream pyreqwest_mt       1024 B c=100 round=3/3    3474.7 req/s
h1 full   pycurl             1024 B c=150 round=3/3    9567.5 req/s
h1 full   httpx           2097152 B c= 10 round=3/3     328.2 req/s
h1 stream aiohttp            1024 B c=150 round=3/3    8299.5 req/s
h1 full   ry              4194304 B c= 10 round=3/3     559.2 req/s
h1 stream httpx_blocking  4194304 B c=150 round=3/3      46.6 req/s
h1 full   pyreqwest_st      10240 B c= 50 round=3/3    4452.4 req/s
h1 stream requests        2097152 B c= 10 round=3/3      92.3 req/s
h1 stream wreq_st         4194304 B c= 50 round=3/3     219.3 req/s
h1 full   pyreqwest_st       1024 B c=100 round=3/3    4279.8 req/s
h1 stream wreq_blocking     65536 B c= 50 round=3/3     522.7 req/s
h1 full   niquests_blocking  4194304 B c=100 round=3/3      54.5 req/s
h1 stream wreq            4194304 B c= 50 round=3/3    1006.5 req/s
h1 full   curl_cffi_blocking    10240 B c= 10 round=3/3     561.3 req/s
h1 full   wreq_blocking      1024 B c= 50 round=3/3    3562.5 req/s
h1 stream wreq_st          131072 B c= 50 round=3/3    4618.0 req/s
h1 full   ry               131072 B c=150 round=3/3    2797.9 req/s
h1 full   pyreqwest_st      65536 B c= 50 round=3/3    3916.5 req/s
h1 stream pycurl          4194304 B c=150 round=3/3      83.4 req/s
h1 full   ry_blocking       10240 B c= 50 round=3/3    8027.1 req/s
h1 stream httpx           1048576 B c=100 round=3/3     176.1 req/s
h1 full   requests        4194304 B c=100 round=3/3      54.6 req/s
h1 stream curl_cffi       1048576 B c= 10 round=3/3     435.5 req/s
h1 stream curl_cffi         10240 B c= 50 round=3/3    4384.0 req/s
h1 stream ry              2097152 B c=150 round=3/3     353.4 req/s
h1 full   ry_blocking     2097152 B c=150 round=3/3    1794.5 req/s
h1 full   httpx           4194304 B c= 10 round=3/3     170.7 req/s
h1 stream wreq_blocking   1048576 B c= 50 round=3/3     366.5 req/s
h1 full   wreq             131072 B c= 50 round=3/3   33843.6 req/s
h1 stream curl_cffi_blocking  1048576 B c=150 round=3/3     182.5 req/s
h1 full   ry              4194304 B c= 50 round=3/3     639.7 req/s
h1 stream httpx           4194304 B c=150 round=3/3      74.2 req/s
h1 stream curl_cffi        131072 B c=100 round=3/3    2288.5 req/s
h1 full   wreq_st           10240 B c=100 round=3/3   43881.8 req/s
h1 stream ry              1048576 B c= 50 round=3/3     392.9 req/s
h1 full   wreq_blocking   2097152 B c= 50 round=3/3     945.6 req/s
h1 stream pycurl           131072 B c= 50 round=3/3    1793.4 req/s
h1 full   curl_cffi_blocking  2097152 B c=100 round=3/3     147.0 req/s
h1 stream wreq_blocking   4194304 B c= 10 round=3/3     258.5 req/s
h1 stream pyreqwest_st    1048576 B c=100 round=3/3     399.9 req/s
h1 stream httpx_blocking     1024 B c= 50 round=3/3    1503.2 req/s
h1 stream wreq_blocking   1048576 B c=150 round=3/3     362.4 req/s
h1 full   requests          65536 B c= 10 round=3/3    1024.7 req/s
h1 stream niquests_blocking     1024 B c=150 round=3/3    1297.0 req/s
h1 stream requests          65536 B c=150 round=3/3     747.3 req/s
h1 full   httpx_blocking    65536 B c= 50 round=3/3    1138.0 req/s
h1 stream ry              4194304 B c= 50 round=3/3     287.9 req/s
h1 full   niquests          10240 B c=150 round=3/3    2359.0 req/s
h1 full   aiohttp          131072 B c= 50 round=3/3    6279.3 req/s
h1 full   pyreqwest_mt     131072 B c=150 round=3/3    7349.5 req/s
h1 stream niquests         131072 B c= 50 round=3/3    1412.7 req/s
h1 stream pycurl             1024 B c=100 round=3/3    6079.6 req/s
h1 stream pyreqwest_st      65536 B c=150 round=3/3    1361.0 req/s
h1 full   curl_cffi       4194304 B c=100 round=3/3     174.2 req/s
h1 stream niquests        1048576 B c=150 round=3/3     568.9 req/s
h1 stream wreq             131072 B c=150 round=3/3   17253.0 req/s
h1 stream requests        1048576 B c=150 round=3/3     156.5 req/s
h1 stream ry              1048576 B c=100 round=3/3     399.6 req/s
h1 stream wreq_st         1048576 B c=100 round=3/3     599.8 req/s
h1 full   wreq_st         2097152 B c=150 round=3/3     561.9 req/s
h1 stream requests          10240 B c=100 round=3/3    1231.0 req/s
h1 full   curl_cffi       1048576 B c= 50 round=3/3     668.3 req/s
h1 stream pycurl           131072 B c=100 round=3/3    1764.0 req/s
h1 full   wreq_blocking   2097152 B c=150 round=3/3     866.7 req/s
h1 stream niquests_blocking    65536 B c= 10 round=3/3     820.6 req/s
h1 stream httpx           1048576 B c= 50 round=3/3     237.7 req/s
h1 full   httpx_blocking    65536 B c=100 round=3/3    1099.1 req/s
h1 full   ry_blocking     4194304 B c=100 round=3/3     899.7 req/s
h1 stream aiohttp           10240 B c=100 round=3/3    7290.0 req/s
h1 full   ry                 1024 B c=100 round=3/3    2975.5 req/s
h1 stream httpx             10240 B c=150 round=3/3     736.0 req/s
h1 full   niquests_blocking  4194304 B c=150 round=3/3      53.6 req/s
h1 stream curl_cffi_blocking  2097152 B c= 50 round=3/3     114.1 req/s
h1 full   wreq_blocking    131072 B c=100 round=3/3    3193.3 req/s
h1 full   curl_cffi          1024 B c=150 round=3/3    6444.4 req/s
h1 stream aiohttp         1048576 B c= 10 round=3/3     990.8 req/s
h1 full   wreq_blocking      1024 B c=150 round=3/3    3355.5 req/s
h1 stream httpx            131072 B c=150 round=3/3     414.5 req/s
h1 stream requests           1024 B c= 10 round=3/3    1335.3 req/s
h1 full   curl_cffi         65536 B c= 10 round=3/3    4698.4 req/s
h1 full   niquests           1024 B c=100 round=3/3    2331.1 req/s
h1 stream wreq_st         2097152 B c=100 round=3/3     357.9 req/s
h1 full   ry_blocking     4194304 B c= 50 round=3/3     959.8 req/s
h1 stream wreq_st          131072 B c= 10 round=3/3    5081.9 req/s
h1 stream httpx             65536 B c= 10 round=3/3    1243.5 req/s
h1 full   pyreqwest_mt     131072 B c= 10 round=3/3    6556.9 req/s
h1 stream pycurl            65536 B c=100 round=3/3    2332.6 req/s
h1 stream pyreqwest_st      65536 B c=100 round=3/3    1407.5 req/s
h1 stream requests        4194304 B c=150 round=3/3      50.7 req/s
h1 full   niquests         131072 B c= 50 round=3/3    1804.0 req/s
h1 full   niquests_blocking    10240 B c=150 round=3/3    1418.9 req/s
h1 stream niquests_blocking    10240 B c=150 round=3/3    1296.6 req/s
h1 full   wreq_blocking    131072 B c= 10 round=3/3    3364.1 req/s
h1 stream requests        2097152 B c=150 round=3/3      92.4 req/s
h1 stream ry              4194304 B c= 10 round=3/3     251.5 req/s
h1 full   niquests        2097152 B c=100 round=3/3     437.0 req/s
h1 stream wreq_blocking    131072 B c=150 round=3/3     511.3 req/s
h1 full   httpx              1024 B c= 50 round=3/3     900.8 req/s
h1 full   wreq            1048576 B c= 10 round=3/3    5125.1 req/s
h1 full   httpx             65536 B c= 10 round=3/3    1372.4 req/s
h1 stream ry_blocking     2097152 B c= 50 round=3/3     991.5 req/s
h1 stream wreq_st           10240 B c=150 round=3/3   15264.7 req/s
h1 stream httpx           4194304 B c= 50 round=3/3     139.3 req/s
h1 stream aiohttp         2097152 B c=100 round=3/3     762.2 req/s
h1 stream curl_cffi_blocking    65536 B c= 10 round=3/3     461.1 req/s
h1 stream wreq_st           10240 B c= 10 round=3/3   12811.0 req/s
h1 full   curl_cffi         10240 B c=150 round=3/3    6627.7 req/s
h1 full   curl_cffi         65536 B c=150 round=3/3    4165.5 req/s
h1 full   pyreqwest_st    1048576 B c=150 round=3/3     963.2 req/s
h1 full   ry                65536 B c=150 round=3/3    2771.3 req/s
h1 full   curl_cffi_blocking   131072 B c=100 round=3/3     477.3 req/s
h1 stream niquests_blocking  4194304 B c= 50 round=3/3      50.3 req/s
h1 stream pyreqwest_mt     131072 B c= 10 round=3/3    1482.6 req/s
h1 full   ry              2097152 B c=150 round=3/3     988.9 req/s
h1 full   niquests_blocking  1048576 B c=150 round=3/3     190.3 req/s
h1 full   curl_cffi_blocking   131072 B c=150 round=3/3     474.6 req/s
h1 stream httpx_blocking  4194304 B c= 10 round=3/3      45.6 req/s
h1 stream httpx              1024 B c=100 round=3/3     753.7 req/s
h1 full   pyreqwest_mt    1048576 B c=100 round=3/3    3146.1 req/s
h1 stream niquests        2097152 B c= 10 round=3/3     387.3 req/s
h1 full   wreq_blocking   2097152 B c=100 round=3/3     881.0 req/s
h1 stream pycurl          1048576 B c=150 round=3/3     281.7 req/s
h1 full   niquests         131072 B c=150 round=3/3    1762.8 req/s
h1 stream requests          65536 B c= 50 round=3/3     770.3 req/s
h1 full   curl_cffi        131072 B c= 10 round=3/3    3174.3 req/s
h1 stream pyreqwest_mt    2097152 B c=150 round=3/3     522.5 req/s
h1 full   wreq              65536 B c= 10 round=3/3   24086.5 req/s
h1 full   wreq_st         4194304 B c= 50 round=3/3     320.5 req/s
h1 full   pyreqwest_mt    2097152 B c= 10 round=3/3    1987.8 req/s
h1 full   niquests_blocking  4194304 B c= 50 round=3/3      54.2 req/s
h1 stream ry_blocking       10240 B c=100 round=3/3    4847.5 req/s
h1 stream requests        1048576 B c= 10 round=3/3     157.0 req/s
h1 full   wreq_st           65536 B c=100 round=3/3   18879.4 req/s
h1 full   curl_cffi_blocking    10240 B c=100 round=3/3     560.9 req/s
h1 stream wreq_blocking     65536 B c=100 round=3/3     519.5 req/s
h1 stream pyreqwest_mt       1024 B c= 50 round=3/3    3331.4 req/s
h1 stream ry_blocking     1048576 B c= 10 round=3/3    1201.1 req/s
h1 full   requests         131072 B c=100 round=3/3     758.5 req/s
h1 full   pycurl           131072 B c= 50 round=3/3    2678.1 req/s
h1 full   requests         131072 B c= 10 round=3/3     806.0 req/s
h1 stream wreq_st           10240 B c=100 round=3/3   17852.2 req/s
h1 full   wreq_blocking     65536 B c= 10 round=3/3    3511.3 req/s
h1 stream aiohttp         2097152 B c= 50 round=3/3     796.0 req/s
h1 stream httpx_blocking    65536 B c= 50 round=3/3     777.9 req/s
h1 stream wreq             131072 B c= 10 round=3/3   11633.1 req/s
h1 full   niquests_blocking  1048576 B c= 50 round=3/3     192.9 req/s
h1 full   requests        1048576 B c=150 round=3/3     190.2 req/s
h1 full   ry_blocking     1048576 B c=100 round=3/3    3534.1 req/s
h1 full   httpx             65536 B c= 50 round=3/3     768.4 req/s
h1 stream pyreqwest_mt    2097152 B c= 50 round=3/3     506.8 req/s
h1 stream ry_blocking     4194304 B c=100 round=3/3     747.6 req/s
h1 full   httpx             10240 B c=100 round=3/3     855.2 req/s
h1 full   httpx            131072 B c= 50 round=3/3     650.1 req/s
h1 full   niquests          65536 B c=150 round=3/3    2109.6 req/s
h1 full   wreq_st            1024 B c=100 round=3/3   51005.7 req/s
h1 stream pyreqwest_st    1048576 B c= 50 round=3/3     391.8 req/s
h1 full   wreq              65536 B c=100 round=3/3   43011.3 req/s
h1 stream pyreqwest_mt    4194304 B c=150 round=3/3     419.3 req/s
h1 stream ry              1048576 B c= 10 round=3/3     338.1 req/s
h1 full   wreq            1048576 B c=100 round=3/3    4211.2 req/s
h1 full   wreq            1048576 B c= 50 round=3/3    4527.7 req/s
h1 full   curl_cffi_blocking    65536 B c=100 round=3/3     512.2 req/s
h1 full   wreq_st         1048576 B c=100 round=3/3    1033.8 req/s
h1 full   aiohttp         1048576 B c= 10 round=3/3    1556.9 req/s
h1 full   niquests_blocking     1024 B c=100 round=3/3    1466.5 req/s
h1 full   wreq               1024 B c=100 round=3/3   85459.6 req/s
h1 stream requests          65536 B c=100 round=3/3     748.5 req/s
h1 full   requests           1024 B c= 50 round=3/3    1436.7 req/s
h1 full   niquests         131072 B c= 10 round=3/3    1862.2 req/s
h1 full   aiohttp            1024 B c= 10 round=3/3    8445.3 req/s
h1 full   httpx_blocking    65536 B c= 10 round=3/3    1171.5 req/s
h1 stream wreq              10240 B c= 50 round=3/3   26072.4 req/s
h1 full   httpx              1024 B c= 10 round=3/3    1552.6 req/s
h1 stream ry_blocking       65536 B c=150 round=3/3    3081.2 req/s
h1 stream ry_blocking     4194304 B c= 50 round=3/3     759.6 req/s
h1 stream httpx           2097152 B c=150 round=3/3     109.3 req/s
h1 stream pycurl          1048576 B c= 50 round=3/3     283.8 req/s
h1 stream wreq               1024 B c=100 round=3/3   23838.5 req/s
h1 full   curl_cffi_blocking  4194304 B c= 50 round=3/3      83.6 req/s
h1 full   curl_cffi_blocking    10240 B c=150 round=3/3     550.7 req/s
h1 full   pyreqwest_st       1024 B c=150 round=3/3    4268.0 req/s
h1 stream pyreqwest_st      10240 B c=100 round=3/3    2349.5 req/s
h1 full   pyreqwest_st      10240 B c=100 round=3/3    4206.0 req/s
h1 full   wreq_st           10240 B c= 50 round=3/3   43439.2 req/s
h1 full   wreq_blocking   4194304 B c=100 round=3/3     494.7 req/s
h1 full   ry               131072 B c= 10 round=3/3    2478.3 req/s
h1 stream ry               131072 B c=100 round=3/3    1081.4 req/s
h1 stream pyreqwest_st    4194304 B c= 50 round=3/3     189.4 req/s
h1 full   httpx           4194304 B c=150 round=3/3      81.8 req/s
h1 stream httpx_blocking     1024 B c= 10 round=3/3    1520.9 req/s
h1 stream pycurl             1024 B c=150 round=3/3    5762.5 req/s
h1 full   requests          65536 B c=100 round=3/3     959.9 req/s
h1 full   aiohttp            1024 B c=100 round=3/3    8833.7 req/s
h1 full   requests           1024 B c= 10 round=3/3    1474.3 req/s
h1 stream requests        4194304 B c= 50 round=3/3      50.5 req/s
h1 full   httpx_blocking     1024 B c= 50 round=3/3    1792.2 req/s
h1 stream niquests_blocking     1024 B c= 50 round=3/3    1344.0 req/s
h1 full   httpx           1048576 B c=100 round=3/3     230.8 req/s
h1 full   wreq_blocking   1048576 B c= 10 round=3/3    1582.2 req/s
h1 full   ry_blocking       65536 B c= 50 round=3/3    7418.3 req/s
h1 stream wreq_blocking   4194304 B c=100 round=3/3     253.0 req/s
h1 stream wreq_blocking     65536 B c=150 round=3/3     510.0 req/s
h1 stream httpx              1024 B c= 10 round=3/3    1323.4 req/s
h1 stream niquests_blocking  2097152 B c=150 round=3/3      92.2 req/s
h1 stream niquests          65536 B c=100 round=3/3    1573.6 req/s
h1 stream httpx_blocking  1048576 B c= 10 round=3/3     139.7 req/s
h1 full   curl_cffi_blocking     1024 B c= 50 round=3/3     566.2 req/s
h1 full   wreq_st          131072 B c= 50 round=3/3    8308.5 req/s
h1 full   httpx_blocking    10240 B c=100 round=3/3    1703.6 req/s
h1 stream wreq_st         1048576 B c= 10 round=3/3     645.0 req/s
h1 full   ry_blocking       65536 B c= 10 round=3/3    8910.3 req/s
h1 stream ry_blocking      131072 B c=100 round=3/3    3114.4 req/s
h1 full   niquests_blocking    65536 B c= 10 round=3/3    1082.2 req/s
h1 full   niquests_blocking  2097152 B c= 10 round=3/3     105.7 req/s
h1 stream niquests        2097152 B c=100 round=3/3     395.2 req/s
h1 stream wreq_st           65536 B c=150 round=3/3    5694.9 req/s
h1 full   requests         131072 B c=150 round=3/3     742.1 req/s
h1 full   pyreqwest_st     131072 B c=100 round=3/3    3229.8 req/s
h1 stream httpx_blocking  1048576 B c= 50 round=3/3     140.8 req/s
h1 stream pycurl            65536 B c=150 round=3/3    2352.7 req/s
h1 full   niquests        2097152 B c= 50 round=3/3     436.8 req/s
h1 full   pycurl          4194304 B c=150 round=3/3     113.3 req/s
h1 full   ry_blocking       65536 B c=150 round=3/3    6652.9 req/s
h1 stream curl_cffi_blocking     1024 B c= 10 round=3/3     524.2 req/s
h1 full   wreq_st            1024 B c=150 round=3/3   47524.7 req/s
h1 stream wreq_blocking    131072 B c=100 round=3/3     517.4 req/s
h1 full   requests        4194304 B c= 50 round=3/3      54.1 req/s
h1 stream niquests_blocking    65536 B c=150 round=3/3     768.1 req/s
h1 full   niquests_blocking     1024 B c= 10 round=3/3    1571.0 req/s
h1 full   httpx_blocking  4194304 B c= 10 round=3/3      48.7 req/s
h1 stream curl_cffi       1048576 B c=150 round=3/3     457.3 req/s
h1 stream requests        1048576 B c= 50 round=3/3     156.1 req/s
h1 full   aiohttp         2097152 B c= 50 round=3/3     829.4 req/s
h1 full   niquests_blocking  2097152 B c= 50 round=3/3     103.8 req/s
h1 full   ry              1048576 B c=150 round=3/3    1615.4 req/s
h1 full   pyreqwest_mt       1024 B c= 10 round=3/3    6918.0 req/s
h1 stream niquests_blocking     1024 B c= 10 round=3/3    1410.1 req/s
h1 full   pyreqwest_mt    4194304 B c= 10 round=3/3     974.2 req/s
h1 full   wreq            4194304 B c= 10 round=3/3    1082.6 req/s
h1 stream pycurl          2097152 B c= 50 round=3/3     155.5 req/s
h1 full   requests           1024 B c=150 round=3/3    1359.7 req/s
h1 full   curl_cffi_blocking     1024 B c=150 round=3/3     552.3 req/s
h1 stream pyreqwest_mt      65536 B c= 50 round=3/3    1738.4 req/s
h1 full   niquests_blocking    65536 B c=100 round=3/3     993.8 req/s
h1 stream pycurl            10240 B c= 10 round=3/3    6753.9 req/s
h1 full   ry                10240 B c= 50 round=3/3    2856.0 req/s
h1 stream wreq            4194304 B c= 10 round=3/3    1088.6 req/s
h1 stream requests          10240 B c=150 round=3/3    1221.5 req/s
h1 stream ry                10240 B c=100 round=3/3    1742.5 req/s
h1 full   pycurl          2097152 B c= 50 round=3/3     219.5 req/s
h1 stream wreq            1048576 B c= 10 round=3/3    4139.6 req/s
h1 stream aiohttp           65536 B c= 10 round=3/3    5276.9 req/s
h1 full   wreq              65536 B c=150 round=3/3   43845.1 req/s
h1 stream pycurl           131072 B c= 10 round=3/3    1827.7 req/s
h1 stream pycurl            65536 B c= 10 round=3/3    2538.6 req/s
h1 stream pyreqwest_st    1048576 B c=150 round=3/3     393.5 req/s
h1 stream pyreqwest_st      65536 B c= 50 round=3/3    1432.6 req/s
h1 full   niquests_blocking  4194304 B c= 10 round=3/3      54.5 req/s
h1 full   wreq              10240 B c=150 round=3/3   66927.4 req/s
h1 stream httpx            131072 B c= 10 round=3/3    1078.3 req/s
h1 stream niquests         131072 B c=150 round=3/3    1423.2 req/s
h1 full   curl_cffi_blocking   131072 B c= 50 round=3/3     477.9 req/s
h1 full   curl_cffi_blocking  2097152 B c= 10 round=3/3     147.8 req/s
h1 stream niquests_blocking  1048576 B c= 50 round=3/3     157.3 req/s
h1 stream httpx_blocking  1048576 B c=100 round=3/3     138.8 req/s
h1 stream aiohttp          131072 B c= 10 round=3/3    4810.0 req/s
h1 stream pyreqwest_mt    1048576 B c=100 round=3/3     583.3 req/s
h1 stream niquests_blocking    10240 B c= 50 round=3/3    1388.5 req/s
h1 full   pyreqwest_mt    4194304 B c= 50 round=3/3     944.2 req/s
h1 full   ry              2097152 B c= 10 round=3/3     951.8 req/s
h1 full   curl_cffi         10240 B c=100 round=3/3    5647.3 req/s
h1 stream niquests           1024 B c= 10 round=3/3    2188.5 req/s
h1 stream curl_cffi_blocking    10240 B c=100 round=3/3     523.9 req/s
h1 stream requests          65536 B c= 10 round=3/3     780.6 req/s
h1 stream niquests           1024 B c=150 round=3/3    2305.7 req/s
h1 full   niquests        2097152 B c= 10 round=3/3     406.5 req/s
h1 full   pyreqwest_mt       1024 B c=150 round=3/3    7918.5 req/s
h1 stream wreq_blocking   2097152 B c= 50 round=3/3     321.1 req/s
h1 full   curl_cffi        131072 B c=100 round=3/3    3187.4 req/s
h1 full   ry                65536 B c=100 round=3/3    2643.4 req/s
h1 stream ry              2097152 B c= 10 round=3/3     298.4 req/s
h1 stream niquests        4194304 B c= 50 round=3/3     207.4 req/s
h1 full   niquests_blocking   131072 B c= 50 round=3/3     797.4 req/s
h1 stream httpx           2097152 B c=100 round=3/3     125.0 req/s
h1 stream niquests        1048576 B c= 50 round=3/3     547.6 req/s
h1 stream wreq            1048576 B c= 50 round=3/3    4054.4 req/s
h1 full   niquests_blocking  2097152 B c=150 round=3/3     101.8 req/s
h1 full   httpx_blocking   131072 B c=100 round=3/3     825.9 req/s
h1 stream wreq             131072 B c= 50 round=3/3   19688.9 req/s
h1 stream httpx_blocking  2097152 B c=100 round=3/3      82.1 req/s
h1 full   ry_blocking       65536 B c=100 round=3/3    7315.8 req/s
h1 full   pyreqwest_mt      65536 B c=100 round=3/3    7431.8 req/s
h1 full   aiohttp           65536 B c=100 round=3/3    7967.8 req/s
h1 stream niquests_blocking  4194304 B c=150 round=3/3      50.5 req/s
h1 stream httpx           1048576 B c= 10 round=3/3     365.5 req/s
h1 full   requests        2097152 B c= 50 round=3/3     104.1 req/s
h1 stream aiohttp         4194304 B c= 50 round=3/3     436.1 req/s
h1 stream httpx_blocking  4194304 B c=100 round=3/3      45.3 req/s
h1 stream httpx           4194304 B c= 10 round=3/3     159.1 req/s
h1 stream curl_cffi        131072 B c= 10 round=3/3    2068.1 req/s
h1 full   requests        1048576 B c= 50 round=3/3     192.1 req/s
h1 stream pyreqwest_st    2097152 B c= 50 round=3/3     294.2 req/s
h1 stream wreq_st            1024 B c= 50 round=3/3   20275.6 req/s
h1 stream curl_cffi_blocking     1024 B c= 50 round=3/3     528.9 req/s
h1 full   wreq_st           65536 B c= 10 round=3/3   15141.4 req/s
h1 stream httpx              1024 B c=150 round=3/3     745.2 req/s
h1 full   wreq_blocking     10240 B c=100 round=3/3    3460.1 req/s
h1 stream pycurl          2097152 B c= 10 round=3/3     153.7 req/s
h1 full   wreq             131072 B c=100 round=3/3   34126.5 req/s
h1 stream pyreqwest_st    4194304 B c=100 round=3/3     182.6 req/s
h1 full   curl_cffi         10240 B c= 50 round=3/3    6522.1 req/s
h1 full   aiohttp           10240 B c= 50 round=3/3    8357.1 req/s
h1 full   ry_blocking       10240 B c=150 round=3/3    6889.3 req/s
h1 stream pyreqwest_mt       1024 B c= 10 round=3/3    2890.9 req/s
h1 full   requests        2097152 B c=150 round=3/3     102.5 req/s
h1 stream aiohttp           65536 B c= 50 round=3/3    5768.5 req/s
h1 stream aiohttp            1024 B c=100 round=3/3    8004.7 req/s
h1 stream niquests_blocking  1048576 B c=150 round=3/3     155.8 req/s
h1 stream ry_blocking      131072 B c= 50 round=3/3    3329.8 req/s
h1 stream curl_cffi_blocking  1048576 B c=100 round=3/3     176.0 req/s
h1 full   pycurl             1024 B c= 50 round=3/3   11599.9 req/s
h1 full   pyreqwest_st    4194304 B c= 10 round=3/3     339.5 req/s
h1 stream niquests_blocking  2097152 B c= 50 round=3/3      91.6 req/s
h1 stream pycurl          4194304 B c= 10 round=3/3      81.2 req/s
h1 full   wreq_st            1024 B c= 10 round=3/3   26023.0 req/s
h1 stream wreq              10240 B c=100 round=3/3   25937.1 req/s
h1 full   aiohttp         1048576 B c=150 round=3/3    1569.5 req/s
h1 full   pyreqwest_st    2097152 B c=150 round=3/3     559.4 req/s
h1 full   ry_blocking     1048576 B c=150 round=3/3    3503.7 req/s
h1 stream requests         131072 B c=100 round=3/3     617.4 req/s
h1 full   niquests_blocking    65536 B c=150 round=3/3    1001.4 req/s
h1 full   wreq_st         4194304 B c=100 round=3/3     302.6 req/s
h1 stream curl_cffi          1024 B c= 10 round=3/3    3573.2 req/s
h1 stream curl_cffi_blocking  2097152 B c=150 round=3/3     118.1 req/s
h1 full   pyreqwest_st     131072 B c= 50 round=3/3    3290.2 req/s
h1 full   httpx_blocking  2097152 B c=100 round=3/3      95.4 req/s
h1 stream ry               131072 B c= 10 round=3/3     925.6 req/s
h1 full   pyreqwest_st      10240 B c=150 round=3/3    4377.1 req/s
h1 full   wreq_st            1024 B c= 50 round=3/3   47361.4 req/s
h1 stream niquests          10240 B c=100 round=3/3    2255.1 req/s
h1 full   httpx_blocking  1048576 B c= 50 round=3/3     181.5 req/s
h1 full   curl_cffi_blocking    10240 B c= 50 round=3/3     563.3 req/s
h1 stream ry_blocking      131072 B c=150 round=3/3    2987.6 req/s
h1 full   requests        1048576 B c= 10 round=3/3     195.1 req/s
h1 full   ry_blocking       10240 B c=100 round=3/3    7341.9 req/s
h1 full   pyreqwest_st     131072 B c=150 round=3/3    3303.1 req/s
h1 stream curl_cffi         10240 B c=150 round=3/3    4368.1 req/s
h1 stream wreq            2097152 B c=150 round=3/3    1834.4 req/s
h1 stream ry_blocking        1024 B c= 50 round=3/3    5041.2 req/s
h1 full   wreq            4194304 B c=150 round=3/3     889.9 req/s
h1 stream httpx_blocking    10240 B c= 50 round=3/3    1467.3 req/s
h1 stream httpx             10240 B c= 10 round=3/3    1387.7 req/s
h1 full   aiohttp         4194304 B c= 50 round=3/3     385.8 req/s
h1 stream ry               131072 B c=150 round=3/3    1102.4 req/s
h1 full   httpx_blocking     1024 B c= 10 round=3/3    1812.2 req/s
h1 stream httpx             65536 B c= 50 round=3/3     551.1 req/s
h1 stream niquests_blocking    65536 B c=100 round=3/3     767.2 req/s
h1 stream curl_cffi_blocking   131072 B c= 10 round=3/3     426.9 req/s
h1 full   wreq_blocking      1024 B c= 10 round=3/3    3718.6 req/s
h1 stream niquests        4194304 B c= 10 round=3/3     208.5 req/s
h1 full   httpx             65536 B c=100 round=3/3     734.3 req/s
h1 stream wreq_blocking   2097152 B c=150 round=3/3     317.2 req/s
h1 full   pycurl          2097152 B c=150 round=3/3     213.9 req/s
h1 stream curl_cffi_blocking    10240 B c=150 round=3/3     522.2 req/s
h1 full   ry                10240 B c=150 round=3/3    3074.8 req/s
h1 full   curl_cffi       4194304 B c=150 round=3/3     182.8 req/s
h1 full   ry              2097152 B c= 50 round=3/3    1040.2 req/s
h1 stream httpx_blocking   131072 B c= 10 round=3/3     640.8 req/s
h1 full   httpx           2097152 B c= 50 round=3/3     200.1 req/s
h1 stream httpx             65536 B c=150 round=3/3     476.8 req/s
h1 full   requests         131072 B c= 50 round=3/3     775.0 req/s
h1 stream pyreqwest_st      10240 B c=150 round=3/3    2639.0 req/s
h1 stream httpx_blocking    65536 B c= 10 round=3/3     770.0 req/s
h1 full   ry              1048576 B c= 10 round=3/3    1417.6 req/s
h1 full   aiohttp         2097152 B c= 10 round=3/3     811.9 req/s
h1 stream curl_cffi_blocking    10240 B c= 10 round=3/3     525.5 req/s
h1 stream pyreqwest_st     131072 B c= 50 round=3/3    1323.5 req/s
h1 full   curl_cffi_blocking  1048576 B c=100 round=3/3     232.6 req/s
h1 stream pyreqwest_st      10240 B c= 10 round=3/3    2651.3 req/s
h1 stream requests        1048576 B c=100 round=3/3     157.9 req/s
h1 stream ry                 1024 B c= 10 round=3/3    1481.4 req/s
h1 full   curl_cffi          1024 B c= 10 round=3/3    5768.3 req/s
h1 stream wreq_blocking     10240 B c=150 round=3/3     551.1 req/s
h1 stream curl_cffi         65536 B c= 10 round=3/3    2543.2 req/s
h1 full   pyreqwest_st    2097152 B c=100 round=3/3     566.1 req/s
h1 full   wreq_st           10240 B c=150 round=3/3   43891.5 req/s
h1 full   curl_cffi_blocking   131072 B c= 10 round=3/3     480.6 req/s
h1 full   httpx_blocking  1048576 B c=150 round=3/3     185.2 req/s
h1 stream pyreqwest_mt    1048576 B c= 10 round=3/3     483.8 req/s
h1 stream niquests_blocking    10240 B c=100 round=3/3    1306.7 req/s
h1 stream httpx_blocking  4194304 B c= 50 round=3/3      45.7 req/s
h1 full   wreq_blocking     10240 B c= 10 round=3/3    3779.7 req/s
h1 full   ry              1048576 B c= 50 round=3/3    1634.4 req/s
h1 stream niquests_blocking    10240 B c= 10 round=3/3    1368.5 req/s
h1 stream ry_blocking        1024 B c= 10 round=3/3    5401.8 req/s
h1 stream ry_blocking     1048576 B c=100 round=3/3    1152.5 req/s
h1 full   wreq_st          131072 B c=100 round=3/3    8307.3 req/s
h1 stream requests        4194304 B c=100 round=3/3      50.8 req/s
h1 full   httpx_blocking   131072 B c= 50 round=3/3     834.9 req/s
h1 full   pycurl          1048576 B c= 10 round=3/3     419.9 req/s
h1 full   niquests          65536 B c= 10 round=3/3    2122.8 req/s
h1 stream requests          10240 B c= 50 round=3/3    1286.3 req/s
h1 stream wreq            1048576 B c=150 round=3/3    3545.7 req/s
h1 full   wreq_blocking     10240 B c=150 round=3/3    3346.8 req/s
h1 stream httpx_blocking     1024 B c=100 round=3/3    1454.4 req/s
h1 full   requests        2097152 B c= 10 round=3/3     104.5 req/s
h1 stream pycurl          2097152 B c=150 round=3/3     156.7 req/s
h1 full   curl_cffi          1024 B c= 50 round=3/3    6194.4 req/s
h1 full   niquests_blocking  1048576 B c= 10 round=3/3     193.1 req/s
h1 stream wreq_st          131072 B c=150 round=3/3    3753.3 req/s
h1 full   wreq_blocking   4194304 B c=150 round=3/3     501.6 req/s
h1 stream httpx           2097152 B c= 50 round=3/3     195.4 req/s
h1 full   httpx             10240 B c=150 round=3/3     854.0 req/s
h1 stream niquests        4194304 B c=150 round=3/3     206.6 req/s
h1 stream httpx             10240 B c= 50 round=3/3     772.3 req/s
h1 stream wreq_blocking     10240 B c= 50 round=3/3     563.7 req/s
h1 stream curl_cffi_blocking     1024 B c=150 round=3/3     523.1 req/s
h1 stream wreq_st         4194304 B c= 10 round=3/3     240.7 req/s
h1 full   ry                 1024 B c= 10 round=3/3    2567.7 req/s
h1 stream wreq               1024 B c= 50 round=3/3   23311.5 req/s
h1 full   wreq_st         1048576 B c= 10 round=3/3    1227.5 req/s
h1 full   pycurl            65536 B c= 10 round=3/3    4676.0 req/s
h1 full   aiohttp         4194304 B c=150 round=3/3     341.7 req/s
h1 full   pyreqwest_st    2097152 B c= 50 round=3/3     616.3 req/s
h1 full   aiohttp           10240 B c=100 round=3/3    8830.1 req/s
h1 stream aiohttp         4194304 B c=150 round=3/3     413.7 req/s
h1 stream curl_cffi_blocking  1048576 B c= 50 round=3/3     177.5 req/s
h1 stream ry_blocking     4194304 B c=150 round=3/3     724.1 req/s
h1 full   niquests_blocking    65536 B c= 50 round=3/3    1056.7 req/s
h1 full   aiohttp         2097152 B c=100 round=3/3     767.5 req/s
h1 full   niquests_blocking    10240 B c=100 round=3/3    1467.5 req/s
h1 full   curl_cffi       4194304 B c= 10 round=3/3     179.5 req/s
h1 full   niquests          65536 B c= 50 round=3/3    2102.3 req/s
h1 stream aiohttp           65536 B c=150 round=3/3    5796.4 req/s
h1 stream pyreqwest_st       1024 B c=150 round=3/3    2495.5 req/s
h1 stream httpx            131072 B c=100 round=3/3     432.4 req/s
h1 stream wreq_st            1024 B c= 10 round=3/3   13704.7 req/s
h1 full   curl_cffi_blocking  2097152 B c= 50 round=3/3     147.6 req/s
h1 stream ry               131072 B c= 50 round=3/3    1067.8 req/s
h1 stream ry_blocking     1048576 B c= 50 round=3/3    1209.5 req/s
h1 full   httpx_blocking  1048576 B c=100 round=3/3     180.0 req/s
h1 stream aiohttp         1048576 B c= 50 round=3/3     961.7 req/s
h1 stream pyreqwest_mt      10240 B c=150 round=3/3    3470.6 req/s
h1 full   pyreqwest_mt       1024 B c=100 round=3/3    7687.1 req/s
h1 stream curl_cffi       1048576 B c=100 round=3/3     462.3 req/s
h1 stream wreq              65536 B c= 50 round=3/3   19434.1 req/s
h1 full   curl_cffi_blocking  4194304 B c=100 round=3/3      84.3 req/s
h1 stream aiohttp         1048576 B c=100 round=3/3    1120.3 req/s
h1 stream wreq_st         2097152 B c=150 round=3/3     352.6 req/s
h1 full   pyreqwest_mt    1048576 B c=150 round=3/3    2987.7 req/s
h1 stream aiohttp           10240 B c= 50 round=3/3    7328.0 req/s
h1 stream aiohttp         1048576 B c=150 round=3/3    1108.9 req/s
h1 stream niquests_blocking  4194304 B c= 10 round=3/3      50.1 req/s
h1 full   httpx_blocking     1024 B c=100 round=3/3    1752.7 req/s
h1 stream httpx             65536 B c=100 round=3/3     475.6 req/s
h1 full   httpx           4194304 B c=100 round=3/3      85.2 req/s
h1 stream requests         131072 B c= 10 round=3/3     638.5 req/s
h1 full   httpx           1048576 B c=150 round=3/3     215.7 req/s
h1 full   pyreqwest_st    4194304 B c=100 round=3/3     314.6 req/s
h1 full   pycurl            65536 B c=150 round=3/3    3959.3 req/s
h1 full   niquests        4194304 B c=150 round=3/3     228.4 req/s
h1 stream niquests_blocking  1048576 B c=100 round=3/3     154.5 req/s
h1 stream ry                 1024 B c=150 round=3/3    1756.5 req/s
h1 stream wreq              10240 B c=150 round=3/3   17877.9 req/s
h1 full   wreq_st         2097152 B c= 50 round=3/3     599.5 req/s
h1 stream requests           1024 B c=100 round=3/3    1243.1 req/s
h1 full   httpx_blocking    65536 B c=150 round=3/3    1091.8 req/s
h1 full   wreq_st         4194304 B c=150 round=3/3     286.9 req/s
h1 stream ry              2097152 B c= 50 round=3/3     346.4 req/s
h1 stream httpx           4194304 B c=100 round=3/3      84.8 req/s
h1 stream requests        4194304 B c= 10 round=3/3      51.1 req/s
h1 full   aiohttp            1024 B c=150 round=3/3    8992.5 req/s
h1 stream curl_cffi_blocking  2097152 B c=100 round=3/3     113.3 req/s
h1 full   pyreqwest_st    4194304 B c=150 round=3/3     307.8 req/s
h1 stream wreq              65536 B c=150 round=3/3   19827.8 req/s
h1 stream wreq            1048576 B c=100 round=3/3    3704.4 req/s
h1 stream wreq_blocking   1048576 B c=100 round=3/3     362.7 req/s
h1 stream httpx_blocking    65536 B c=100 round=3/3     757.4 req/s
h1 full   pyreqwest_mt      10240 B c=100 round=3/3    7638.3 req/s
h1 stream pyreqwest_st       1024 B c= 10 round=3/3    2614.0 req/s
h1 full   pyreqwest_mt      10240 B c= 50 round=3/3    7726.5 req/s
h1 full   pyreqwest_mt      10240 B c=150 round=3/3    7920.7 req/s
h1 full   httpx           1048576 B c= 50 round=3/3     268.3 req/s
h1 full   pycurl          4194304 B c= 50 round=3/3     113.0 req/s
h1 stream curl_cffi_blocking    10240 B c= 50 round=3/3     528.9 req/s
h1 stream wreq_st           65536 B c= 10 round=3/3    7655.6 req/s
h1 full   wreq_blocking   4194304 B c= 50 round=3/3     528.8 req/s
h1 stream niquests_blocking  4194304 B c=100 round=3/3      51.1 req/s
h1 stream pyreqwest_mt      65536 B c= 10 round=3/3    1504.5 req/s
h1 stream wreq_blocking     65536 B c= 10 round=3/3     522.4 req/s
h1 full   pycurl            10240 B c=150 round=3/3    9249.2 req/s
h1 stream pyreqwest_st      65536 B c= 10 round=3/3    1404.5 req/s
h1 stream requests          10240 B c= 10 round=3/3    1193.4 req/s
h1 stream curl_cffi_blocking  4194304 B c=100 round=3/3      65.2 req/s
h1 full   httpx_blocking  2097152 B c= 10 round=3/3      94.7 req/s
h1 full   requests        4194304 B c=150 round=3/3      54.1 req/s
h1 full   httpx_blocking    10240 B c= 10 round=3/3    1830.3 req/s
h1 full   pycurl            10240 B c= 50 round=3/3   11349.3 req/s
h1 full   curl_cffi        131072 B c= 50 round=3/3    3042.3 req/s
h1 full   ry_blocking       10240 B c= 10 round=3/3    8974.8 req/s
h1 full   httpx           2097152 B c=100 round=3/3     150.2 req/s
h1 full   requests        4194304 B c= 10 round=3/3      54.0 req/s
h1 stream ry                65536 B c=100 round=3/3    1087.6 req/s
h1 stream pyreqwest_mt     131072 B c=100 round=3/3    1806.7 req/s
h1 stream httpx             10240 B c=100 round=3/3     755.1 req/s
h1 stream aiohttp           65536 B c=100 round=3/3    5763.6 req/s
h1 full   httpx              1024 B c=100 round=3/3     879.1 req/s
h1 full   pycurl             1024 B c= 10 round=3/3   13340.6 req/s
h1 full   ry                10240 B c= 10 round=3/3    2618.2 req/s
h1 stream curl_cffi_blocking   131072 B c=100 round=3/3     430.1 req/s
h1 stream pycurl          1048576 B c= 10 round=3/3     277.4 req/s
h1 stream pyreqwest_st    4194304 B c= 10 round=3/3     190.5 req/s
h1 stream ry_blocking     2097152 B c=100 round=3/3     981.1 req/s
h1 full   httpx             10240 B c= 50 round=3/3     903.7 req/s
h1 full   aiohttp         1048576 B c=100 round=3/3    1486.7 req/s
h1 full   curl_cffi          1024 B c=100 round=3/3    5859.1 req/s
h1 stream wreq_st         2097152 B c= 50 round=3/3     383.1 req/s
h1 full   httpx              1024 B c=150 round=3/3     818.7 req/s
h1 full   pycurl            65536 B c=100 round=3/3    4122.4 req/s
h1 stream ry_blocking       10240 B c= 10 round=3/3    5407.3 req/s
h1 stream aiohttp           10240 B c=150 round=3/3    7799.8 req/s
h1 full   niquests         131072 B c=100 round=3/3    1760.1 req/s
h1 full   niquests        4194304 B c= 50 round=3/3     233.6 req/s
h1 full   pyreqwest_st      10240 B c= 10 round=3/3    4447.7 req/s
h1 full   requests           1024 B c=100 round=3/3    1401.4 req/s
h1 stream ry_blocking       65536 B c= 50 round=3/3    3295.4 req/s
h1 full   niquests        4194304 B c= 10 round=3/3     221.6 req/s
h1 full   pyreqwest_mt    1048576 B c= 10 round=3/3    3199.0 req/s
h1 full   niquests_blocking   131072 B c= 10 round=3/3     829.6 req/s
h1 stream curl_cffi       4194304 B c=150 round=3/3     123.6 req/s
h1 stream curl_cffi_blocking   131072 B c= 50 round=3/3     428.7 req/s
h1 full   niquests        1048576 B c= 50 round=3/3     710.2 req/s
h1 full   wreq_st         2097152 B c= 10 round=3/3     587.2 req/s
h1 stream pyreqwest_mt     131072 B c= 50 round=3/3    1738.9 req/s
h1 stream pyreqwest_st     131072 B c= 10 round=3/3    1390.7 req/s
h1 stream wreq               1024 B c=150 round=3/3   22876.3 req/s
h1 full   pycurl          1048576 B c=150 round=3/3     415.9 req/s
h1 stream curl_cffi          1024 B c= 50 round=3/3    4329.5 req/s
h1 full   niquests_blocking     1024 B c=150 round=3/3    1455.8 req/s
h1 stream pyreqwest_mt    1048576 B c= 50 round=3/3     563.5 req/s
h1 full   ry_blocking      131072 B c= 50 round=3/3    7679.5 req/s
h1 full   httpx_blocking   131072 B c= 10 round=3/3     855.7 req/s
h1 stream aiohttp           10240 B c= 10 round=3/3    6847.7 req/s
h1 stream curl_cffi_blocking  4194304 B c= 10 round=3/3      67.3 req/s
h1 stream ry                65536 B c= 10 round=3/3     917.1 req/s
h1 full   wreq              10240 B c= 10 round=3/3   28421.8 req/s
h1 full   pyreqwest_st    1048576 B c=100 round=3/3     883.0 req/s
h1 full   ry              4194304 B c=100 round=3/3     600.5 req/s
h1 stream pycurl          2097152 B c=100 round=3/3     155.8 req/s
h1 stream httpx           2097152 B c= 10 round=3/3     255.3 req/s
h1 full   wreq_st          131072 B c=150 round=3/3    7455.8 req/s
h1 stream curl_cffi_blocking  2097152 B c= 10 round=3/3     115.2 req/s
h1 stream wreq             131072 B c=100 round=3/3   18057.1 req/s
h1 stream httpx_blocking  2097152 B c= 50 round=3/3      82.7 req/s
h1 stream niquests        2097152 B c=150 round=3/3     391.7 req/s
h1 full   pycurl            10240 B c= 10 round=3/3   13423.1 req/s
h1 full   niquests_blocking   131072 B c=100 round=3/3     758.3 req/s
h1 full   curl_cffi_blocking    65536 B c= 50 round=3/3     516.1 req/s
h1 full   ry_blocking      131072 B c=150 round=3/3    6380.7 req/s
h1 full   wreq               1024 B c= 50 round=3/3   81814.4 req/s
h1 full   requests        1048576 B c=100 round=3/3     190.4 req/s
h1 stream wreq_blocking     10240 B c=100 round=3/3     554.5 req/s
h1 full   pyreqwest_st       1024 B c= 50 round=3/3    4610.0 req/s
h1 stream wreq_blocking     10240 B c= 10 round=3/3     558.3 req/s
h1 full   pyreqwest_st       1024 B c= 10 round=3/3    4527.8 req/s
h1 full   wreq_st           65536 B c= 50 round=3/3   17542.1 req/s
h1 full   niquests_blocking    10240 B c= 50 round=3/3    1525.6 req/s
h1 stream pyreqwest_mt    2097152 B c= 10 round=3/3     440.9 req/s
h1 stream ry              4194304 B c=100 round=3/3     294.4 req/s
h1 stream ry              4194304 B c=150 round=3/3     286.1 req/s
h1 full   wreq            2097152 B c=150 round=3/3    1900.8 req/s
h1 stream pyreqwest_mt      10240 B c= 10 round=3/3    2898.7 req/s
h1 full   curl_cffi       1048576 B c=150 round=3/3     663.2 req/s
h1 full   aiohttp           65536 B c= 10 round=3/3    7384.8 req/s
h1 stream curl_cffi       4194304 B c=100 round=3/3     130.7 req/s
h1 full   wreq            1048576 B c=150 round=3/3    3835.1 req/s
h1 stream niquests        1048576 B c=100 round=3/3     519.6 req/s
h1 stream requests         131072 B c=150 round=3/3     613.4 req/s
h1 stream ry_blocking       65536 B c=100 round=3/3    3156.4 req/s
h1 full   ry                65536 B c= 10 round=3/3    2444.6 req/s
h1 full   ry_blocking     4194304 B c=150 round=3/3     803.6 req/s
h1 stream pycurl            65536 B c= 50 round=3/3    2508.7 req/s
h1 full   wreq               1024 B c=150 round=3/3   84653.8 req/s
h1 stream ry_blocking     4194304 B c= 10 round=3/3     996.8 req/s
h1 full   wreq_blocking   1048576 B c= 50 round=3/3    1496.8 req/s
h1 full   ry              4194304 B c=150 round=3/3     570.1 req/s
h1 full   ry_blocking        1024 B c= 50 round=3/3    8066.3 req/s
h1 full   aiohttp          131072 B c=100 round=3/3    6261.7 req/s
h1 full   niquests          10240 B c= 50 round=3/3    2292.8 req/s
h1 full   requests          10240 B c= 50 round=3/3    1402.8 req/s
h1 full   ry              1048576 B c=100 round=3/3    1626.6 req/s
h1 full   pycurl           131072 B c=100 round=3/3    2522.6 req/s
h1 full   curl_cffi         65536 B c=100 round=3/3    4047.4 req/s
h1 stream wreq_st           65536 B c= 50 round=3/3    6558.3 req/s
h1 stream wreq_blocking   1048576 B c= 10 round=3/3     368.1 req/s
h1 stream wreq_st           65536 B c=100 round=3/3    6239.4 req/s
h1 stream curl_cffi        131072 B c= 50 round=3/3    2319.8 req/s
h1 full   pycurl           131072 B c= 10 round=3/3    2720.7 req/s
h1 stream ry_blocking       65536 B c= 10 round=3/3    3340.2 req/s
h1 stream httpx_blocking   131072 B c= 50 round=3/3     620.2 req/s
h1 full   wreq_blocking    131072 B c=150 round=3/3    2972.3 req/s
h1 full   curl_cffi         65536 B c= 50 round=3/3    4671.7 req/s
h1 stream ry_blocking      131072 B c= 10 round=3/3    3333.7 req/s
h1 stream curl_cffi         65536 B c=150 round=3/3    2499.7 req/s
h1 full   aiohttp          131072 B c=150 round=3/3    6446.3 req/s
h1 full   wreq_blocking   1048576 B c=150 round=3/3    1416.9 req/s
h1 stream wreq              65536 B c=100 round=3/3   21832.7 req/s
h1 stream curl_cffi_blocking   131072 B c=150 round=3/3     426.5 req/s
h1 full   ry_blocking      131072 B c=100 round=3/3    6986.7 req/s
h1 full   curl_cffi_blocking  4194304 B c=150 round=3/3      88.1 req/s
h1 stream httpx           1048576 B c=150 round=3/3     152.3 req/s
h1 full   pyreqwest_st      65536 B c= 10 round=3/3    3758.5 req/s
h1 stream requests           1024 B c= 50 round=3/3    1285.1 req/s
h1 stream ry              2097152 B c=100 round=3/3     351.4 req/s
h2 stream wreq            4194304 B c= 10 round=1/3     172.5 req/s
h2 stream curl_cffi          1024 B c= 50 round=1/3    5965.4 req/s
h2 stream httpx_blocking    65536 B c=150 round=1/3     605.7 req/s
h2 stream ry               131072 B c= 10 round=1/3     548.4 req/s
h2 full   wreq_blocking   2097152 B c= 10 round=1/3    1167.2 req/s
h2 full   niquests_blocking  4194304 B c=150 round=1/3      19.0 req/s
h2 stream pyreqwest_st    4194304 B c=150 round=1/3      63.9 req/s
h2 stream niquests_blocking  4194304 B c=150 round=1/3      18.9 req/s
h2 full   pyreqwest_st     131072 B c=150 round=1/3    1464.9 req/s
h2 full   httpx              1024 B c=100 round=1/3    1686.6 req/s
h2 stream wreq            4194304 B c=150 round=1/3     141.1 req/s
h2 stream httpx_blocking   131072 B c=150 round=1/3     363.1 req/s
h2 full   pyreqwest_st     131072 B c= 50 round=1/3    1598.9 req/s
h2 stream curl_cffi_blocking  2097152 B c=150 round=1/3      80.0 req/s
h2 full   wreq_blocking    131072 B c= 10 round=1/3    3514.6 req/s
h2 full   ry                65536 B c=100 round=1/3    1676.0 req/s
h2 full   niquests           1024 B c=150 round=1/3    2083.3 req/s
h2 full   curl_cffi       1048576 B c=150 round=1/3     558.6 req/s
h2 stream niquests_blocking    65536 B c=150 round=1/3     643.9 req/s
h2 full   ry               131072 B c=100 round=1/3     977.9 req/s
h2 stream httpx_blocking     1024 B c=150 round=1/3    1443.1 req/s
h2 stream httpx              1024 B c= 10 round=1/3    1611.5 req/s
h2 full   pycurl          4194304 B c= 50 round=1/3      55.8 req/s
h2 full   pyreqwest_mt     131072 B c= 50 round=1/3    2434.0 req/s
h2 stream niquests_blocking  2097152 B c=100 round=1/3      36.5 req/s
h2 full   curl_cffi        131072 B c= 50 round=1/3    2954.7 req/s
h2 stream pycurl           131072 B c=100 round=1/3    1241.3 req/s
h2 full   wreq             131072 B c=150 round=1/3    4196.7 req/s
h2 full   ry_blocking       10240 B c=150 round=1/3    6672.5 req/s
h2 full   wreq_blocking    131072 B c=150 round=1/3    3225.4 req/s
h2 full   httpx           2097152 B c=100 round=1/3      38.5 req/s
h2 full   pyreqwest_mt    4194304 B c=150 round=1/3      77.2 req/s
h2 stream wreq_blocking    131072 B c= 10 round=1/3     521.4 req/s
h2 full   httpx_blocking  4194304 B c= 50 round=1/3      10.1 req/s
h2 full   curl_cffi_blocking     1024 B c=100 round=1/3     555.5 req/s
h2 stream pycurl             1024 B c= 50 round=1/3    6424.5 req/s
h2 full   wreq            2097152 B c=100 round=1/3     324.6 req/s
h2 stream httpx_blocking  2097152 B c=150 round=1/3      27.6 req/s
h2 stream curl_cffi_blocking  4194304 B c=150 round=1/3      42.9 req/s
h2 full   niquests_blocking  2097152 B c= 10 round=1/3      36.6 req/s
h2 stream niquests         131072 B c= 10 round=1/3     891.7 req/s
h2 full   httpx_blocking  1048576 B c=100 round=1/3      49.2 req/s
h2 stream pycurl            65536 B c=150 round=1/3    1859.8 req/s
h2 stream ry_blocking      131072 B c=100 round=1/3    1751.7 req/s
h2 stream niquests_blocking   131072 B c=100 round=1/3     420.5 req/s
h2 full   wreq_st           10240 B c=150 round=1/3   23015.7 req/s
h2 full   wreq_blocking     10240 B c= 50 round=1/3    3631.6 req/s
h2 full   niquests         131072 B c= 50 round=1/3     892.6 req/s
h2 stream curl_cffi_blocking  2097152 B c= 10 round=1/3      78.3 req/s
h2 stream pyreqwest_mt    1048576 B c= 50 round=1/3     223.9 req/s
h2 full   pycurl             1024 B c=150 round=1/3    9333.2 req/s
h2 stream niquests_blocking  1048576 B c=150 round=1/3      73.1 req/s
h2 full   ry                10240 B c=100 round=1/3    2923.4 req/s
h2 stream wreq_st           10240 B c= 10 round=1/3   10388.1 req/s
h2 stream curl_cffi       1048576 B c=100 round=1/3     492.0 req/s
h2 full   pyreqwest_st      10240 B c=150 round=1/3    4124.7 req/s
h2 full   ry_blocking       10240 B c= 50 round=1/3    7760.0 req/s
h2 stream curl_cffi         10240 B c= 50 round=1/3    5149.1 req/s
h2 full   pyreqwest_st    2097152 B c=150 round=1/3     136.4 req/s
h2 stream wreq_st           65536 B c= 50 round=1/3    6706.7 req/s
h2 stream curl_cffi_blocking  4194304 B c= 10 round=1/3      42.1 req/s
h2 full   pyreqwest_mt      65536 B c= 10 round=1/3    3627.3 req/s
h2 stream httpx_blocking  4194304 B c= 50 round=1/3      13.4 req/s
h2 full   niquests_blocking     1024 B c=100 round=1/3    1260.3 req/s
h2 stream ry_blocking     1048576 B c= 10 round=1/3     333.1 req/s
h2 stream pyreqwest_mt    4194304 B c= 10 round=1/3      74.0 req/s
h2 stream niquests        4194304 B c= 10 round=1/3      48.1 req/s
h2 full   niquests_blocking     1024 B c=150 round=1/3    1199.3 req/s
h2 full   niquests_blocking  4194304 B c= 10 round=1/3      18.6 req/s
h2 stream pycurl          1048576 B c= 10 round=1/3     185.8 req/s
h2 full   wreq            1048576 B c=150 round=1/3     628.2 req/s
h2 stream httpx_blocking  1048576 B c=150 round=1/3      54.6 req/s
h2 stream curl_cffi_blocking   131072 B c= 10 round=1/3     384.5 req/s
h2 stream curl_cffi_blocking  4194304 B c= 50 round=1/3      42.2 req/s
h2 stream curl_cffi_blocking   131072 B c=100 round=1/3     385.9 req/s
h2 full   httpx           1048576 B c= 10 round=1/3     100.3 req/s
h2 stream wreq_blocking    131072 B c= 50 round=1/3     526.7 req/s
h2 stream wreq            2097152 B c= 50 round=1/3     281.7 req/s
h2 stream pyreqwest_st      10240 B c= 10 round=1/3    2474.1 req/s
h2 stream httpx_blocking  1048576 B c= 50 round=1/3      53.3 req/s
h2 full   pyreqwest_mt    4194304 B c= 50 round=1/3      84.5 req/s
h2 full   niquests         131072 B c=150 round=1/3     927.7 req/s
h2 full   niquests_blocking   131072 B c=100 round=1/3     427.4 req/s
h2 stream pyreqwest_mt      10240 B c=100 round=1/3    3468.3 req/s
h2 stream curl_cffi_blocking   131072 B c= 50 round=1/3     393.1 req/s
h2 stream niquests_blocking  4194304 B c=100 round=1/3      18.5 req/s
h2 full   niquests_blocking   131072 B c= 10 round=1/3     436.8 req/s
h2 full   curl_cffi_blocking  4194304 B c= 50 round=1/3      47.6 req/s
h2 full   curl_cffi       2097152 B c=150 round=1/3     312.0 req/s
h2 full   curl_cffi_blocking  2097152 B c=100 round=1/3      87.5 req/s
h2 full   niquests_blocking  2097152 B c=150 round=1/3      37.4 req/s
h2 stream curl_cffi_blocking  1048576 B c=150 round=1/3     139.4 req/s
h2 stream ry               131072 B c=150 round=1/3     639.2 req/s
h2 full   wreq_blocking      1024 B c=150 round=1/3    3330.6 req/s
h2 stream wreq_blocking   2097152 B c=100 round=1/3     333.9 req/s
h2 full   httpx             65536 B c=100 round=1/3     910.1 req/s
h2 stream httpx           2097152 B c=100 round=1/3      53.3 req/s
h2 full   httpx_blocking     1024 B c=100 round=1/3    1468.9 req/s
h2 full   niquests           1024 B c=100 round=1/3    2107.4 req/s
h2 full   curl_cffi_blocking  1048576 B c= 10 round=1/3     151.3 req/s
h2 stream curl_cffi       1048576 B c= 10 round=1/3     467.8 req/s
h2 full   pycurl            65536 B c=150 round=1/3    2818.1 req/s
h2 full   httpx_blocking   131072 B c= 10 round=1/3     362.5 req/s
h2 full   curl_cffi_blocking    65536 B c=150 round=1/3     481.8 req/s
h2 full   pyreqwest_mt       1024 B c= 10 round=1/3    6645.8 req/s
h2 full   httpx           1048576 B c=150 round=1/3      90.6 req/s
h2 stream pyreqwest_mt    4194304 B c= 50 round=1/3      75.0 req/s
h2 full   wreq_st           65536 B c=150 round=1/3   11946.0 req/s
h2 stream pyreqwest_mt      10240 B c= 10 round=1/3    2786.4 req/s
h2 stream niquests        4194304 B c=150 round=1/3      48.7 req/s
h2 stream curl_cffi       2097152 B c=100 round=1/3     236.3 req/s
h2 stream pycurl             1024 B c=150 round=1/3    5555.9 req/s
h2 full   pycurl          4194304 B c=100 round=1/3      57.0 req/s
h2 full   pyreqwest_st    1048576 B c=150 round=1/3     271.0 req/s
h2 full   ry              4194304 B c=150 round=1/3      40.6 req/s
h2 stream niquests_blocking   131072 B c= 50 round=1/3     425.9 req/s
h2 stream wreq               1024 B c= 10 round=1/3   10174.9 req/s
h2 stream wreq              10240 B c=150 round=1/3   15422.4 req/s
h2 full   curl_cffi       2097152 B c=100 round=1/3     307.0 req/s
h2 full   httpx_blocking    10240 B c= 10 round=1/3    1555.7 req/s
h2 full   pycurl          1048576 B c= 10 round=1/3     211.5 req/s
h2 stream pyreqwest_mt     131072 B c= 50 round=1/3    1194.5 req/s
h2 stream ry              1048576 B c= 10 round=1/3     106.1 req/s
h2 stream niquests          10240 B c=150 round=1/3    2024.5 req/s
h2 stream pyreqwest_st       1024 B c=100 round=1/3    2574.5 req/s
h2 stream wreq_blocking     10240 B c= 50 round=1/3     562.5 req/s
h2 stream wreq_blocking   2097152 B c= 50 round=1/3     334.1 req/s
h2 stream httpx_blocking     1024 B c=100 round=1/3    1454.3 req/s
h2 full   ry                10240 B c= 10 round=1/3    2556.5 req/s
h2 full   wreq_blocking     65536 B c= 50 round=1/3    3590.2 req/s
h2 full   pyreqwest_st    2097152 B c=100 round=1/3     134.7 req/s
h2 full   curl_cffi_blocking     1024 B c= 10 round=1/3     560.0 req/s
h2 stream ry_blocking       10240 B c=150 round=1/3    4477.4 req/s
h2 stream ry_blocking     1048576 B c=150 round=1/3     328.6 req/s
h2 full   ry              1048576 B c=100 round=1/3     152.5 req/s
h2 full   wreq            2097152 B c= 10 round=1/3     303.1 req/s
h2 stream pyreqwest_st       1024 B c= 50 round=1/3    2534.3 req/s
h2 full   niquests        2097152 B c= 50 round=1/3      97.3 req/s
h2 full   ry_blocking        1024 B c= 50 round=1/3    7965.2 req/s
h2 stream ry_blocking        1024 B c= 10 round=1/3    5329.0 req/s
h2 full   wreq_st         1048576 B c= 50 round=1/3     845.9 req/s
h2 stream ry                10240 B c= 50 round=1/3    1714.0 req/s
h2 stream pyreqwest_mt       1024 B c=100 round=1/3    3417.6 req/s
h2 full   wreq_st         1048576 B c=100 round=1/3     829.4 req/s
h2 stream wreq_blocking   1048576 B c=150 round=1/3     373.3 req/s
h2 stream curl_cffi         65536 B c=150 round=1/3    2891.9 req/s
h2 full   wreq              65536 B c=150 round=1/3    7659.6 req/s
h2 stream niquests_blocking    10240 B c=150 round=1/3    1215.5 req/s
h2 full   niquests_blocking  1048576 B c= 50 round=1/3      71.9 req/s
h2 full   curl_cffi_blocking   131072 B c= 50 round=1/3     431.5 req/s
h2 full   wreq_blocking      1024 B c= 50 round=1/3    3624.6 req/s
h2 stream pyreqwest_st    4194304 B c= 10 round=1/3      58.9 req/s
h2 stream wreq            1048576 B c= 50 round=1/3     544.1 req/s
h2 full   wreq_blocking     65536 B c=100 round=1/3    3409.8 req/s
h2 stream pyreqwest_mt    1048576 B c= 10 round=1/3     222.6 req/s
h2 full   wreq             131072 B c= 50 round=1/3    4153.4 req/s
h2 stream wreq_st            1024 B c=100 round=1/3   14678.4 req/s
h2 full   niquests_blocking    10240 B c=100 round=1/3    1241.2 req/s
h2 full   niquests_blocking    65536 B c= 10 round=1/3     681.9 req/s
h2 stream wreq            4194304 B c= 50 round=1/3     142.6 req/s
h2 stream niquests        2097152 B c=100 round=1/3      96.8 req/s
h2 stream niquests         131072 B c=100 round=1/3     876.4 req/s
h2 stream wreq              10240 B c= 10 round=1/3    9902.3 req/s
h2 full   pyreqwest_st       1024 B c= 10 round=1/3    4159.9 req/s
h2 stream pyreqwest_st      65536 B c= 10 round=1/3    1173.7 req/s
h2 stream niquests_blocking    65536 B c=100 round=1/3     658.9 req/s
h2 stream httpx_blocking   131072 B c=100 round=1/3     362.4 req/s
h2 full   wreq_blocking      1024 B c=100 round=1/3    3307.7 req/s
h2 full   httpx_blocking    10240 B c=100 round=1/3    1459.3 req/s
h2 full   wreq_st           65536 B c= 10 round=1/3    9671.3 req/s
h2 full   curl_cffi       4194304 B c=100 round=1/3     156.8 req/s
h2 stream curl_cffi         10240 B c=150 round=1/3    5418.4 req/s
h2 stream curl_cffi_blocking    10240 B c=150 round=1/3     522.6 req/s
h2 full   wreq_st         2097152 B c= 10 round=1/3     415.0 req/s
h2 full   wreq            4194304 B c=150 round=1/3     151.8 req/s
h2 stream wreq_blocking      1024 B c=150 round=1/3     549.5 req/s
h2 full   ry_blocking     2097152 B c=150 round=1/3     215.0 req/s
h2 stream pyreqwest_st    4194304 B c=100 round=1/3      61.1 req/s
h2 stream niquests_blocking    10240 B c= 10 round=1/3    1297.6 req/s
h2 stream pyreqwest_st     131072 B c=150 round=1/3     970.7 req/s
h2 full   wreq              65536 B c= 10 round=1/3    6174.2 req/s
h2 stream httpx            131072 B c= 50 round=1/3     584.4 req/s
h2 full   niquests        4194304 B c= 10 round=1/3      48.7 req/s
h2 full   ry_blocking        1024 B c= 10 round=1/3    8574.0 req/s
h2 full   ry_blocking     1048576 B c=100 round=1/3     419.2 req/s
h2 stream httpx_blocking  2097152 B c= 10 round=1/3      26.6 req/s
h2 full   ry_blocking     4194304 B c=150 round=1/3     110.7 req/s
h2 full   wreq_blocking     10240 B c=150 round=1/3    3346.0 req/s
h2 stream ry              4194304 B c= 50 round=1/3      37.5 req/s
h2 stream curl_cffi        131072 B c=100 round=1/3    2178.0 req/s
h2 stream wreq_blocking     10240 B c=100 round=1/3     553.9 req/s
h2 full   ry              4194304 B c= 10 round=1/3      33.9 req/s
h2 full   pyreqwest_mt    1048576 B c= 50 round=1/3     316.7 req/s
h2 stream pyreqwest_st       1024 B c= 10 round=1/3    2553.4 req/s
h2 full   niquests_blocking  2097152 B c=100 round=1/3      36.6 req/s
h2 stream niquests_blocking  4194304 B c= 50 round=1/3      18.6 req/s
h2 stream pycurl           131072 B c=150 round=1/3    1209.3 req/s
h2 full   wreq_blocking   1048576 B c= 50 round=1/3    1740.5 req/s
h2 full   httpx_blocking    10240 B c= 50 round=1/3    1516.6 req/s
h2 full   ry_blocking        1024 B c=100 round=1/3    7361.6 req/s
h2 full   pyreqwest_st      65536 B c=150 round=1/3    2426.7 req/s
h2 full   niquests        2097152 B c=100 round=1/3     100.8 req/s
h2 full   ry              1048576 B c=150 round=1/3     152.2 req/s
h2 full   curl_cffi       1048576 B c=100 round=1/3     593.8 req/s
h2 full   httpx_blocking     1024 B c=150 round=1/3    1441.7 req/s
h2 stream pycurl            10240 B c=100 round=1/3    6046.2 req/s
h2 full   curl_cffi_blocking    65536 B c=100 round=1/3     484.7 req/s
h2 stream ry               131072 B c= 50 round=1/3     637.7 req/s
h2 full   niquests           1024 B c= 10 round=1/3    1990.8 req/s
h2 full   pyreqwest_mt      65536 B c=150 round=1/3    4360.8 req/s
h2 stream httpx           4194304 B c= 10 round=1/3      29.0 req/s
h2 stream wreq               1024 B c= 50 round=1/3   21160.4 req/s
h2 stream ry_blocking     2097152 B c= 50 round=1/3     190.1 req/s
h2 stream pyreqwest_mt      10240 B c=150 round=1/3    3417.0 req/s
h2 stream wreq_blocking     65536 B c= 10 round=1/3     527.5 req/s
h2 full   pyreqwest_mt    2097152 B c= 10 round=1/3     163.8 req/s
h2 full   curl_cffi       4194304 B c= 10 round=1/3     152.9 req/s
h2 stream ry                10240 B c=100 round=1/3    1676.0 req/s
h2 full   pycurl             1024 B c= 50 round=1/3   11281.4 req/s
h2 full   niquests_blocking    10240 B c= 50 round=1/3    1274.9 req/s
h2 full   httpx           2097152 B c=150 round=1/3      39.6 req/s
h2 full   pyreqwest_st     131072 B c= 10 round=1/3    1650.2 req/s
h2 stream niquests        4194304 B c=100 round=1/3      50.6 req/s
h2 full   wreq            4194304 B c= 10 round=1/3     166.5 req/s
h2 stream niquests        1048576 B c= 50 round=1/3     177.9 req/s
h2 full   pyreqwest_mt     131072 B c=100 round=1/3    2380.0 req/s
h2 stream niquests_blocking  2097152 B c= 50 round=1/3      36.4 req/s
h2 stream curl_cffi          1024 B c=150 round=1/3    5808.3 req/s
h2 full   pyreqwest_st      65536 B c= 50 round=1/3    2630.2 req/s
h2 full   httpx_blocking  1048576 B c=150 round=1/3      51.3 req/s
h2 full   niquests          65536 B c=100 round=1/3    1179.1 req/s
h2 full   wreq_st            1024 B c= 50 round=1/3   23219.0 req/s
h2 stream niquests          65536 B c= 50 round=1/3    1304.8 req/s
h2 full   httpx             10240 B c= 50 round=1/3    1638.9 req/s
h2 stream curl_cffi         65536 B c= 50 round=1/3    2716.3 req/s
h2 stream wreq              65536 B c=150 round=1/3    6522.5 req/s
h2 full   pyreqwest_mt    1048576 B c=100 round=1/3     310.2 req/s
h2 stream ry                10240 B c= 10 round=1/3    1483.9 req/s
h2 stream httpx_blocking    10240 B c= 10 round=1/3    1548.1 req/s
h2 full   niquests_blocking  1048576 B c= 10 round=1/3      72.2 req/s
h2 stream wreq_st           65536 B c=100 round=1/3    6422.9 req/s
h2 stream wreq_st           10240 B c=100 round=1/3   15433.1 req/s
h2 full   wreq            1048576 B c= 50 round=1/3     615.8 req/s
h2 stream pycurl            10240 B c= 10 round=1/3    6808.3 req/s
h2 stream httpx           2097152 B c= 10 round=1/3      57.6 req/s
h2 stream httpx_blocking  4194304 B c= 10 round=1/3      13.3 req/s
h2 full   curl_cffi_blocking  2097152 B c= 10 round=1/3      87.5 req/s
h2 full   httpx_blocking   131072 B c= 50 round=1/3     360.9 req/s
h2 full   wreq_st         4194304 B c=100 round=1/3     206.4 req/s
h2 stream pyreqwest_mt      65536 B c= 10 round=1/3    1322.6 req/s
h2 stream pycurl            10240 B c=150 round=1/3    5700.5 req/s
h2 full   wreq_blocking   2097152 B c=150 round=1/3    1055.8 req/s
h2 full   pyreqwest_st       1024 B c= 50 round=1/3    4108.5 req/s
h2 full   wreq_blocking    131072 B c= 50 round=1/3    3495.0 req/s
h2 stream curl_cffi_blocking  4194304 B c=100 round=1/3      41.6 req/s
h2 stream httpx_blocking  1048576 B c= 10 round=1/3      53.6 req/s
h2 full   ry                65536 B c=150 round=1/3    1620.5 req/s
h2 full   ry_blocking       65536 B c= 10 round=1/3    4566.6 req/s
h2 stream ry_blocking      131072 B c= 10 round=1/3    1870.6 req/s
h2 full   curl_cffi_blocking  2097152 B c=150 round=1/3      90.2 req/s
h2 stream ry              2097152 B c=100 round=1/3      70.1 req/s
h2 stream curl_cffi          1024 B c=100 round=1/3    5946.3 req/s
h2 full   pycurl           131072 B c= 10 round=1/3    1610.5 req/s
h2 stream pyreqwest_mt       1024 B c= 50 round=1/3    3350.3 req/s
h2 full   httpx            131072 B c=150 round=1/3     586.8 req/s
h2 stream httpx              1024 B c=100 round=1/3    1716.5 req/s
h2 stream wreq_st          131072 B c= 10 round=1/3    4297.8 req/s
h2 full   wreq_st           10240 B c=100 round=1/3   23656.8 req/s
h2 stream ry               131072 B c=100 round=1/3     629.6 req/s
h2 stream httpx_blocking  4194304 B c=150 round=1/3      13.8 req/s
h2 stream wreq             131072 B c=150 round=1/3    3906.7 req/s
h2 full   niquests        1048576 B c= 10 round=1/3     181.7 req/s
h2 full   pyreqwest_st    4194304 B c= 10 round=1/3      66.6 req/s
h2 stream niquests          10240 B c= 50 round=1/3    1945.9 req/s
h2 stream pyreqwest_mt    2097152 B c=100 round=1/3     132.8 req/s
h2 full   ry_blocking     1048576 B c= 50 round=1/3     426.3 req/s
h2 full   ry_blocking     2097152 B c= 50 round=1/3     223.2 req/s
h2 stream niquests        2097152 B c=150 round=1/3      98.8 req/s
h2 full   niquests_blocking  2097152 B c= 50 round=1/3      36.6 req/s
h2 full   curl_cffi_blocking  2097152 B c= 50 round=1/3      87.7 req/s
h2 stream wreq_st            1024 B c=150 round=1/3   15280.4 req/s
h2 stream niquests           1024 B c=100 round=1/3    2030.1 req/s
h2 full   wreq              65536 B c=100 round=1/3    7588.1 req/s
h2 stream httpx            131072 B c=150 round=1/3     594.7 req/s
h2 stream pyreqwest_st    2097152 B c=150 round=1/3     113.9 req/s
h2 full   curl_cffi_blocking  4194304 B c= 10 round=1/3      48.2 req/s
h2 full   pyreqwest_mt      65536 B c= 50 round=1/3    4391.1 req/s
h2 stream pyreqwest_mt    1048576 B c=150 round=1/3     221.9 req/s
h2 stream httpx_blocking     1024 B c= 50 round=1/3    1523.3 req/s
h2 stream wreq_st         1048576 B c= 50 round=1/3     841.7 req/s
h2 full   niquests        4194304 B c= 50 round=1/3      49.5 req/s
h2 full   niquests          10240 B c= 10 round=1/3    2029.4 req/s
h2 full   ry               131072 B c= 10 round=1/3     880.9 req/s
h2 full   httpx              1024 B c= 10 round=1/3    1543.5 req/s
h2 full   niquests         131072 B c=100 round=1/3     910.7 req/s
h2 full   pyreqwest_st      10240 B c= 50 round=1/3    3995.9 req/s
h2 full   pyreqwest_mt    2097152 B c=100 round=1/3     156.9 req/s
h2 full   ry                 1024 B c=100 round=1/3    2895.7 req/s
h2 full   wreq_st         2097152 B c= 50 round=1/3     420.8 req/s
h2 full   httpx           1048576 B c= 50 round=1/3      93.7 req/s
h2 full   pycurl            10240 B c=100 round=1/3   10182.6 req/s
h2 full   wreq               1024 B c=150 round=1/3   29674.6 req/s
h2 stream pyreqwest_st       1024 B c=150 round=1/3    2598.5 req/s
h2 stream ry_blocking     1048576 B c= 50 round=1/3     339.3 req/s
h2 stream curl_cffi        131072 B c= 50 round=1/3    2112.1 req/s
h2 stream curl_cffi_blocking    65536 B c=150 round=1/3     436.6 req/s
h2 stream niquests_blocking   131072 B c= 10 round=1/3     441.0 req/s
h2 stream pyreqwest_st      10240 B c= 50 round=1/3    2479.5 req/s
h2 stream wreq            1048576 B c=100 round=1/3     510.3 req/s
h2 full   wreq_blocking     65536 B c= 10 round=1/3    3388.7 req/s
h2 stream pyreqwest_st    1048576 B c=150 round=1/3     179.3 req/s
h2 stream wreq              65536 B c= 10 round=1/3    5414.0 req/s
h2 full   curl_cffi          1024 B c=150 round=1/3    8009.2 req/s
h2 full   httpx_blocking  4194304 B c=150 round=1/3      10.3 req/s
h2 stream wreq               1024 B c=100 round=1/3   22886.9 req/s
h2 stream ry_blocking      131072 B c= 50 round=1/3    1824.1 req/s
h2 stream niquests        1048576 B c= 10 round=1/3     178.6 req/s
h2 stream curl_cffi       4194304 B c= 50 round=1/3     137.5 req/s
h2 full   wreq            1048576 B c= 10 round=1/3     676.4 req/s
h2 stream httpx           2097152 B c=150 round=1/3      53.9 req/s
h2 full   pyreqwest_mt      10240 B c= 10 round=1/3    6391.1 req/s
h2 stream ry_blocking        1024 B c=150 round=1/3    4557.7 req/s
h2 full   ry_blocking     4194304 B c= 50 round=1/3     108.3 req/s
h2 full   httpx              1024 B c=150 round=1/3    1726.6 req/s
h2 stream pycurl          2097152 B c=100 round=1/3      97.5 req/s
h2 stream niquests          65536 B c= 10 round=1/3    1317.7 req/s
h2 stream wreq             131072 B c= 10 round=1/3    3452.3 req/s
h2 full   httpx            131072 B c=100 round=1/3     584.8 req/s
h2 stream niquests          10240 B c=100 round=1/3    1977.0 req/s
h2 full   niquests        2097152 B c= 10 round=1/3     100.2 req/s
h2 stream ry                 1024 B c= 50 round=1/3    1700.7 req/s
h2 full   ry              2097152 B c=150 round=1/3      79.8 req/s
h2 stream pyreqwest_mt    4194304 B c=150 round=1/3      70.8 req/s
h2 full   wreq              10240 B c= 50 round=1/3   24700.5 req/s
h2 stream ry                65536 B c= 50 round=1/3     849.4 req/s
h2 stream httpx_blocking    65536 B c= 10 round=1/3     611.5 req/s
h2 full   pyreqwest_st      65536 B c=100 round=1/3    2601.0 req/s
h2 stream wreq_blocking   4194304 B c= 10 round=1/3     278.3 req/s
h2 stream pycurl            65536 B c= 10 round=1/3    1953.7 req/s
h2 stream wreq_blocking     65536 B c=100 round=1/3     521.2 req/s
h2 stream pyreqwest_st    1048576 B c= 50 round=1/3     183.6 req/s
h2 full   curl_cffi       1048576 B c= 50 round=1/3     600.2 req/s
h2 stream ry_blocking       65536 B c= 50 round=1/3    2460.3 req/s
h2 stream curl_cffi         10240 B c=100 round=1/3    5435.3 req/s
h2 stream curl_cffi_blocking  1048576 B c= 10 round=1/3     137.2 req/s
h2 stream wreq_blocking      1024 B c= 10 round=1/3     556.9 req/s
h2 stream ry              1048576 B c= 50 round=1/3     119.4 req/s
h2 full   curl_cffi_blocking    65536 B c= 10 round=1/3     483.3 req/s
h2 stream wreq              10240 B c=100 round=1/3   19174.7 req/s
h2 stream niquests_blocking    10240 B c= 50 round=1/3    1248.3 req/s
h2 full   ry               131072 B c=150 round=1/3     944.2 req/s
h2 stream pycurl          1048576 B c=100 round=1/3     191.3 req/s
h2 full   ry_blocking       10240 B c=100 round=1/3    7188.8 req/s
h2 stream curl_cffi_blocking  1048576 B c= 50 round=1/3     137.2 req/s
h2 stream ry_blocking     2097152 B c= 10 round=1/3     186.1 req/s
h2 stream curl_cffi         65536 B c=100 round=1/3    2928.1 req/s
h2 stream httpx           4194304 B c=150 round=1/3      26.6 req/s
h2 stream pyreqwest_st     131072 B c= 10 round=1/3     930.2 req/s
h2 full   wreq_blocking   2097152 B c=100 round=1/3    1075.1 req/s
h2 stream httpx_blocking    10240 B c= 50 round=1/3    1335.2 req/s
h2 full   curl_cffi_blocking    10240 B c= 50 round=1/3     564.6 req/s
h2 full   ry_blocking      131072 B c=150 round=1/3    2494.3 req/s
h2 full   wreq_blocking   4194304 B c=150 round=1/3     601.2 req/s
h2 stream niquests          65536 B c=150 round=1/3    1351.4 req/s
h2 full   ry              1048576 B c= 50 round=1/3     151.1 req/s
h2 stream pyreqwest_mt      65536 B c= 50 round=1/3    1511.9 req/s
h2 stream wreq_st         4194304 B c=150 round=1/3     203.5 req/s
h2 full   wreq_st           65536 B c=100 round=1/3   11658.5 req/s
h2 stream curl_cffi_blocking    10240 B c=100 round=1/3     523.4 req/s
h2 stream wreq_blocking     65536 B c= 50 round=1/3     530.0 req/s
h2 full   pyreqwest_st    2097152 B c= 10 round=1/3     130.7 req/s
h2 full   pycurl           131072 B c=100 round=1/3    1607.6 req/s
h2 stream niquests         131072 B c=150 round=1/3     911.0 req/s
h2 stream httpx_blocking   131072 B c= 50 round=1/3     364.4 req/s
h2 full   ry                65536 B c= 10 round=1/3    1417.7 req/s
h2 stream curl_cffi       2097152 B c=150 round=1/3     240.9 req/s
h2 stream pyreqwest_st     131072 B c=100 round=1/3     972.2 req/s
h2 stream ry_blocking        1024 B c= 50 round=1/3    5091.0 req/s
h2 stream wreq_st           10240 B c=150 round=1/3   13416.1 req/s
h2 stream wreq_st           65536 B c=150 round=1/3    6356.7 req/s
h2 stream pyreqwest_st      10240 B c=100 round=1/3    2601.2 req/s
h2 full   niquests_blocking    65536 B c= 50 round=1/3     659.9 req/s
h2 full   pycurl             1024 B c=100 round=1/3   10234.4 req/s
h2 stream ry_blocking       65536 B c=150 round=1/3    2308.8 req/s
h2 stream wreq_blocking     10240 B c=150 round=1/3     547.5 req/s
h2 stream httpx_blocking  2097152 B c= 50 round=1/3      26.9 req/s
h2 stream curl_cffi_blocking    65536 B c=100 round=1/3     437.2 req/s
h2 stream wreq_blocking   1048576 B c=100 round=1/3     369.7 req/s
h2 full   curl_cffi          1024 B c= 50 round=1/3    7440.1 req/s
h2 full   ry_blocking        1024 B c=150 round=1/3    6799.9 req/s
h2 full   niquests          10240 B c= 50 round=1/3    1998.7 req/s
h2 stream curl_cffi       2097152 B c= 50 round=1/3     257.4 req/s
h2 full   pyreqwest_st    2097152 B c= 50 round=1/3     140.7 req/s
h2 full   pyreqwest_st     131072 B c=100 round=1/3    1532.1 req/s
h2 stream pyreqwest_st      65536 B c=150 round=1/3    1239.2 req/s
h2 stream curl_cffi_blocking     1024 B c= 50 round=1/3     529.3 req/s
h2 stream pycurl          1048576 B c= 50 round=1/3     191.4 req/s
h2 full   ry                10240 B c=150 round=1/3    2998.3 req/s
h2 full   wreq_blocking   4194304 B c= 50 round=1/3     641.9 req/s
h2 full   wreq_blocking   1048576 B c=100 round=1/3    1683.6 req/s
h2 stream pyreqwest_mt      65536 B c=150 round=1/3    1590.6 req/s
h2 full   curl_cffi_blocking    10240 B c= 10 round=1/3     562.9 req/s
h2 stream ry              2097152 B c= 10 round=1/3      58.4 req/s
h2 full   wreq_blocking   1048576 B c=150 round=1/3    1583.5 req/s
h2 full   ry_blocking       65536 B c= 50 round=1/3    4226.1 req/s
h2 stream curl_cffi        131072 B c= 10 round=1/3    1542.1 req/s
h2 stream httpx_blocking    65536 B c=100 round=1/3     596.1 req/s
h2 full   pyreqwest_st    1048576 B c= 10 round=1/3     267.6 req/s
h2 full   wreq            2097152 B c=150 round=1/3     318.8 req/s
h2 stream ry                 1024 B c=150 round=1/3    1782.7 req/s
h2 stream niquests          65536 B c=100 round=1/3    1329.7 req/s
h2 stream niquests_blocking    65536 B c= 10 round=1/3     690.3 req/s
h2 stream httpx             65536 B c= 10 round=1/3     844.6 req/s
h2 full   ry               131072 B c= 50 round=1/3    1036.7 req/s
h2 full   pyreqwest_mt      10240 B c=150 round=1/3    7669.2 req/s
h2 stream pycurl            65536 B c= 50 round=1/3    1983.1 req/s
h2 stream pycurl             1024 B c=100 round=1/3    5985.0 req/s
h2 stream wreq_st           65536 B c= 10 round=1/3    5458.4 req/s
h2 stream httpx            131072 B c= 10 round=1/3     545.1 req/s
h2 full   ry_blocking      131072 B c= 50 round=1/3    2703.2 req/s
h2 stream wreq_blocking      1024 B c=100 round=1/3     559.5 req/s
h2 stream ry_blocking       10240 B c= 50 round=1/3    5157.7 req/s
h2 stream ry              4194304 B c= 10 round=1/3      31.9 req/s
h2 full   wreq_st            1024 B c= 10 round=1/3   18217.1 req/s
h2 stream niquests           1024 B c= 10 round=1/3    2031.9 req/s
h2 full   ry              2097152 B c= 10 round=1/3      66.4 req/s
h2 stream pyreqwest_mt       1024 B c= 10 round=1/3    2884.7 req/s
h2 full   pyreqwest_mt    1048576 B c= 10 round=1/3     341.7 req/s
h2 stream ry_blocking     1048576 B c=100 round=1/3     331.2 req/s
h2 full   pyreqwest_mt      10240 B c= 50 round=1/3    7301.1 req/s
h2 full   httpx_blocking    10240 B c=150 round=1/3    1407.3 req/s
h2 stream curl_cffi_blocking    10240 B c= 10 round=1/3     523.4 req/s
h2 stream curl_cffi_blocking   131072 B c=150 round=1/3     388.5 req/s
h2 stream pyreqwest_mt      10240 B c= 50 round=1/3    3342.7 req/s
h2 stream httpx_blocking  2097152 B c=100 round=1/3      26.6 req/s
h2 stream niquests_blocking  2097152 B c=150 round=1/3      37.4 req/s
h2 stream pyreqwest_st    2097152 B c= 50 round=1/3     108.9 req/s
h2 full   pyreqwest_mt     131072 B c= 10 round=1/3    2253.9 req/s
h2 full   pyreqwest_st    1048576 B c= 50 round=1/3     263.4 req/s
h2 full   pyreqwest_st      10240 B c= 10 round=1/3    4102.1 req/s
h2 full   curl_cffi         65536 B c=100 round=1/3    4584.8 req/s
h2 stream ry_blocking     2097152 B c=100 round=1/3     190.1 req/s
h2 full   niquests        4194304 B c=150 round=1/3      53.7 req/s
h2 stream wreq_blocking   1048576 B c= 10 round=1/3     372.0 req/s
h2 stream wreq_st          131072 B c=100 round=1/3    6077.9 req/s
h2 stream ry_blocking     4194304 B c=100 round=1/3     100.1 req/s
h2 stream httpx           4194304 B c=100 round=1/3      26.9 req/s
h2 stream niquests_blocking    65536 B c= 50 round=1/3     679.9 req/s
h2 stream ry                65536 B c=150 round=1/3     850.6 req/s
h2 full   ry                65536 B c= 50 round=1/3    1635.4 req/s
h2 stream pyreqwest_st    1048576 B c= 10 round=1/3     182.5 req/s
h2 full   pyreqwest_st    4194304 B c=150 round=1/3      72.9 req/s
h2 stream curl_cffi_blocking    10240 B c= 50 round=1/3     529.6 req/s
h2 full   wreq_st          131072 B c=100 round=1/3    6372.5 req/s
h2 full   pycurl           131072 B c=150 round=1/3    1568.2 req/s
h2 full   pycurl             1024 B c= 10 round=1/3   13032.3 req/s
h2 full   httpx           4194304 B c=150 round=1/3      15.6 req/s
h2 full   pycurl            65536 B c= 50 round=1/3    3023.1 req/s
h2 full   wreq_st          131072 B c=150 round=1/3    6329.2 req/s
h2 stream httpx              1024 B c=150 round=1/3    1705.9 req/s
h2 stream pycurl           131072 B c= 10 round=1/3    1248.3 req/s
h2 stream wreq              10240 B c= 50 round=1/3   20981.8 req/s
h2 stream curl_cffi       2097152 B c= 10 round=1/3     256.2 req/s
h2 full   niquests        1048576 B c= 50 round=1/3     179.5 req/s
h2 stream pyreqwest_st      65536 B c=100 round=1/3    1217.0 req/s
h2 full   wreq_st          131072 B c= 10 round=1/3    6079.3 req/s
h2 full   httpx_blocking  2097152 B c= 50 round=1/3      23.3 req/s
h2 full   ry_blocking     4194304 B c=100 round=1/3     109.5 req/s
h2 full   pycurl          2097152 B c=100 round=1/3     112.8 req/s
h2 full   wreq_blocking   4194304 B c= 10 round=1/3     679.6 req/s
h2 full   wreq_blocking     10240 B c=100 round=1/3    3443.0 req/s
h2 stream httpx             65536 B c=100 round=1/3     889.2 req/s
h2 stream wreq_st          131072 B c= 50 round=1/3    6063.0 req/s
h2 full   wreq            4194304 B c=100 round=1/3     184.5 req/s
h2 stream pyreqwest_mt    2097152 B c=150 round=1/3     131.1 req/s
h2 stream wreq_st         2097152 B c=150 round=1/3     423.6 req/s
h2 full   niquests          65536 B c= 10 round=1/3    1364.9 req/s
h2 stream ry              1048576 B c=150 round=1/3     121.4 req/s
h2 full   niquests_blocking     1024 B c= 10 round=1/3    1327.9 req/s
h2 stream httpx             10240 B c= 50 round=1/3    1647.8 req/s
h2 full   curl_cffi         65536 B c= 50 round=1/3    4532.6 req/s
h2 stream curl_cffi          1024 B c= 10 round=1/3    4621.6 req/s
h2 stream curl_cffi_blocking    65536 B c= 10 round=1/3     440.4 req/s
h2 full   niquests_blocking    10240 B c=150 round=1/3    1187.8 req/s
h2 stream httpx_blocking    10240 B c=150 round=1/3    1434.1 req/s
h2 stream pyreqwest_mt     131072 B c=150 round=1/3    1230.9 req/s
h2 stream httpx             10240 B c=150 round=1/3    1713.8 req/s
h2 stream pyreqwest_st    1048576 B c=100 round=1/3     186.8 req/s
h2 stream httpx           1048576 B c= 50 round=1/3     107.2 req/s
h2 full   pyreqwest_mt    1048576 B c=150 round=1/3     300.9 req/s
h2 full   pycurl          1048576 B c=150 round=1/3     220.0 req/s
h2 full   httpx             65536 B c= 10 round=1/3     836.7 req/s
h2 stream wreq_blocking   4194304 B c=100 round=1/3     273.0 req/s
h2 full   curl_cffi        131072 B c= 10 round=1/3    2094.3 req/s
h2 full   wreq_st            1024 B c=100 round=1/3   29953.3 req/s
h2 full   curl_cffi       4194304 B c= 50 round=1/3     160.0 req/s
h2 full   ry_blocking     2097152 B c=100 round=1/3     216.8 req/s
h2 stream wreq_blocking   4194304 B c= 50 round=1/3     277.5 req/s
h2 full   wreq            1048576 B c=100 round=1/3     630.5 req/s
h2 stream pyreqwest_mt       1024 B c=150 round=1/3    3407.0 req/s
h2 stream ry_blocking      131072 B c=150 round=1/3    1724.4 req/s
h2 stream httpx           1048576 B c= 10 round=1/3     111.2 req/s
h2 full   wreq_st           65536 B c= 50 round=1/3   12188.3 req/s
h2 stream httpx_blocking  1048576 B c=100 round=1/3      52.9 req/s
h2 stream wreq_blocking   1048576 B c= 50 round=1/3     373.5 req/s
h2 full   niquests        2097152 B c=150 round=1/3     104.6 req/s
h2 stream curl_cffi_blocking  2097152 B c= 50 round=1/3      78.7 req/s
h2 full   pyreqwest_mt    2097152 B c=150 round=1/3     153.5 req/s
h2 stream ry                65536 B c= 10 round=1/3     725.0 req/s
h2 stream curl_cffi       1048576 B c= 50 round=1/3     511.2 req/s
h2 full   niquests_blocking    65536 B c=100 round=1/3     660.1 req/s
h2 full   niquests          10240 B c=100 round=1/3    2033.4 req/s
h2 stream pyreqwest_mt     131072 B c=100 round=1/3    1222.1 req/s
h2 full   wreq               1024 B c= 50 round=1/3   24685.1 req/s
h2 full   niquests_blocking  4194304 B c=100 round=1/3      18.5 req/s
h2 full   httpx            131072 B c= 10 round=1/3     539.3 req/s
h2 full   curl_cffi_blocking  1048576 B c=150 round=1/3     154.8 req/s
h2 full   curl_cffi          1024 B c=100 round=1/3    8253.9 req/s
h2 stream niquests         131072 B c= 50 round=1/3     871.1 req/s
h2 stream httpx             65536 B c= 50 round=1/3     867.6 req/s
h2 full   httpx             10240 B c= 10 round=1/3    1595.0 req/s
h2 stream httpx              1024 B c= 50 round=1/3    1677.0 req/s
h2 stream niquests        1048576 B c=100 round=1/3     176.2 req/s
h2 full   niquests_blocking    65536 B c=150 round=1/3     657.5 req/s
h2 full   pycurl          1048576 B c= 50 round=1/3     220.9 req/s
h2 full   pyreqwest_st    4194304 B c=100 round=1/3      73.9 req/s
h2 stream pyreqwest_st     131072 B c= 50 round=1/3     953.6 req/s
h2 full   niquests_blocking    10240 B c= 10 round=1/3    1312.0 req/s
h2 full   wreq               1024 B c= 10 round=1/3   12818.1 req/s
h2 full   httpx_blocking    65536 B c= 10 round=1/3     627.4 req/s
h2 full   pycurl            65536 B c= 10 round=1/3    3086.7 req/s
h2 stream niquests        4194304 B c= 50 round=1/3      48.4 req/s
h2 full   pyreqwest_mt    2097152 B c= 50 round=1/3     166.8 req/s
h2 stream httpx_blocking  4194304 B c=100 round=1/3      13.1 req/s
h2 full   httpx_blocking  2097152 B c=100 round=1/3      23.1 req/s
h2 stream curl_cffi       1048576 B c=150 round=1/3     476.9 req/s
h2 full   wreq             131072 B c= 10 round=1/3    4015.6 req/s
h2 full   ry                 1024 B c=150 round=1/3    2990.9 req/s
h2 full   niquests_blocking     1024 B c= 50 round=1/3    1305.9 req/s
h2 stream pycurl          2097152 B c=150 round=1/3      98.9 req/s
h2 full   niquests         131072 B c= 10 round=1/3     887.7 req/s
h2 full   ry_blocking       65536 B c=150 round=1/3    3863.4 req/s
h2 stream wreq_blocking     10240 B c= 10 round=1/3     557.4 req/s
h2 stream httpx_blocking     1024 B c= 10 round=1/3    1553.4 req/s
h2 stream wreq            1048576 B c=150 round=1/3     571.9 req/s
h2 stream niquests_blocking  2097152 B c= 10 round=1/3      36.6 req/s
h2 stream wreq_st         1048576 B c=100 round=1/3     843.3 req/s
h2 stream niquests_blocking     1024 B c= 10 round=1/3    1332.0 req/s
h2 full   niquests        4194304 B c=100 round=1/3      49.7 req/s
h2 full   httpx_blocking    65536 B c= 50 round=1/3     617.5 req/s
h2 full   curl_cffi_blocking  4194304 B c=100 round=1/3      47.6 req/s
h2 full   ry              2097152 B c= 50 round=1/3      78.4 req/s
h2 stream wreq            2097152 B c= 10 round=1/3     277.5 req/s
h2 full   curl_cffi         65536 B c=150 round=1/3    4293.5 req/s
h2 stream pyreqwest_st    2097152 B c=100 round=1/3     110.1 req/s
h2 full   httpx           2097152 B c= 10 round=1/3      47.6 req/s
h2 stream pycurl            10240 B c= 50 round=1/3    6359.2 req/s
h2 full   pyreqwest_mt     131072 B c=150 round=1/3    1998.0 req/s
h2 full   pyreqwest_mt      10240 B c=100 round=1/3    7442.8 req/s
h2 stream curl_cffi         10240 B c= 10 round=1/3    4393.2 req/s
h2 full   pyreqwest_st    4194304 B c= 50 round=1/3      69.4 req/s
h2 full   ry_blocking       10240 B c= 10 round=1/3    8986.4 req/s
h2 full   curl_cffi_blocking   131072 B c=100 round=1/3     424.3 req/s
h2 stream pyreqwest_st      10240 B c=150 round=1/3    2532.2 req/s
h2 full   curl_cffi         10240 B c= 10 round=1/3    6043.7 req/s
h2 full   pyreqwest_mt    4194304 B c=100 round=1/3      80.5 req/s
h2 full   curl_cffi       1048576 B c= 10 round=1/3     544.0 req/s
h2 stream niquests        2097152 B c= 10 round=1/3      94.4 req/s
h2 full   ry                 1024 B c= 50 round=1/3    2830.0 req/s
h2 full   pycurl            65536 B c=100 round=1/3    2909.5 req/s
h2 stream ry              4194304 B c=150 round=1/3      38.2 req/s
h2 stream wreq            1048576 B c= 10 round=1/3     551.4 req/s
h2 full   niquests          65536 B c=150 round=1/3    1341.3 req/s
h2 stream niquests_blocking    10240 B c=100 round=1/3    1058.2 req/s
h2 full   curl_cffi         10240 B c=150 round=1/3    8164.7 req/s
h2 full   httpx_blocking  1048576 B c= 50 round=1/3      49.8 req/s
h2 stream wreq              65536 B c= 50 round=1/3    7467.6 req/s
h2 stream niquests           1024 B c=150 round=1/3    2078.7 req/s
h2 stream wreq_st          131072 B c=150 round=1/3    5903.3 req/s
h2 full   httpx_blocking  2097152 B c=150 round=1/3      23.9 req/s
h2 full   wreq_blocking     65536 B c=150 round=1/3    3238.2 req/s
h2 full   wreq_blocking   2097152 B c= 50 round=1/3    1137.8 req/s
h2 full   httpx_blocking  1048576 B c= 10 round=1/3      51.3 req/s
h2 stream pycurl          4194304 B c=100 round=1/3      48.9 req/s
h2 full   wreq             131072 B c=100 round=1/3    4025.6 req/s
h2 full   ry_blocking     1048576 B c= 10 round=1/3     424.1 req/s
h2 full   curl_cffi_blocking   131072 B c=150 round=1/3     424.8 req/s
h2 stream niquests_blocking   131072 B c=150 round=1/3     412.6 req/s
h2 full   wreq_blocking      1024 B c= 10 round=1/3    3814.9 req/s
h2 stream pycurl          2097152 B c= 10 round=1/3      93.6 req/s
h2 full   wreq_st           10240 B c= 50 round=1/3   24516.6 req/s
h2 full   ry              1048576 B c= 10 round=1/3     137.8 req/s
h2 full   pycurl          2097152 B c= 10 round=1/3     107.8 req/s
h2 full   curl_cffi_blocking     1024 B c= 50 round=1/3     561.7 req/s
h2 stream wreq            2097152 B c=100 round=1/3     272.2 req/s
h2 full   curl_cffi         10240 B c= 50 round=1/3    7367.4 req/s
h2 full   curl_cffi       2097152 B c= 50 round=1/3     314.6 req/s
h2 full   httpx           4194304 B c=100 round=1/3      15.6 req/s
h2 full   curl_cffi        131072 B c=150 round=1/3    3032.0 req/s
h2 full   ry_blocking     2097152 B c= 10 round=1/3     212.8 req/s
h2 full   curl_cffi_blocking    10240 B c=150 round=1/3     551.7 req/s
h2 stream ry_blocking     4194304 B c= 50 round=1/3     101.1 req/s
h2 full   curl_cffi_blocking    10240 B c=100 round=1/3     557.2 req/s
h2 full   wreq_st           10240 B c= 10 round=1/3   16936.4 req/s
h2 stream httpx_blocking    65536 B c= 50 round=1/3     611.1 req/s
h2 stream httpx           1048576 B c=100 round=1/3     106.8 req/s
h2 full   wreq_st         4194304 B c= 50 round=1/3     208.4 req/s
h2 full   httpx             10240 B c=100 round=1/3    1659.8 req/s
h2 stream curl_cffi_blocking  2097152 B c=100 round=1/3      77.4 req/s
h2 stream niquests_blocking     1024 B c=100 round=1/3    1204.3 req/s
h2 stream wreq_blocking    131072 B c=150 round=1/3     513.9 req/s
h2 full   httpx_blocking  4194304 B c=100 round=1/3      10.0 req/s
h2 stream niquests          10240 B c= 10 round=1/3    2014.4 req/s
h2 stream ry_blocking        1024 B c=100 round=1/3    4771.9 req/s
h2 full   pyreqwest_mt    4194304 B c= 10 round=1/3      84.0 req/s
h2 stream pycurl          4194304 B c=150 round=1/3      49.5 req/s
h2 stream curl_cffi_blocking     1024 B c= 10 round=1/3     525.2 req/s
h2 stream niquests_blocking  1048576 B c= 10 round=1/3      71.0 req/s
h2 full   wreq_st         1048576 B c=150 round=1/3     838.6 req/s
h2 stream wreq             131072 B c=100 round=1/3    3938.5 req/s
h2 stream httpx           2097152 B c= 50 round=1/3      57.6 req/s
h2 stream wreq_st         4194304 B c= 10 round=1/3     211.5 req/s
h2 full   httpx_blocking     1024 B c= 50 round=1/3    1504.4 req/s
h2 full   wreq_st         1048576 B c= 10 round=1/3     845.6 req/s
h2 full   niquests          65536 B c= 50 round=1/3    1325.9 req/s
h2 full   pyreqwest_mt       1024 B c=100 round=1/3    7796.4 req/s
h2 full   pycurl          2097152 B c= 50 round=1/3     111.7 req/s
h2 stream curl_cffi         65536 B c= 10 round=1/3    2262.9 req/s
h2 stream ry                65536 B c=100 round=1/3     865.4 req/s
h2 full   ry              2097152 B c=100 round=1/3      80.1 req/s
h2 full   ry              4194304 B c= 50 round=1/3      40.1 req/s
h2 full   niquests_blocking  4194304 B c= 50 round=1/3      18.7 req/s
h2 full   ry_blocking      131072 B c= 10 round=1/3    2815.3 req/s
h2 full   pyreqwest_st       1024 B c=150 round=1/3    4030.7 req/s
h2 full   niquests_blocking  1048576 B c=100 round=1/3      71.5 req/s
h2 stream httpx_blocking    10240 B c=100 round=1/3    1448.4 req/s
h2 full   wreq_blocking   4194304 B c=100 round=1/3     621.3 req/s
h2 full   ry                10240 B c= 50 round=1/3    2880.0 req/s
h2 stream pyreqwest_st    4194304 B c= 50 round=1/3      61.4 req/s
h2 stream wreq_st         4194304 B c=100 round=1/3     212.5 req/s
h2 full   curl_cffi_blocking     1024 B c=150 round=1/3     555.2 req/s
h2 full   wreq            2097152 B c= 50 round=1/3     321.3 req/s
h2 full   curl_cffi       2097152 B c= 10 round=1/3     285.0 req/s
h2 full   httpx            131072 B c= 50 round=1/3     581.6 req/s
h2 stream ry              2097152 B c= 50 round=1/3      69.0 req/s
h2 full   wreq_st            1024 B c=150 round=1/3   26368.7 req/s
h2 full   ry_blocking       65536 B c=100 round=1/3    4017.5 req/s
h2 stream pycurl          4194304 B c= 50 round=1/3      49.0 req/s
h2 stream pyreqwest_mt      65536 B c=100 round=1/3    1562.8 req/s
h2 full   niquests_blocking   131072 B c=150 round=1/3     419.4 req/s
h2 full   httpx             65536 B c=150 round=1/3     911.1 req/s
h2 stream wreq_blocking   2097152 B c=150 round=1/3     336.1 req/s
h2 full   niquests           1024 B c= 50 round=1/3    2072.4 req/s
h2 full   niquests_blocking  1048576 B c=150 round=1/3      72.9 req/s
h2 stream ry_blocking       10240 B c=100 round=1/3    4744.3 req/s
h2 full   curl_cffi_blocking  1048576 B c= 50 round=1/3     153.1 req/s
h2 full   httpx           4194304 B c= 10 round=1/3      19.4 req/s
h2 full   pycurl            10240 B c=150 round=1/3    9300.3 req/s
h2 stream ry_blocking       10240 B c= 10 round=1/3    5266.3 req/s
h2 stream curl_cffi_blocking  1048576 B c=100 round=1/3     135.9 req/s
h2 stream ry_blocking       65536 B c= 10 round=1/3    2528.4 req/s
h2 full   pyreqwest_mt       1024 B c= 50 round=1/3    7712.2 req/s
h2 stream curl_cffi_blocking    65536 B c= 50 round=1/3     442.4 req/s
h2 full   httpx_blocking     1024 B c= 10 round=1/3    1566.0 req/s
h2 full   pyreqwest_mt       1024 B c=150 round=1/3    7882.8 req/s
h2 stream niquests        1048576 B c=150 round=1/3     178.8 req/s
h2 full   pycurl          2097152 B c=150 round=1/3     112.0 req/s
h2 stream ry              1048576 B c=100 round=1/3     121.5 req/s
h2 full   curl_cffi         65536 B c= 10 round=1/3    3568.0 req/s
h2 full   curl_cffi_blocking  1048576 B c=100 round=1/3     152.2 req/s
h2 stream pyreqwest_mt     131072 B c= 10 round=1/3    1061.8 req/s
h2 stream pycurl           131072 B c= 50 round=1/3    1280.3 req/s
h2 stream niquests_blocking     1024 B c= 50 round=1/3    1251.6 req/s
h2 stream niquests_blocking     1024 B c=150 round=1/3    1210.8 req/s
h2 full   httpx           2097152 B c= 50 round=1/3      41.4 req/s
h2 stream wreq_blocking   4194304 B c=150 round=1/3     280.6 req/s
h2 stream httpx            131072 B c=100 round=1/3     592.4 req/s
h2 full   httpx_blocking    65536 B c=150 round=1/3     597.2 req/s
h2 full   httpx_blocking  2097152 B c= 10 round=1/3      24.9 req/s
h2 stream curl_cffi       4194304 B c= 10 round=1/3     136.2 req/s
h2 stream niquests_blocking  1048576 B c=100 round=1/3      71.3 req/s
h2 stream wreq_blocking   2097152 B c= 10 round=1/3     335.2 req/s
h2 full   ry_blocking     1048576 B c=150 round=1/3     420.7 req/s
h2 stream ry_blocking     4194304 B c= 10 round=1/3      98.4 req/s
h2 full   wreq_blocking   1048576 B c= 10 round=1/3    1756.1 req/s
h2 full   curl_cffi         10240 B c=100 round=1/3    8515.4 req/s
h2 full   wreq            4194304 B c= 50 round=1/3     182.0 req/s
h2 stream httpx             10240 B c=100 round=1/3    1633.3 req/s
h2 full   curl_cffi_blocking  4194304 B c=150 round=1/3      48.8 req/s
h2 full   httpx_blocking   131072 B c=100 round=1/3     341.6 req/s
h2 stream niquests           1024 B c= 50 round=1/3    1964.0 req/s
h2 full   curl_cffi          1024 B c= 10 round=1/3    6095.8 req/s
h2 stream curl_cffi       4194304 B c=150 round=1/3     121.7 req/s
h2 full   ry_blocking     4194304 B c= 10 round=1/3     104.3 req/s
h2 full   niquests        1048576 B c=150 round=1/3     181.4 req/s
h2 stream ry_blocking       65536 B c=100 round=1/3    2356.1 req/s
h2 full   niquests          10240 B c=150 round=1/3    2015.6 req/s
h2 stream wreq_st         4194304 B c= 50 round=1/3     213.3 req/s
h2 full   wreq_st         2097152 B c=150 round=1/3     422.3 req/s
h2 stream httpx           4194304 B c= 50 round=1/3      28.8 req/s
h2 full   wreq              10240 B c=150 round=1/3   27783.8 req/s
h2 full   httpx              1024 B c= 50 round=1/3    1651.9 req/s
h2 full   wreq              65536 B c= 50 round=1/3    8109.8 req/s
h2 stream httpx             10240 B c= 10 round=1/3    1590.5 req/s
h2 stream pycurl            65536 B c=100 round=1/3    1923.6 req/s
h2 stream pycurl          1048576 B c=150 round=1/3     195.0 req/s
h2 stream wreq             131072 B c= 50 round=1/3    3709.8 req/s
h2 stream wreq_st            1024 B c= 50 round=1/3   16185.5 req/s
h2 stream niquests_blocking  1048576 B c= 50 round=1/3      71.5 req/s
h2 full   pycurl            10240 B c= 50 round=1/3   11588.9 req/s
h2 stream ry_blocking     2097152 B c=150 round=1/3     191.2 req/s
h2 stream ry_blocking     4194304 B c=150 round=1/3     101.6 req/s
h2 stream wreq            4194304 B c=100 round=1/3     143.0 req/s
h2 full   wreq_st          131072 B c= 50 round=1/3    6479.1 req/s
h2 full   wreq               1024 B c=100 round=1/3   31461.0 req/s
h2 stream wreq_st         2097152 B c= 50 round=1/3     419.6 req/s
h2 stream pyreqwest_mt    1048576 B c=100 round=1/3     223.2 req/s
h2 full   httpx_blocking    65536 B c=100 round=1/3     593.3 req/s
h2 full   curl_cffi_blocking    65536 B c= 50 round=1/3     482.4 req/s
h2 stream curl_cffi_blocking     1024 B c=100 round=1/3     525.1 req/s
h2 full   ry              4194304 B c=100 round=1/3      40.6 req/s
h2 stream wreq_st         2097152 B c= 10 round=1/3     418.4 req/s
h2 stream pyreqwest_st    2097152 B c= 10 round=1/3     107.1 req/s
h2 full   pycurl           131072 B c= 50 round=1/3    1649.3 req/s
h2 stream wreq              65536 B c=100 round=1/3    6920.2 req/s
h2 stream pyreqwest_mt    2097152 B c= 50 round=1/3     135.8 req/s
h2 stream httpx           1048576 B c=150 round=1/3     107.9 req/s
h2 stream curl_cffi        131072 B c=150 round=1/3    2158.9 req/s
h2 full   wreq              10240 B c=100 round=1/3   25738.2 req/s
h2 full   pycurl          1048576 B c=100 round=1/3     218.6 req/s
h2 full   httpx           4194304 B c= 50 round=1/3      16.0 req/s
h2 stream wreq_blocking      1024 B c= 50 round=1/3     562.1 req/s
h2 full   pyreqwest_st      65536 B c= 10 round=1/3    2558.0 req/s
h2 stream curl_cffi       4194304 B c=100 round=1/3     125.4 req/s
h2 stream wreq               1024 B c=150 round=1/3   21903.7 req/s
h2 stream pyreqwest_mt    4194304 B c=100 round=1/3      72.7 req/s
h2 stream ry                10240 B c=150 round=1/3    1778.2 req/s
h2 stream wreq_st           10240 B c= 50 round=1/3   15701.1 req/s
h2 full   niquests_blocking   131072 B c= 50 round=1/3     432.0 req/s
h2 stream ry              4194304 B c=100 round=1/3      38.2 req/s
h2 full   httpx_blocking   131072 B c=150 round=1/3     359.8 req/s
h2 full   wreq_blocking     10240 B c= 10 round=1/3    3718.5 req/s
h2 stream pycurl             1024 B c= 10 round=1/3    6767.2 req/s
h2 full   curl_cffi        131072 B c=100 round=1/3    3136.7 req/s
h2 stream ry              2097152 B c=150 round=1/3      70.9 req/s
h2 full   httpx_blocking  4194304 B c= 10 round=1/3      11.1 req/s
h2 full   pyreqwest_st      10240 B c=100 round=1/3    4033.8 req/s
h2 stream wreq            2097152 B c=150 round=1/3     290.8 req/s
h2 stream curl_cffi_blocking     1024 B c=150 round=1/3     524.1 req/s
h2 full   pyreqwest_mt      65536 B c=100 round=1/3    4459.4 req/s
h2 full   wreq_st         4194304 B c= 10 round=1/3     208.6 req/s
h2 stream wreq_st         1048576 B c= 10 round=1/3     817.1 req/s
h2 full   wreq_blocking    131072 B c=100 round=1/3    3390.4 req/s
h2 full   pyreqwest_st    1048576 B c=100 round=1/3     276.3 req/s
h2 stream wreq_st         1048576 B c=150 round=1/3     831.3 req/s
h2 stream pyreqwest_st      65536 B c= 50 round=1/3    1241.9 req/s
h2 full   pycurl            10240 B c= 10 round=1/3   12925.2 req/s
h2 full   httpx             10240 B c=150 round=1/3    1632.9 req/s
h2 stream wreq_blocking     65536 B c=150 round=1/3     514.8 req/s
h2 full   pycurl          4194304 B c= 10 round=1/3      53.1 req/s
h2 full   ry_blocking      131072 B c=100 round=1/3    2544.8 req/s
h2 stream wreq_st         2097152 B c=100 round=1/3     416.7 req/s
h2 stream pycurl          4194304 B c= 10 round=1/3      47.1 req/s
h2 stream httpx             65536 B c=150 round=1/3     925.7 req/s
h2 stream wreq_blocking    131072 B c=100 round=1/3     522.5 req/s
h2 full   curl_cffi_blocking   131072 B c= 10 round=1/3     420.5 req/s
h2 full   httpx             65536 B c= 50 round=1/3     863.1 req/s
h2 full   wreq              10240 B c= 10 round=1/3   12389.5 req/s
h2 full   httpx           1048576 B c=100 round=1/3      91.0 req/s
h2 stream ry                 1024 B c= 10 round=1/3    1474.0 req/s
h2 stream ry                 1024 B c=100 round=1/3    1749.4 req/s
h2 full   ry                 1024 B c= 10 round=1/3    2582.5 req/s
h2 stream pyreqwest_mt    2097152 B c= 10 round=1/3     132.9 req/s
h2 stream pycurl          2097152 B c= 50 round=1/3      98.2 req/s
h2 full   pycurl          4194304 B c=150 round=1/3      56.3 req/s
h2 stream niquests        2097152 B c= 50 round=1/3      95.1 req/s
h2 full   pyreqwest_st       1024 B c=100 round=1/3    4019.0 req/s
h2 full   curl_cffi       4194304 B c=150 round=1/3     152.6 req/s
h2 stream wreq_st            1024 B c= 10 round=1/3   11077.7 req/s
h2 full   wreq_st         4194304 B c=150 round=1/3     205.8 req/s
h2 stream niquests_blocking  4194304 B c= 10 round=1/3      18.5 req/s
h2 full   niquests        1048576 B c=100 round=1/3     181.9 req/s
h2 stream httpx_blocking   131072 B c= 10 round=1/3     363.3 req/s
h2 full   wreq_st         2097152 B c=100 round=1/3     418.1 req/s
h2 full   ry              2097152 B c= 50 round=2/3      78.6 req/s
h2 stream ry              2097152 B c= 10 round=2/3      58.6 req/s
h2 full   wreq_st          131072 B c=100 round=2/3    6461.5 req/s
h2 stream curl_cffi       2097152 B c=150 round=2/3     248.6 req/s
h2 stream wreq_blocking    131072 B c=100 round=2/3     520.3 req/s
h2 full   niquests_blocking  1048576 B c=150 round=2/3      73.5 req/s
h2 stream httpx_blocking  2097152 B c=100 round=2/3      26.5 req/s
h2 full   wreq_st           10240 B c=150 round=2/3   23558.5 req/s
h2 stream ry_blocking       10240 B c=100 round=2/3    4791.5 req/s
h2 full   wreq            1048576 B c=100 round=2/3     630.0 req/s
h2 full   pyreqwest_st      65536 B c= 10 round=2/3    2481.8 req/s
h2 full   wreq_st           65536 B c=100 round=2/3   11886.4 req/s
h2 full   wreq_blocking   2097152 B c=150 round=2/3    1046.5 req/s
h2 full   curl_cffi        131072 B c=100 round=2/3    2942.7 req/s
h2 stream httpx           2097152 B c=100 round=2/3      54.1 req/s
h2 stream niquests         131072 B c=100 round=2/3     898.0 req/s
h2 full   ry_blocking        1024 B c= 10 round=2/3    8959.0 req/s
h2 stream wreq             131072 B c= 50 round=2/3    3841.8 req/s
h2 full   pyreqwest_mt    4194304 B c=100 round=2/3      80.1 req/s
h2 full   niquests         131072 B c= 50 round=2/3     900.0 req/s
h2 full   niquests_blocking    65536 B c=150 round=2/3     660.4 req/s
h2 full   pyreqwest_mt       1024 B c=150 round=2/3    7577.9 req/s
h2 full   ry_blocking      131072 B c=100 round=2/3    2569.7 req/s
h2 stream wreq              65536 B c=100 round=2/3    7264.8 req/s
h2 stream pyreqwest_mt    1048576 B c=100 round=2/3     219.8 req/s
h2 full   curl_cffi       2097152 B c= 10 round=2/3     290.5 req/s
h2 full   curl_cffi       2097152 B c=150 round=2/3     315.4 req/s
h2 full   httpx             10240 B c= 50 round=2/3    1606.2 req/s
h2 stream wreq_blocking   2097152 B c= 50 round=2/3     338.2 req/s
h2 stream niquests_blocking  4194304 B c= 50 round=2/3      18.6 req/s
h2 stream curl_cffi_blocking  1048576 B c= 10 round=2/3     136.7 req/s
h2 stream curl_cffi_blocking  2097152 B c= 50 round=2/3      78.0 req/s
h2 full   wreq            2097152 B c= 50 round=2/3     356.2 req/s
h2 stream ry_blocking      131072 B c= 10 round=2/3    1844.9 req/s
h2 stream pycurl          2097152 B c= 50 round=2/3      97.2 req/s
h2 full   wreq_blocking      1024 B c=150 round=2/3    3318.6 req/s
h2 stream pycurl           131072 B c=150 round=2/3    1231.3 req/s
h2 full   wreq              65536 B c= 50 round=2/3    7760.8 req/s
h2 full   wreq_blocking    131072 B c= 10 round=2/3    3539.7 req/s
h2 full   wreq_blocking   2097152 B c= 10 round=2/3    1173.8 req/s
h2 stream httpx           4194304 B c=100 round=2/3      26.7 req/s
h2 stream httpx             10240 B c= 50 round=2/3    1623.8 req/s
h2 full   pycurl            65536 B c= 50 round=2/3    3041.0 req/s
h2 stream httpx_blocking    65536 B c=150 round=2/3     600.1 req/s
h2 full   curl_cffi_blocking   131072 B c= 10 round=2/3     422.7 req/s
h2 stream curl_cffi_blocking  2097152 B c= 10 round=2/3      78.3 req/s
h2 full   curl_cffi_blocking    10240 B c=150 round=2/3     553.1 req/s
h2 full   ry_blocking       65536 B c=150 round=2/3    3915.1 req/s
h2 stream pyreqwest_mt      65536 B c=150 round=2/3    1640.0 req/s
h2 stream httpx             65536 B c=100 round=2/3     903.8 req/s
h2 stream curl_cffi_blocking    65536 B c=100 round=2/3     436.5 req/s
h2 full   niquests          10240 B c=150 round=2/3    1668.0 req/s
h2 stream wreq_st         4194304 B c=100 round=2/3     211.8 req/s
h2 stream niquests_blocking    10240 B c= 10 round=2/3    1314.3 req/s
h2 stream pyreqwest_st      10240 B c= 10 round=2/3    2468.0 req/s
h2 stream pyreqwest_st       1024 B c= 50 round=2/3    2547.2 req/s
h2 stream curl_cffi         10240 B c= 10 round=2/3    4369.7 req/s
h2 full   ry_blocking     4194304 B c= 10 round=2/3     104.7 req/s
h2 stream pycurl          2097152 B c=150 round=2/3      98.4 req/s
h2 full   curl_cffi        131072 B c= 50 round=2/3    2937.4 req/s
h2 stream pyreqwest_st     131072 B c=150 round=2/3     981.0 req/s
h2 stream wreq              65536 B c= 10 round=2/3    5294.7 req/s
h2 stream httpx_blocking    65536 B c= 10 round=2/3     618.3 req/s
h2 full   wreq              10240 B c=100 round=2/3   28181.2 req/s
h2 full   pyreqwest_st    2097152 B c=150 round=2/3     136.9 req/s
h2 stream ry_blocking     2097152 B c=100 round=2/3     191.3 req/s
h2 full   ry               131072 B c=100 round=2/3     985.3 req/s
h2 full   httpx_blocking   131072 B c=100 round=2/3     355.6 req/s
h2 stream niquests_blocking     1024 B c= 10 round=2/3    1323.2 req/s
h2 stream curl_cffi_blocking  1048576 B c=150 round=2/3     138.3 req/s
h2 stream ry_blocking       65536 B c=150 round=2/3    2312.0 req/s
h2 stream niquests_blocking    65536 B c= 50 round=2/3     675.4 req/s
h2 stream ry              4194304 B c= 50 round=2/3      37.5 req/s
h2 stream curl_cffi_blocking  4194304 B c= 10 round=2/3      42.3 req/s
h2 full   niquests_blocking  1048576 B c= 10 round=2/3      72.0 req/s
h2 stream niquests_blocking  2097152 B c= 10 round=2/3      36.8 req/s
h2 stream pyreqwest_mt    4194304 B c= 10 round=2/3      73.9 req/s
h2 stream wreq            1048576 B c= 50 round=2/3     525.8 req/s
h2 full   pycurl           131072 B c= 10 round=2/3    1603.5 req/s
h2 stream ry                10240 B c=150 round=2/3    1783.6 req/s
h2 stream curl_cffi        131072 B c= 10 round=2/3    1579.8 req/s
h2 stream ry_blocking        1024 B c=150 round=2/3    4579.8 req/s
h2 full   curl_cffi_blocking  1048576 B c= 10 round=2/3     152.4 req/s
h2 full   httpx_blocking  2097152 B c=100 round=2/3      22.9 req/s
h2 stream pyreqwest_mt       1024 B c= 50 round=2/3    3345.6 req/s
h2 stream wreq_st           65536 B c= 10 round=2/3    5454.0 req/s
h2 full   pyreqwest_mt    2097152 B c=100 round=2/3     157.1 req/s
h2 full   wreq_st         1048576 B c=150 round=2/3     835.3 req/s
h2 stream niquests_blocking  1048576 B c=100 round=2/3      71.5 req/s
h2 stream wreq_blocking     65536 B c=150 round=2/3     515.0 req/s
h2 stream httpx           1048576 B c= 50 round=2/3     107.4 req/s
h2 stream curl_cffi       1048576 B c= 50 round=2/3     499.5 req/s
h2 full   pyreqwest_mt       1024 B c=100 round=2/3    7775.3 req/s
h2 stream wreq_blocking     65536 B c= 50 round=2/3     529.4 req/s
h2 full   pyreqwest_st      65536 B c=150 round=2/3    2548.5 req/s
h2 full   httpx           4194304 B c= 10 round=2/3      19.4 req/s
h2 full   pyreqwest_st     131072 B c= 50 round=2/3    1691.7 req/s
h2 stream pyreqwest_mt      65536 B c= 10 round=2/3    1330.4 req/s
h2 full   curl_cffi         65536 B c=100 round=2/3    4837.4 req/s
h2 full   niquests_blocking   131072 B c=150 round=2/3     425.1 req/s
h2 full   ry_blocking       10240 B c= 10 round=2/3    8741.2 req/s
h2 full   pyreqwest_st    1048576 B c=150 round=2/3     258.7 req/s
h2 stream httpx_blocking  1048576 B c= 50 round=2/3      53.0 req/s
h2 stream pyreqwest_mt    4194304 B c=150 round=2/3      70.4 req/s
h2 full   curl_cffi_blocking    65536 B c=100 round=2/3     477.1 req/s
h2 stream wreq_blocking   1048576 B c=100 round=2/3     371.2 req/s
h2 stream wreq               1024 B c=150 round=2/3   20454.4 req/s
h2 full   httpx_blocking   131072 B c=150 round=2/3     361.9 req/s
h2 stream pyreqwest_st    1048576 B c=100 round=2/3     175.3 req/s
h2 stream wreq_st           10240 B c=150 round=2/3   14621.2 req/s
h2 full   ry_blocking       65536 B c=100 round=2/3    4102.2 req/s
h2 full   ry              1048576 B c= 10 round=2/3     138.1 req/s
h2 full   wreq               1024 B c=150 round=2/3   32858.2 req/s
h2 stream httpx_blocking  1048576 B c= 10 round=2/3      53.4 req/s
h2 stream curl_cffi_blocking    65536 B c=150 round=2/3     437.6 req/s
h2 full   curl_cffi         10240 B c= 10 round=2/3    5920.4 req/s
h2 stream wreq_st            1024 B c=150 round=2/3   13804.2 req/s
h2 full   ry              2097152 B c=150 round=2/3      80.0 req/s
h2 stream pyreqwest_st      10240 B c=100 round=2/3    2578.5 req/s
h2 stream ry              1048576 B c=100 round=2/3     121.8 req/s
h2 stream ry                 1024 B c=150 round=2/3    1763.3 req/s
h2 full   pyreqwest_mt    1048576 B c= 50 round=2/3     319.4 req/s
h2 stream wreq_blocking   1048576 B c= 50 round=2/3     378.5 req/s
h2 stream ry                 1024 B c= 10 round=2/3    1486.3 req/s
h2 full   wreq_blocking    131072 B c= 50 round=2/3    3568.1 req/s
h2 stream httpx_blocking  4194304 B c= 50 round=2/3      13.3 req/s
h2 full   wreq               1024 B c= 50 round=2/3   28128.4 req/s
h2 full   wreq_st          131072 B c=150 round=2/3    6502.1 req/s
h2 stream pyreqwest_st    4194304 B c=100 round=2/3      62.0 req/s
h2 stream pyreqwest_mt       1024 B c=150 round=2/3    3517.4 req/s
h2 full   pycurl          2097152 B c= 10 round=2/3     106.4 req/s
h2 full   pyreqwest_st      10240 B c= 10 round=2/3    4178.7 req/s
h2 stream curl_cffi       4194304 B c= 10 round=2/3     136.5 req/s
h2 full   wreq_st           10240 B c=100 round=2/3   24847.0 req/s
h2 full   niquests_blocking   131072 B c= 50 round=2/3     420.6 req/s
h2 full   pycurl          1048576 B c= 50 round=2/3     220.6 req/s
h2 full   wreq_st            1024 B c=150 round=2/3   25522.4 req/s
h2 stream curl_cffi_blocking  1048576 B c=100 round=2/3     136.1 req/s
h2 stream niquests           1024 B c= 10 round=2/3    1998.0 req/s
h2 full   wreq            4194304 B c=150 round=2/3     187.4 req/s
h2 stream niquests        2097152 B c= 10 round=2/3      94.8 req/s
h2 full   wreq_blocking   1048576 B c=150 round=2/3    1632.6 req/s
h2 stream httpx             10240 B c=150 round=2/3    1682.8 req/s
h2 stream wreq_blocking   4194304 B c=100 round=2/3     272.9 req/s
h2 stream curl_cffi       1048576 B c=150 round=2/3     491.9 req/s
h2 full   niquests_blocking     1024 B c=150 round=2/3    1200.5 req/s
h2 stream curl_cffi          1024 B c=150 round=2/3    6261.4 req/s
h2 stream pycurl           131072 B c= 10 round=2/3    1220.0 req/s
h2 stream wreq_st         1048576 B c= 50 round=2/3     837.5 req/s
h2 full   wreq_blocking     10240 B c= 50 round=2/3    3545.8 req/s
h2 full   wreq_blocking   1048576 B c=100 round=2/3    1666.1 req/s
h2 full   httpx_blocking  1048576 B c=100 round=2/3      49.0 req/s
h2 full   httpx_blocking     1024 B c= 10 round=2/3    1538.3 req/s
h2 stream ry_blocking        1024 B c= 50 round=2/3    4947.1 req/s
h2 stream httpx            131072 B c=100 round=2/3     590.6 req/s
h2 stream httpx_blocking   131072 B c=150 round=2/3     364.3 req/s
h2 full   wreq_st            1024 B c=100 round=2/3   29300.0 req/s
h2 stream httpx           4194304 B c=150 round=2/3      26.9 req/s
h2 full   ry              2097152 B c= 10 round=2/3      66.4 req/s
h2 full   ry_blocking        1024 B c=100 round=2/3    7441.2 req/s
h2 full   pycurl          4194304 B c=100 round=2/3      56.4 req/s
h2 stream niquests_blocking  2097152 B c= 50 round=2/3      36.6 req/s
h2 stream wreq            1048576 B c=100 round=2/3     525.2 req/s
h2 full   niquests_blocking  2097152 B c=100 round=2/3      36.7 req/s
h2 stream curl_cffi_blocking   131072 B c=100 round=2/3     388.6 req/s
h2 full   wreq_st           65536 B c= 50 round=2/3   11872.4 req/s
h2 stream pycurl             1024 B c=100 round=2/3    6148.8 req/s
h2 full   pycurl            10240 B c=100 round=2/3   10311.2 req/s
h2 stream httpx_blocking    10240 B c= 10 round=2/3    1526.7 req/s
h2 full   wreq             131072 B c= 50 round=2/3    4099.3 req/s
h2 full   ry_blocking       65536 B c= 50 round=2/3    4329.7 req/s
h2 full   niquests_blocking    10240 B c= 50 round=2/3    1282.3 req/s
h2 stream niquests        4194304 B c=150 round=2/3      49.9 req/s
h2 stream niquests           1024 B c=100 round=2/3    1949.1 req/s
h2 full   pyreqwest_mt    1048576 B c= 10 round=2/3     346.3 req/s
h2 stream niquests          65536 B c=150 round=2/3    1309.7 req/s
h2 full   pycurl            65536 B c=150 round=2/3    2773.4 req/s
h2 full   wreq_blocking   4194304 B c= 10 round=2/3     686.3 req/s
h2 full   wreq_st            1024 B c= 50 round=2/3   24436.6 req/s
h2 stream httpx_blocking   131072 B c= 10 round=2/3     365.7 req/s
h2 full   pyreqwest_mt      65536 B c= 10 round=2/3    3764.1 req/s
h2 full   ry                65536 B c= 50 round=2/3    1632.4 req/s
h2 full   curl_cffi_blocking    65536 B c=150 round=2/3     479.8 req/s
h2 full   curl_cffi_blocking  1048576 B c=100 round=2/3     151.6 req/s
h2 full   httpx_blocking  2097152 B c=150 round=2/3      23.9 req/s
h2 full   httpx_blocking    10240 B c=150 round=2/3    1414.8 req/s
h2 full   wreq            4194304 B c= 50 round=2/3     184.5 req/s
h2 stream curl_cffi          1024 B c=100 round=2/3    5780.6 req/s
h2 full   pyreqwest_mt    2097152 B c= 10 round=2/3     164.7 req/s
h2 full   curl_cffi_blocking    65536 B c= 10 round=2/3     488.8 req/s
h2 stream httpx           2097152 B c= 10 round=2/3      58.6 req/s
h2 stream ry                10240 B c= 10 round=2/3    1493.2 req/s
h2 full   wreq              10240 B c=150 round=2/3   26817.4 req/s
h2 stream niquests        4194304 B c= 50 round=2/3      48.1 req/s
h2 stream wreq              10240 B c=100 round=2/3   21946.2 req/s
h2 stream curl_cffi         65536 B c= 10 round=2/3    2386.7 req/s
h2 full   wreq_blocking   4194304 B c= 50 round=2/3     664.6 req/s
h2 stream pyreqwest_st    2097152 B c=100 round=2/3     107.0 req/s
h2 full   niquests        2097152 B c=150 round=2/3     100.8 req/s
h2 stream pycurl            10240 B c= 10 round=2/3    6816.6 req/s
h2 full   wreq_st         1048576 B c= 10 round=2/3     847.4 req/s
h2 stream niquests_blocking  4194304 B c= 10 round=2/3      18.4 req/s
h2 stream pycurl            10240 B c=100 round=2/3    6122.1 req/s
h2 stream ry_blocking     4194304 B c= 50 round=2/3     100.3 req/s
h2 full   httpx             65536 B c= 50 round=2/3     874.7 req/s
h2 full   niquests_blocking  4194304 B c= 50 round=2/3      18.7 req/s
h2 full   niquests_blocking  2097152 B c= 50 round=2/3      36.7 req/s
h2 stream niquests_blocking    10240 B c=150 round=2/3    1191.7 req/s
h2 full   wreq            2097152 B c= 10 round=2/3     302.4 req/s
h2 stream wreq_blocking    131072 B c=150 round=2/3     509.2 req/s
h2 stream niquests          65536 B c= 50 round=2/3    1280.1 req/s
h2 full   pyreqwest_st      10240 B c=150 round=2/3    3817.6 req/s
h2 full   ry              4194304 B c= 50 round=2/3      40.2 req/s
h2 stream curl_cffi_blocking    10240 B c=150 round=2/3     523.2 req/s
h2 full   ry              1048576 B c=100 round=2/3     153.7 req/s
h2 stream pyreqwest_mt      10240 B c= 50 round=2/3    3325.1 req/s
h2 full   curl_cffi         10240 B c= 50 round=2/3    8018.5 req/s
h2 full   httpx             10240 B c=150 round=2/3    1706.6 req/s
h2 full   curl_cffi_blocking  2097152 B c=100 round=2/3      86.4 req/s
h2 full   wreq              10240 B c= 50 round=2/3   23830.2 req/s
h2 full   niquests          10240 B c=100 round=2/3    2003.7 req/s
h2 stream pyreqwest_mt    1048576 B c= 10 round=2/3     221.8 req/s
h2 full   httpx_blocking  4194304 B c= 10 round=2/3      11.1 req/s
h2 full   httpx_blocking    65536 B c= 10 round=2/3     633.6 req/s
h2 full   httpx_blocking  4194304 B c= 50 round=2/3      10.1 req/s
h2 full   curl_cffi       1048576 B c= 50 round=2/3     579.8 req/s
h2 stream curl_cffi_blocking    65536 B c= 50 round=2/3     441.8 req/s
h2 full   httpx_blocking    10240 B c=100 round=2/3    1313.8 req/s
h2 full   pyreqwest_st       1024 B c=150 round=2/3    4196.5 req/s
h2 stream pycurl           131072 B c=100 round=2/3    1241.2 req/s
h2 stream wreq_st           10240 B c= 50 round=2/3   14772.0 req/s
h2 full   ry              4194304 B c=150 round=2/3      40.5 req/s
h2 full   niquests_blocking    10240 B c=100 round=2/3    1241.5 req/s
h2 full   httpx           2097152 B c=100 round=2/3      39.5 req/s
h2 full   ry                 1024 B c= 10 round=2/3    2464.1 req/s
h2 stream wreq              10240 B c= 50 round=2/3   20163.1 req/s
h2 stream ry_blocking       10240 B c= 50 round=2/3    4934.8 req/s
h2 full   curl_cffi         10240 B c=150 round=2/3    7331.1 req/s
h2 stream pyreqwest_st    1048576 B c= 50 round=2/3     181.4 req/s
h2 full   pyreqwest_st       1024 B c= 10 round=2/3    4165.5 req/s
h2 full   ry               131072 B c= 10 round=2/3     884.0 req/s
h2 stream wreq_blocking    131072 B c= 50 round=2/3     525.2 req/s
h2 full   pyreqwest_mt    2097152 B c= 50 round=2/3     163.4 req/s
h2 full   httpx           4194304 B c=100 round=2/3      15.7 req/s
h2 full   curl_cffi          1024 B c=150 round=2/3    8380.9 req/s
h2 stream curl_cffi_blocking     1024 B c=100 round=2/3     525.6 req/s
h2 stream wreq            4194304 B c=150 round=2/3     142.2 req/s
h2 stream niquests_blocking  4194304 B c=150 round=2/3      18.9 req/s
h2 full   niquests        2097152 B c= 10 round=2/3      99.0 req/s
h2 full   curl_cffi       1048576 B c=100 round=2/3     607.3 req/s
h2 full   wreq_st         1048576 B c= 50 round=2/3     833.6 req/s
h2 full   httpx_blocking    65536 B c=100 round=2/3     597.7 req/s
h2 full   curl_cffi_blocking     1024 B c=150 round=2/3     553.2 req/s
h2 stream niquests        1048576 B c= 10 round=2/3     178.1 req/s
h2 stream wreq_st         1048576 B c=150 round=2/3     831.1 req/s
h2 full   httpx            131072 B c=100 round=2/3     587.1 req/s
h2 full   wreq_blocking     65536 B c=100 round=2/3    3396.4 req/s
h2 full   curl_cffi         10240 B c=100 round=2/3    7708.6 req/s
h2 stream pycurl          4194304 B c=150 round=2/3      49.5 req/s
h2 full   curl_cffi_blocking   131072 B c=100 round=2/3     423.5 req/s
h2 full   pyreqwest_st    1048576 B c= 50 round=2/3     264.8 req/s
h2 full   pycurl          4194304 B c= 50 round=2/3      56.1 req/s
h2 full   pycurl            65536 B c= 10 round=2/3    3052.7 req/s
h2 stream httpx             65536 B c= 10 round=2/3     839.5 req/s
h2 full   httpx           1048576 B c= 10 round=2/3      99.7 req/s
h2 stream httpx_blocking     1024 B c=150 round=2/3    1410.0 req/s
h2 full   ry_blocking       10240 B c= 50 round=2/3    7875.0 req/s
h2 full   pycurl             1024 B c=150 round=2/3    9499.4 req/s
h2 stream wreq            2097152 B c=150 round=2/3     325.8 req/s
h2 stream curl_cffi         10240 B c=150 round=2/3    5153.5 req/s
h2 stream ry              1048576 B c= 10 round=2/3     106.8 req/s
h2 stream httpx_blocking  2097152 B c= 10 round=2/3      26.7 req/s
h2 stream ry              1048576 B c=150 round=2/3     122.1 req/s
h2 full   niquests_blocking     1024 B c= 50 round=2/3    1254.9 req/s
h2 full   curl_cffi       4194304 B c=100 round=2/3     158.4 req/s
h2 full   niquests_blocking  2097152 B c= 10 round=2/3      36.5 req/s
h2 stream httpx             10240 B c= 10 round=2/3    1561.6 req/s
h2 full   curl_cffi_blocking  2097152 B c= 10 round=2/3      87.9 req/s
h2 full   ry                 1024 B c= 50 round=2/3    2874.4 req/s
h2 stream niquests           1024 B c= 50 round=2/3    1971.1 req/s
h2 full   ry                65536 B c=100 round=2/3    1639.2 req/s
h2 stream curl_cffi_blocking    10240 B c= 50 round=2/3     528.5 req/s
h2 stream ry_blocking     1048576 B c= 10 round=2/3     337.8 req/s
h2 full   niquests_blocking  4194304 B c= 10 round=2/3      18.7 req/s
h2 full   wreq_st           65536 B c= 10 round=2/3   10145.3 req/s
h2 stream curl_cffi       2097152 B c= 10 round=2/3     256.9 req/s
h2 full   pycurl          2097152 B c=100 round=2/3     113.5 req/s
h2 full   pyreqwest_mt    2097152 B c=150 round=2/3     153.6 req/s
h2 stream pyreqwest_st    4194304 B c= 10 round=2/3      60.7 req/s
h2 full   httpx            131072 B c= 50 round=2/3     584.4 req/s
h2 full   httpx_blocking     1024 B c=100 round=2/3    1489.5 req/s
h2 stream pyreqwest_mt      65536 B c= 50 round=2/3    1521.5 req/s
h2 stream niquests_blocking   131072 B c=150 round=2/3     422.0 req/s
h2 full   ry              2097152 B c=100 round=2/3      79.4 req/s
h2 full   ry_blocking     4194304 B c=150 round=2/3     109.6 req/s
h2 stream curl_cffi          1024 B c= 50 round=2/3    5509.3 req/s
h2 full   ry_blocking     1048576 B c= 50 round=2/3     426.5 req/s
h2 stream wreq_blocking   1048576 B c= 10 round=2/3     377.0 req/s
h2 full   wreq_st           10240 B c= 10 round=2/3   16336.8 req/s
h2 full   ry_blocking     1048576 B c= 10 round=2/3     425.5 req/s
h2 full   ry_blocking        1024 B c= 50 round=2/3    7764.4 req/s
h2 full   niquests          65536 B c= 50 round=2/3    1164.0 req/s
h2 stream ry_blocking     2097152 B c= 10 round=2/3     187.6 req/s
h2 stream ry_blocking      131072 B c= 50 round=2/3    1820.2 req/s
h2 full   pyreqwest_mt     131072 B c=100 round=2/3    2381.9 req/s
h2 stream wreq_st          131072 B c=100 round=2/3    6211.2 req/s
h2 stream ry               131072 B c=100 round=2/3     637.2 req/s
h2 full   niquests        1048576 B c= 50 round=2/3     185.6 req/s
h2 stream curl_cffi_blocking    10240 B c=100 round=2/3     527.1 req/s
h2 stream curl_cffi       4194304 B c= 50 round=2/3     129.3 req/s
h2 full   ry                65536 B c=150 round=2/3    1637.6 req/s
h2 stream wreq_st         4194304 B c= 50 round=2/3     208.9 req/s
h2 full   pycurl            10240 B c= 50 round=2/3   11490.2 req/s
h2 stream wreq_blocking      1024 B c= 10 round=2/3     563.7 req/s
h2 full   httpx_blocking  1048576 B c=150 round=2/3      51.3 req/s
h2 full   curl_cffi       2097152 B c=100 round=2/3     311.5 req/s
h2 full   niquests_blocking    65536 B c= 10 round=2/3     687.1 req/s
h2 stream niquests        2097152 B c=100 round=2/3      97.7 req/s
h2 full   niquests           1024 B c=150 round=2/3    2131.8 req/s
h2 full   curl_cffi       2097152 B c= 50 round=2/3     315.0 req/s
h2 stream wreq_blocking     10240 B c=150 round=2/3     540.5 req/s
h2 full   niquests        2097152 B c= 50 round=2/3      97.3 req/s
h2 full   httpx              1024 B c= 10 round=2/3    1633.7 req/s
h2 stream niquests        2097152 B c=150 round=2/3     100.0 req/s
h2 stream httpx             10240 B c=100 round=2/3    1667.7 req/s
h2 full   niquests          65536 B c=150 round=2/3    1336.6 req/s
h2 full   wreq_blocking   1048576 B c= 10 round=2/3    1771.5 req/s
h2 full   niquests           1024 B c=100 round=2/3    1955.2 req/s
h2 full   niquests        4194304 B c= 50 round=2/3      49.8 req/s
h2 stream curl_cffi       1048576 B c= 10 round=2/3     479.7 req/s
h2 stream curl_cffi_blocking   131072 B c= 10 round=2/3     387.4 req/s
h2 stream wreq_st            1024 B c= 50 round=2/3   17487.2 req/s
h2 stream pyreqwest_mt    2097152 B c=150 round=2/3     130.6 req/s
h2 stream pycurl          4194304 B c= 50 round=2/3      48.9 req/s
h2 full   httpx_blocking    10240 B c= 50 round=2/3    1500.0 req/s
h2 stream pycurl          1048576 B c=100 round=2/3     193.9 req/s
h2 full   pyreqwest_mt    1048576 B c=100 round=2/3     306.8 req/s
h2 stream niquests_blocking    10240 B c= 50 round=2/3    1291.3 req/s
h2 stream niquests_blocking    65536 B c=100 round=2/3     657.4 req/s
h2 stream niquests           1024 B c=150 round=2/3    2074.8 req/s
h2 full   pycurl           131072 B c=100 round=2/3    1581.9 req/s
h2 full   niquests        4194304 B c=150 round=2/3      48.7 req/s
h2 full   ry_blocking       65536 B c= 10 round=2/3    4486.4 req/s
h2 stream wreq_blocking   2097152 B c= 10 round=2/3     336.5 req/s
h2 full   curl_cffi_blocking    10240 B c= 10 round=2/3     561.0 req/s
h2 full   wreq            2097152 B c=150 round=2/3     320.6 req/s
h2 full   ry_blocking     2097152 B c=150 round=2/3     220.5 req/s
h2 stream curl_cffi         65536 B c=150 round=2/3    2528.3 req/s
h2 full   curl_cffi_blocking    10240 B c= 50 round=2/3     560.4 req/s
h2 full   wreq_st         1048576 B c=100 round=2/3     846.0 req/s
h2 full   wreq            1048576 B c= 50 round=2/3     579.0 req/s
h2 full   wreq_blocking   2097152 B c= 50 round=2/3    1122.3 req/s
h2 stream ry_blocking        1024 B c= 10 round=2/3    5305.4 req/s
h2 full   ry_blocking     1048576 B c=150 round=2/3     416.8 req/s
h2 full   niquests_blocking    65536 B c=100 round=2/3     651.1 req/s
h2 stream wreq            4194304 B c= 10 round=2/3     163.9 req/s
h2 full   wreq_blocking     65536 B c=150 round=2/3    3288.9 req/s
h2 stream wreq_st         1048576 B c=100 round=2/3     824.6 req/s
h2 stream curl_cffi          1024 B c= 10 round=2/3    4646.9 req/s
h2 full   curl_cffi_blocking  4194304 B c=100 round=2/3      47.6 req/s
h2 stream pyreqwest_mt      10240 B c= 10 round=2/3    2855.9 req/s
h2 full   httpx           4194304 B c= 50 round=2/3      16.2 req/s
h2 full   curl_cffi_blocking  2097152 B c= 50 round=2/3      87.8 req/s
h2 full   pyreqwest_st      65536 B c=100 round=2/3    2626.3 req/s
h2 stream ry                65536 B c= 10 round=2/3     724.0 req/s
h2 stream niquests         131072 B c=150 round=2/3     898.8 req/s
h2 stream ry               131072 B c= 50 round=2/3     651.4 req/s
h2 full   niquests        1048576 B c=150 round=2/3     181.1 req/s
h2 full   niquests          10240 B c= 10 round=2/3    1969.5 req/s
h2 full   httpx             10240 B c=100 round=2/3    1667.8 req/s
h2 full   httpx           2097152 B c= 10 round=2/3      46.7 req/s
h2 stream pycurl          4194304 B c=100 round=2/3      49.0 req/s
h2 stream pycurl          1048576 B c=150 round=2/3     193.4 req/s
h2 full   curl_cffi        131072 B c=150 round=2/3    3124.4 req/s
h2 full   httpx           1048576 B c= 50 round=2/3      95.5 req/s
h2 full   pyreqwest_mt      65536 B c=150 round=2/3    4373.5 req/s
h2 full   httpx_blocking   131072 B c= 50 round=2/3     357.9 req/s
h2 stream httpx_blocking     1024 B c=100 round=2/3    1472.6 req/s
h2 full   wreq_blocking      1024 B c=100 round=2/3    3452.7 req/s
h2 full   pyreqwest_st    4194304 B c=150 round=2/3      71.2 req/s
h2 stream curl_cffi_blocking     1024 B c= 50 round=2/3     527.8 req/s
h2 stream ry_blocking     2097152 B c=150 round=2/3     190.7 req/s
h2 stream pycurl          4194304 B c= 10 round=2/3      47.1 req/s
h2 full   httpx            131072 B c= 10 round=2/3     542.5 req/s
h2 stream pyreqwest_st      10240 B c= 50 round=2/3    2520.2 req/s
h2 full   pyreqwest_mt     131072 B c= 10 round=2/3    2278.9 req/s
h2 full   ry_blocking     2097152 B c= 10 round=2/3     212.4 req/s
h2 full   niquests         131072 B c=100 round=2/3     881.9 req/s
h2 stream httpx             65536 B c=150 round=2/3     912.1 req/s
h2 stream wreq_blocking     10240 B c= 10 round=2/3     565.0 req/s
h2 full   pyreqwest_st      10240 B c=100 round=2/3    4079.4 req/s
h2 stream curl_cffi_blocking   131072 B c= 50 round=2/3     391.8 req/s
h2 full   niquests        4194304 B c= 10 round=2/3      49.4 req/s
h2 full   curl_cffi_blocking  1048576 B c=150 round=2/3     155.8 req/s
h2 stream wreq              10240 B c= 10 round=2/3    9554.7 req/s
h2 full   wreq            1048576 B c=150 round=2/3     626.4 req/s
h2 stream wreq_st          131072 B c=150 round=2/3    5802.4 req/s
h2 full   ry                10240 B c=150 round=2/3    3003.8 req/s
h2 stream pyreqwest_mt    4194304 B c=100 round=2/3      72.4 req/s
h2 full   wreq            1048576 B c= 10 round=2/3     700.7 req/s
h2 full   wreq_blocking     65536 B c= 10 round=2/3    3653.2 req/s
h2 stream curl_cffi_blocking     1024 B c=150 round=2/3     521.9 req/s
h2 stream wreq_blocking   2097152 B c=150 round=2/3     337.9 req/s
h2 full   wreq_st         2097152 B c= 50 round=2/3     415.9 req/s
h2 stream wreq_st         1048576 B c= 10 round=2/3     857.4 req/s
h2 full   wreq_blocking     65536 B c= 50 round=2/3    3568.0 req/s
h2 stream ry                 1024 B c=100 round=2/3    1754.3 req/s
h2 stream wreq_st            1024 B c= 10 round=2/3    9908.7 req/s
h2 stream pyreqwest_mt    1048576 B c=150 round=2/3     221.6 req/s
h2 stream ry_blocking     4194304 B c=100 round=2/3      99.9 req/s
h2 full   wreq            2097152 B c=100 round=2/3     325.0 req/s
h2 stream curl_cffi       2097152 B c= 50 round=2/3     259.4 req/s
h2 stream wreq_st          131072 B c= 50 round=2/3    5588.2 req/s
h2 stream pycurl          1048576 B c= 50 round=2/3     193.0 req/s
h2 stream curl_cffi         65536 B c=100 round=2/3    2629.8 req/s
h2 full   wreq_st           65536 B c=150 round=2/3   11906.6 req/s
h2 full   wreq_st         4194304 B c= 50 round=2/3     207.1 req/s
h2 stream pyreqwest_mt       1024 B c=100 round=2/3    3476.0 req/s
h2 full   niquests          65536 B c= 10 round=2/3    1329.9 req/s
h2 stream wreq_blocking      1024 B c= 50 round=2/3     566.0 req/s
h2 full   ry               131072 B c=150 round=2/3     952.8 req/s
h2 full   curl_cffi_blocking  4194304 B c=150 round=2/3      49.0 req/s
h2 full   httpx              1024 B c= 50 round=2/3    1650.8 req/s
h2 full   pyreqwest_mt       1024 B c= 10 round=2/3    6812.9 req/s
h2 stream pyreqwest_st       1024 B c=150 round=2/3    2580.5 req/s
h2 stream curl_cffi       1048576 B c=100 round=2/3     512.0 req/s
h2 stream httpx_blocking  2097152 B c=150 round=2/3      27.6 req/s
h2 full   pycurl          2097152 B c= 50 round=2/3     111.0 req/s
h2 full   niquests_blocking     1024 B c=100 round=2/3    1235.5 req/s
h2 full   wreq               1024 B c= 10 round=2/3   12822.1 req/s
h2 stream pycurl             1024 B c= 50 round=2/3    6356.4 req/s
h2 stream httpx            131072 B c= 10 round=2/3     546.1 req/s
h2 stream wreq            1048576 B c= 10 round=2/3     554.8 req/s
h2 stream ry_blocking       10240 B c= 10 round=2/3    5357.9 req/s
h2 full   curl_cffi       1048576 B c= 10 round=2/3     544.8 req/s
h2 stream pyreqwest_st      65536 B c= 50 round=2/3    1201.9 req/s
h2 full   niquests        1048576 B c= 10 round=2/3     177.8 req/s
h2 full   niquests_blocking    10240 B c=150 round=2/3    1184.6 req/s
h2 stream wreq               1024 B c=100 round=2/3   23198.3 req/s
h2 full   httpx_blocking    65536 B c= 50 round=2/3     608.6 req/s
h2 full   httpx_blocking  4194304 B c=150 round=2/3      10.3 req/s
h2 stream niquests          65536 B c= 10 round=2/3    1337.7 req/s
h2 full   ry_blocking        1024 B c=150 round=2/3    6931.4 req/s
h2 stream niquests        4194304 B c= 10 round=2/3      47.9 req/s
h2 full   ry_blocking     1048576 B c=100 round=2/3     419.4 req/s
h2 stream wreq_blocking     10240 B c=100 round=2/3     551.5 req/s
h2 full   httpx           2097152 B c=150 round=2/3      39.7 req/s
h2 stream pycurl            10240 B c=150 round=2/3    5745.1 req/s
h2 full   pycurl          1048576 B c= 10 round=2/3     212.7 req/s
h2 full   niquests           1024 B c= 50 round=2/3    2048.9 req/s
h2 full   pyreqwest_st       1024 B c=100 round=2/3    4187.3 req/s
h2 full   wreq_st         4194304 B c= 10 round=2/3     206.6 req/s
h2 full   curl_cffi_blocking   131072 B c= 50 round=2/3     426.3 req/s
h2 stream wreq            1048576 B c=150 round=2/3     569.6 req/s
h2 full   niquests         131072 B c= 10 round=2/3     917.0 req/s
h2 full   httpx           2097152 B c= 50 round=2/3      41.7 req/s
h2 full   wreq_st          131072 B c= 50 round=2/3    6505.1 req/s
h2 stream curl_cffi         10240 B c= 50 round=2/3    5416.4 req/s
h2 full   niquests_blocking    10240 B c= 10 round=2/3    1327.1 req/s
h2 stream curl_cffi       4194304 B c=100 round=2/3     126.3 req/s
h2 stream ry_blocking     1048576 B c= 50 round=2/3     339.7 req/s
h2 full   pycurl          4194304 B c=150 round=2/3      56.6 req/s
h2 stream ry              2097152 B c= 50 round=2/3      69.3 req/s
h2 full   httpx             65536 B c=100 round=2/3     894.9 req/s
h2 stream pycurl            65536 B c=150 round=2/3    1896.4 req/s
h2 stream httpx             65536 B c= 50 round=2/3     873.4 req/s
h2 stream niquests_blocking   131072 B c=100 round=2/3     422.8 req/s
h2 stream wreq_blocking     65536 B c= 10 round=2/3     531.2 req/s
h2 stream niquests         131072 B c= 50 round=2/3     904.4 req/s
h2 full   httpx_blocking    65536 B c=150 round=2/3     595.4 req/s
h2 full   wreq_st          131072 B c= 10 round=2/3    5648.4 req/s
h2 stream ry_blocking     4194304 B c=150 round=2/3     101.3 req/s
h2 full   pycurl           131072 B c= 50 round=2/3    1644.0 req/s
h2 stream wreq              65536 B c= 50 round=2/3    7329.2 req/s
h2 stream pyreqwest_st    4194304 B c=150 round=2/3      62.2 req/s
h2 full   pyreqwest_st    4194304 B c= 50 round=2/3      69.0 req/s
h2 full   pycurl             1024 B c= 50 round=2/3   11611.5 req/s
h2 full   pycurl           131072 B c=150 round=2/3    1574.3 req/s
h2 stream niquests        1048576 B c= 50 round=2/3     179.4 req/s
h2 stream ry_blocking        1024 B c=100 round=2/3    4796.3 req/s
h2 stream curl_cffi_blocking  2097152 B c=150 round=2/3      79.6 req/s
h2 stream wreq_blocking     65536 B c=100 round=2/3     521.2 req/s
h2 stream ry              2097152 B c=150 round=2/3      71.3 req/s
h2 stream ry              4194304 B c=150 round=2/3      38.5 req/s
h2 stream niquests_blocking   131072 B c= 10 round=2/3     435.2 req/s
h2 full   httpx           1048576 B c=150 round=2/3      91.6 req/s
h2 stream niquests_blocking    65536 B c=150 round=2/3     655.0 req/s
h2 stream niquests          65536 B c=100 round=2/3    1327.7 req/s
h2 stream wreq            2097152 B c=100 round=2/3     271.0 req/s
h2 full   pyreqwest_mt    4194304 B c= 10 round=2/3      83.3 req/s
h2 full   curl_cffi_blocking     1024 B c= 10 round=2/3     557.6 req/s
h2 full   httpx           4194304 B c=150 round=2/3      15.6 req/s
h2 full   niquests_blocking  4194304 B c=100 round=2/3      18.5 req/s
h2 stream pyreqwest_mt    4194304 B c= 50 round=2/3      75.9 req/s
h2 stream pycurl          1048576 B c= 10 round=2/3     186.7 req/s
h2 full   pyreqwest_mt     131072 B c=150 round=2/3    2180.6 req/s
h2 stream niquests_blocking    10240 B c=100 round=2/3    1230.5 req/s
h2 full   niquests           1024 B c= 10 round=2/3    1815.3 req/s
h2 stream pyreqwest_st    4194304 B c= 50 round=2/3      62.1 req/s
h2 full   wreq_blocking   1048576 B c= 50 round=2/3    1729.4 req/s
h2 full   ry_blocking       10240 B c=100 round=2/3    7283.0 req/s
h2 full   wreq_blocking      1024 B c= 50 round=2/3    3568.8 req/s
h2 full   httpx_blocking  4194304 B c=100 round=2/3      10.0 req/s
h2 full   niquests         131072 B c=150 round=2/3     921.3 req/s
h2 full   niquests_blocking    65536 B c= 50 round=2/3     676.7 req/s
h2 stream pyreqwest_mt    2097152 B c= 50 round=2/3     137.9 req/s
h2 full   httpx            131072 B c=150 round=2/3     590.5 req/s
h2 stream ry               131072 B c=150 round=2/3     643.1 req/s
h2 full   pyreqwest_mt    4194304 B c=150 round=2/3      77.5 req/s
h2 stream ry                10240 B c= 50 round=2/3    1730.8 req/s
h2 stream ry              2097152 B c=100 round=2/3      70.4 req/s
h2 stream httpx_blocking  1048576 B c=100 round=2/3      52.8 req/s
h2 stream pycurl           131072 B c= 50 round=2/3    1291.2 req/s
h2 stream pyreqwest_st    1048576 B c=150 round=2/3     180.5 req/s
h2 stream wreq_st         2097152 B c=100 round=2/3     422.5 req/s
h2 full   ry              1048576 B c=150 round=2/3     153.8 req/s
h2 full   wreq_blocking     10240 B c=100 round=2/3    3444.3 req/s
h2 stream curl_cffi       4194304 B c=150 round=2/3     119.6 req/s
h2 stream curl_cffi_blocking   131072 B c=150 round=2/3     388.1 req/s
h2 stream httpx           1048576 B c=150 round=2/3     107.9 req/s
h2 full   ry                10240 B c= 10 round=2/3    2589.0 req/s
h2 full   pycurl          4194304 B c= 10 round=2/3      53.5 req/s
h2 stream wreq_blocking      1024 B c=100 round=2/3     557.3 req/s
h2 full   curl_cffi_blocking    65536 B c= 50 round=2/3     492.0 req/s
h2 stream niquests        2097152 B c= 50 round=2/3      95.8 req/s
h2 stream pyreqwest_st    2097152 B c= 50 round=2/3     114.3 req/s
h2 stream pyreqwest_st     131072 B c= 10 round=2/3     930.3 req/s
h2 full   pycurl          1048576 B c=100 round=2/3     220.6 req/s
h2 stream pycurl            65536 B c=100 round=2/3    1898.6 req/s
h2 full   niquests_blocking   131072 B c= 10 round=2/3     442.2 req/s
h2 stream wreq_st         2097152 B c= 50 round=2/3     432.7 req/s
h2 stream niquests_blocking     1024 B c=150 round=2/3    1152.4 req/s
h2 stream pycurl             1024 B c=150 round=2/3    5778.7 req/s
h2 full   httpx_blocking     1024 B c= 50 round=2/3    1496.1 req/s
h2 stream httpx_blocking    10240 B c= 50 round=2/3    1481.2 req/s
h2 full   curl_cffi          1024 B c= 50 round=2/3    8077.8 req/s
h2 full   ry_blocking     4194304 B c= 50 round=2/3     107.3 req/s
h2 full   wreq_st         4194304 B c=100 round=2/3     208.3 req/s
h2 stream httpx            131072 B c=150 round=2/3     594.4 req/s
h2 full   ry                65536 B c= 10 round=2/3    1432.1 req/s
h2 stream httpx              1024 B c=150 round=2/3    1714.7 req/s
h2 stream niquests_blocking  2097152 B c=100 round=2/3      36.5 req/s
h2 stream httpx_blocking  4194304 B c=150 round=2/3      13.8 req/s
h2 full   curl_cffi_blocking  4194304 B c= 50 round=2/3      47.8 req/s
h2 stream niquests          10240 B c= 50 round=2/3    1939.8 req/s
h2 full   curl_cffi       4194304 B c=150 round=2/3     151.2 req/s
h2 full   httpx             65536 B c= 10 round=2/3     820.8 req/s
h2 full   wreq_blocking    131072 B c=100 round=2/3    3328.7 req/s
h2 stream curl_cffi         10240 B c=100 round=2/3    5328.9 req/s
h2 stream httpx_blocking   131072 B c=100 round=2/3     356.0 req/s
h2 full   ry                10240 B c=100 round=2/3    2964.1 req/s
h2 full   wreq_blocking   4194304 B c=150 round=2/3     603.8 req/s
h2 stream pyreqwest_st    2097152 B c=150 round=2/3     109.8 req/s
h2 full   niquests        1048576 B c=100 round=2/3     185.0 req/s
h2 full   pyreqwest_st     131072 B c=100 round=2/3    1646.1 req/s
h2 stream httpx              1024 B c=100 round=2/3    1745.5 req/s
h2 stream wreq               1024 B c= 10 round=2/3   10866.0 req/s
h2 stream httpx_blocking    10240 B c=150 round=2/3    1394.4 req/s
h2 full   wreq             131072 B c=150 round=2/3    3962.5 req/s
h2 stream ry              1048576 B c= 50 round=2/3     118.5 req/s
h2 stream ry                65536 B c=100 round=2/3     874.0 req/s
h2 stream curl_cffi        131072 B c=100 round=2/3    2271.1 req/s
h2 stream wreq_blocking   2097152 B c=100 round=2/3     335.0 req/s
h2 full   ry               131072 B c= 50 round=2/3    1030.6 req/s
h2 stream niquests_blocking     1024 B c=100 round=2/3    1221.5 req/s
h2 full   curl_cffi_blocking   131072 B c=150 round=2/3     424.6 req/s
h2 stream niquests          10240 B c=150 round=2/3    2002.1 req/s
h2 full   niquests        2097152 B c=100 round=2/3      99.8 req/s
h2 full   curl_cffi_blocking    10240 B c=100 round=2/3     555.7 req/s
h2 stream niquests_blocking  1048576 B c= 50 round=2/3      71.2 req/s
h2 stream curl_cffi_blocking  1048576 B c= 50 round=2/3     137.3 req/s
h2 full   pycurl            10240 B c=150 round=2/3    9104.1 req/s
h2 stream wreq            4194304 B c=100 round=2/3     145.1 req/s
h2 full   curl_cffi        131072 B c= 10 round=2/3    2163.0 req/s
h2 full   wreq            4194304 B c=100 round=2/3     154.5 req/s
h2 full   curl_cffi       1048576 B c=150 round=2/3     595.1 req/s
h2 stream wreq_st           10240 B c= 10 round=2/3   10743.7 req/s
h2 stream wreq            2097152 B c= 50 round=2/3     272.3 req/s
h2 full   httpx             10240 B c= 10 round=2/3    1592.7 req/s
h2 stream pyreqwest_mt     131072 B c= 10 round=2/3    1076.5 req/s
h2 stream wreq              65536 B c=150 round=2/3    7685.9 req/s
h2 stream httpx              1024 B c= 50 round=2/3    1671.0 req/s
h2 full   wreq_blocking      1024 B c= 10 round=2/3    3816.1 req/s
h2 stream wreq             131072 B c= 10 round=2/3    3481.0 req/s
h2 full   niquests_blocking  1048576 B c=100 round=2/3      71.8 req/s
h2 stream wreq_st         4194304 B c= 10 round=2/3     208.6 req/s
h2 stream ry_blocking       65536 B c= 10 round=2/3    2522.4 req/s
h2 stream wreq_st         2097152 B c= 10 round=2/3     422.0 req/s
h2 full   niquests_blocking  4194304 B c=150 round=2/3      18.9 req/s
h2 full   pycurl          2097152 B c=150 round=2/3     111.5 req/s
h2 stream niquests         131072 B c= 10 round=2/3     886.6 req/s
h2 stream pyreqwest_mt     131072 B c=150 round=2/3    1222.4 req/s
h2 stream niquests_blocking   131072 B c= 50 round=2/3     426.4 req/s
h2 full   wreq_st         2097152 B c=100 round=2/3     410.8 req/s
h2 full   niquests_blocking   131072 B c=100 round=2/3     424.3 req/s
h2 stream wreq_blocking   4194304 B c= 10 round=2/3     278.8 req/s
h2 stream ry                65536 B c=150 round=2/3     846.9 req/s
h2 full   httpx              1024 B c=150 round=2/3    1720.1 req/s
h2 full   ry                 1024 B c=150 round=2/3    3080.1 req/s
h2 full   pyreqwest_st    1048576 B c= 10 round=2/3     270.6 req/s
h2 stream pyreqwest_st      65536 B c=150 round=2/3    1298.9 req/s
h2 stream curl_cffi_blocking    10240 B c= 10 round=2/3     531.3 req/s
h2 stream pyreqwest_st      10240 B c=150 round=2/3    2445.9 req/s
h2 stream wreq               1024 B c= 50 round=2/3   22784.7 req/s
h2 stream wreq_blocking    131072 B c= 10 round=2/3     501.2 req/s
h2 stream curl_cffi_blocking  2097152 B c=100 round=2/3      77.4 req/s
h2 stream wreq_blocking   4194304 B c= 50 round=2/3     278.3 req/s
h2 stream niquests        1048576 B c=100 round=2/3     175.2 req/s
h2 stream wreq            2097152 B c= 10 round=2/3     301.8 req/s
h2 stream httpx_blocking  4194304 B c= 10 round=2/3      13.3 req/s
h2 full   curl_cffi          1024 B c=100 round=2/3    9276.4 req/s
h2 stream pyreqwest_mt    2097152 B c=100 round=2/3     131.2 req/s
h2 full   ry_blocking     2097152 B c=100 round=2/3     214.3 req/s
h2 full   ry              1048576 B c= 50 round=2/3     152.0 req/s
h2 stream httpx           1048576 B c=100 round=2/3     107.1 req/s
h2 full   wreq             131072 B c= 10 round=2/3    3786.8 req/s
h2 full   pyreqwest_st    2097152 B c= 50 round=2/3     139.7 req/s
h2 full   curl_cffi       4194304 B c= 50 round=2/3     154.5 req/s
h2 full   pyreqwest_st    2097152 B c=100 round=2/3     141.1 req/s
h2 stream wreq             131072 B c=150 round=2/3    3816.4 req/s
h2 stream niquests_blocking     1024 B c= 50 round=2/3    1241.5 req/s
h2 full   wreq              65536 B c=100 round=2/3    7503.4 req/s
h2 stream pyreqwest_mt      65536 B c=100 round=2/3    1574.3 req/s
h2 stream wreq_st         4194304 B c=150 round=2/3     205.5 req/s
h2 full   pyreqwest_st    1048576 B c=100 round=2/3     266.2 req/s
h2 full   pyreqwest_st       1024 B c= 50 round=2/3    3949.3 req/s
h2 full   httpx_blocking     1024 B c=150 round=2/3    1256.8 req/s
h2 stream curl_cffi         65536 B c= 50 round=2/3    2786.5 req/s
h2 stream niquests        1048576 B c=150 round=2/3     177.3 req/s
h2 stream wreq_st           65536 B c= 50 round=2/3    6252.3 req/s
h2 stream httpx              1024 B c= 10 round=2/3    1649.0 req/s
h2 full   wreq_st         2097152 B c=150 round=2/3     416.5 req/s
h2 stream wreq_st           65536 B c=100 round=2/3    6551.8 req/s
h2 stream curl_cffi        131072 B c=150 round=2/3    2231.6 req/s
h2 stream wreq_blocking   1048576 B c=150 round=2/3     373.3 req/s
h2 stream curl_cffi_blocking    65536 B c= 10 round=2/3     440.9 req/s
h2 full   ry              4194304 B c= 10 round=2/3      34.3 req/s
h2 stream httpx_blocking     1024 B c= 10 round=2/3    1572.1 req/s
h2 stream curl_cffi        131072 B c= 50 round=2/3    2200.9 req/s
h2 full   wreq_blocking   2097152 B c=100 round=2/3    1049.9 req/s
h2 full   pyreqwest_st      10240 B c= 50 round=2/3    4062.5 req/s
h2 stream pycurl            10240 B c= 50 round=2/3    6345.1 req/s
h2 full   pyreqwest_st    2097152 B c= 10 round=2/3     133.2 req/s
h2 full   httpx_blocking  1048576 B c= 50 round=2/3      49.4 req/s
h2 full   pyreqwest_mt      10240 B c=150 round=2/3    7787.5 req/s
h2 full   curl_cffi_blocking  1048576 B c= 50 round=2/3     152.4 req/s
h2 stream niquests          10240 B c=100 round=2/3    1941.1 req/s
h2 stream pyreqwest_mt      10240 B c=150 round=2/3    3419.9 req/s
h2 full   httpx_blocking  2097152 B c= 50 round=2/3      23.3 req/s
h2 stream ry_blocking       10240 B c=150 round=2/3    4630.3 req/s
h2 stream pyreqwest_mt     131072 B c=100 round=2/3    1210.8 req/s
h2 stream curl_cffi       2097152 B c=100 round=2/3     254.8 req/s
h2 stream wreq_blocking     10240 B c= 50 round=2/3     565.5 req/s
h2 full   pyreqwest_mt      10240 B c= 50 round=2/3    7533.7 req/s
h2 stream pyreqwest_st       1024 B c= 10 round=2/3    2500.1 req/s
h2 full   wreq_st            1024 B c= 10 round=2/3   17968.4 req/s
h2 full   pycurl          1048576 B c=150 round=2/3     221.5 req/s
h2 stream ry_blocking     1048576 B c=100 round=2/3     336.2 req/s
h2 full   pycurl            65536 B c=100 round=2/3    2915.6 req/s
h2 full   httpx_blocking  2097152 B c= 10 round=2/3      24.6 req/s
h2 full   wreq             131072 B c=100 round=2/3    4177.9 req/s
h2 full   pycurl            10240 B c= 10 round=2/3   13009.5 req/s
h2 stream ry              4194304 B c= 10 round=2/3      31.7 req/s
h2 stream pycurl          2097152 B c= 10 round=2/3      94.2 req/s
h2 stream pyreqwest_mt      10240 B c=100 round=2/3    3518.2 req/s
h2 full   wreq            4194304 B c= 10 round=2/3     159.3 req/s
h2 stream ry_blocking     2097152 B c= 50 round=2/3     191.8 req/s
h2 full   pyreqwest_st    4194304 B c=100 round=2/3      70.8 req/s
h2 stream wreq_st            1024 B c=100 round=2/3   17794.8 req/s
h2 stream wreq_st          131072 B c= 10 round=2/3    4139.7 req/s
h2 full   ry_blocking      131072 B c= 50 round=2/3    2715.6 req/s
h2 stream niquests_blocking  1048576 B c=150 round=2/3      71.9 req/s
h2 stream ry_blocking       65536 B c=100 round=2/3    2371.0 req/s
h2 stream wreq             131072 B c=100 round=2/3    3725.2 req/s
h2 stream ry_blocking       65536 B c= 50 round=2/3    2460.3 req/s
h2 stream wreq_st         2097152 B c=150 round=2/3     419.2 req/s
h2 full   pyreqwest_st    4194304 B c= 10 round=2/3      67.0 req/s
h2 stream pyreqwest_mt     131072 B c= 50 round=2/3    1223.5 req/s
h2 full   ry_blocking       10240 B c=150 round=2/3    6912.0 req/s
h2 full   httpx_blocking    10240 B c= 10 round=2/3    1556.4 req/s
h2 full   pyreqwest_mt      65536 B c=100 round=2/3    4410.8 req/s
h2 stream niquests          10240 B c= 10 round=2/3    1968.5 req/s
h2 stream httpx_blocking    10240 B c=100 round=2/3    1424.9 req/s
h2 full   pyreqwest_mt      65536 B c= 50 round=2/3    4366.4 req/s
h2 full   wreq              10240 B c= 10 round=2/3   12134.1 req/s
h2 stream curl_cffi_blocking  4194304 B c= 50 round=2/3      42.0 req/s
h2 full   httpx              1024 B c=100 round=2/3    1697.9 req/s
h2 full   wreq               1024 B c=100 round=2/3   27099.7 req/s
h2 stream ry_blocking     4194304 B c= 10 round=2/3      98.4 req/s
h2 stream httpx           1048576 B c= 10 round=2/3     110.9 req/s
h2 stream wreq_st           10240 B c=100 round=2/3   14295.3 req/s
h2 stream curl_cffi_blocking     1024 B c= 10 round=2/3     527.0 req/s
h2 full   pyreqwest_st     131072 B c= 10 round=2/3    1664.3 req/s
h2 stream pyreqwest_st      65536 B c=100 round=2/3    1284.9 req/s
h2 stream httpx           2097152 B c= 50 round=2/3      58.0 req/s
h2 full   wreq_st         2097152 B c= 10 round=2/3     421.1 req/s
h2 full   ry              4194304 B c=100 round=2/3      40.5 req/s
h2 stream pycurl            65536 B c= 10 round=2/3    1965.6 req/s
h2 stream curl_cffi_blocking  4194304 B c=150 round=2/3      42.9 req/s
h2 full   curl_cffi_blocking  2097152 B c=150 round=2/3      89.7 req/s
h2 stream ry_blocking      131072 B c=150 round=2/3    1705.4 req/s
h2 stream httpx_blocking    65536 B c=100 round=2/3     592.7 req/s
h2 stream pyreqwest_st     131072 B c=100 round=2/3     978.6 req/s
h2 full   wreq_blocking   4194304 B c=100 round=2/3     627.4 req/s
h2 stream httpx           2097152 B c=150 round=2/3      53.6 req/s
h2 full   pycurl             1024 B c= 10 round=2/3   13169.7 req/s
h2 stream pyreqwest_st       1024 B c=100 round=2/3    2529.4 req/s
h2 full   pyreqwest_mt     131072 B c= 50 round=2/3    2448.0 req/s
h2 full   curl_cffi         65536 B c=150 round=2/3    4778.2 req/s
h2 stream ry                65536 B c= 50 round=2/3     839.5 req/s
h2 stream ry                10240 B c=100 round=2/3    1758.8 req/s
h2 stream curl_cffi_blocking  4194304 B c=100 round=2/3      41.4 req/s
h2 full   ry_blocking     4194304 B c=100 round=2/3     109.5 req/s
h2 full   httpx             65536 B c=150 round=2/3     909.6 req/s
h2 full   pycurl             1024 B c=100 round=2/3   10275.7 req/s
h2 stream httpx           4194304 B c= 50 round=2/3      28.6 req/s
h2 stream pyreqwest_st    1048576 B c= 10 round=2/3     180.1 req/s
h2 stream httpx_blocking  1048576 B c=150 round=2/3      54.9 req/s
h2 stream httpx_blocking    65536 B c= 50 round=2/3     598.4 req/s
h2 full   ry                 1024 B c=100 round=2/3    2958.4 req/s
h2 full   httpx_blocking   131072 B c= 10 round=2/3     365.3 req/s
h2 stream pyreqwest_st     131072 B c= 50 round=2/3     941.2 req/s
h2 full   pyreqwest_mt      10240 B c= 10 round=2/3    6643.6 req/s
h2 full   wreq_st         4194304 B c=150 round=2/3     205.0 req/s
h2 stream wreq            4194304 B c= 50 round=2/3     143.5 req/s
h2 stream httpx_blocking  4194304 B c=100 round=2/3      13.1 req/s
h2 stream ry                 1024 B c= 50 round=2/3    1707.5 req/s
h2 stream ry_blocking     1048576 B c=150 round=2/3     334.2 req/s
h2 stream pyreqwest_st    2097152 B c= 10 round=2/3     105.8 req/s
h2 stream niquests_blocking  2097152 B c=150 round=2/3      37.2 req/s
h2 stream httpx_blocking   131072 B c= 50 round=2/3     363.7 req/s
h2 full   wreq_st           10240 B c= 50 round=2/3   23999.7 req/s
h2 full   ry_blocking      131072 B c= 10 round=2/3    2829.9 req/s
h2 stream httpx_blocking  2097152 B c= 50 round=2/3      26.8 req/s
h2 stream niquests_blocking  1048576 B c= 10 round=2/3      70.9 req/s
h2 full   curl_cffi         65536 B c= 50 round=2/3    4120.6 req/s
h2 stream pycurl            65536 B c= 50 round=2/3    1997.0 req/s
h2 stream httpx            131072 B c= 50 round=2/3     569.8 req/s
h2 full   wreq_blocking    131072 B c=150 round=2/3    3268.7 req/s
h2 full   curl_cffi_blocking     1024 B c= 50 round=2/3     563.8 req/s
h2 full   pyreqwest_mt    1048576 B c=150 round=2/3     298.6 req/s
h2 full   ry_blocking      131072 B c=150 round=2/3    2489.8 req/s
h2 stream wreq              10240 B c=150 round=2/3   18430.1 req/s
h2 stream niquests_blocking  4194304 B c=100 round=2/3      18.4 req/s
h2 full   curl_cffi          1024 B c= 10 round=2/3    5821.8 req/s
h2 full   pyreqwest_mt      10240 B c=100 round=2/3    7257.7 req/s
h2 full   curl_cffi         65536 B c= 10 round=2/3    3580.6 req/s
h2 stream ry              4194304 B c=100 round=2/3      38.0 req/s
h2 stream ry_blocking      131072 B c=100 round=2/3    1747.3 req/s
h2 stream wreq_blocking   4194304 B c=150 round=2/3     278.0 req/s
h2 full   httpx_blocking  1048576 B c= 10 round=2/3      50.6 req/s
h2 full   httpx           1048576 B c=100 round=2/3      90.5 req/s
h2 stream pycurl          2097152 B c=100 round=2/3      97.1 req/s
h2 full   curl_cffi_blocking  4194304 B c= 10 round=2/3      47.4 req/s
h2 full   pyreqwest_mt       1024 B c= 50 round=2/3    7679.6 req/s
h2 stream pyreqwest_st      65536 B c= 10 round=2/3    1196.8 req/s
h2 full   curl_cffi_blocking     1024 B c=100 round=2/3     556.1 req/s
h2 full   wreq              65536 B c=150 round=2/3    7975.5 req/s
h2 stream niquests_blocking    65536 B c= 10 round=2/3     680.2 req/s
h2 full   ry_blocking     2097152 B c= 50 round=2/3     220.4 req/s
h2 stream wreq_blocking      1024 B c=150 round=2/3     544.0 req/s
h2 stream ry               131072 B c= 10 round=2/3     555.7 req/s
h2 stream httpx_blocking     1024 B c= 50 round=2/3    1519.5 req/s
h2 full   niquests          10240 B c= 50 round=2/3    1820.9 req/s
h2 stream httpx           4194304 B c= 10 round=2/3      28.6 req/s
h2 full   niquests        4194304 B c=100 round=2/3      50.0 req/s
h2 stream pyreqwest_mt       1024 B c= 10 round=2/3    2859.4 req/s
h2 stream wreq_st           65536 B c=150 round=2/3    6222.5 req/s
h2 full   pyreqwest_st      65536 B c= 50 round=2/3    2505.0 req/s
h2 full   ry                10240 B c= 50 round=2/3    2864.4 req/s
h2 stream pyreqwest_mt    2097152 B c= 10 round=2/3     132.0 req/s
h2 full   wreq_blocking     10240 B c=150 round=2/3    3297.4 req/s
h2 stream pycurl             1024 B c= 10 round=2/3    6765.4 req/s
h2 full   niquests          65536 B c=100 round=2/3    1300.1 req/s
h2 stream pyreqwest_mt    1048576 B c= 50 round=2/3     225.7 req/s
h2 full   wreq_blocking     10240 B c= 10 round=2/3    3764.5 req/s
h2 full   niquests_blocking  1048576 B c= 50 round=2/3      71.0 req/s
h2 full   pyreqwest_mt    4194304 B c= 50 round=2/3      84.2 req/s
h2 full   curl_cffi       4194304 B c= 10 round=2/3     153.8 req/s
h2 full   pyreqwest_st     131072 B c=150 round=2/3    1453.1 req/s
h2 full   wreq              65536 B c= 10 round=2/3    6184.9 req/s
h2 full   niquests_blocking  2097152 B c=150 round=2/3      37.4 req/s
h2 full   niquests_blocking     1024 B c= 10 round=2/3    1322.7 req/s
h2 stream niquests        4194304 B c=100 round=2/3      50.5 req/s
h2 full   curl_cffi_blocking   131072 B c=100 round=3/3     426.1 req/s
h2 full   curl_cffi         10240 B c= 10 round=3/3    5910.0 req/s
h2 full   wreq            2097152 B c=150 round=3/3     362.5 req/s
h2 full   httpx           1048576 B c= 50 round=3/3      94.6 req/s
h2 full   niquests_blocking  4194304 B c= 50 round=3/3      18.5 req/s
h2 full   curl_cffi         65536 B c= 10 round=3/3    3588.8 req/s
h2 full   ry                10240 B c=100 round=3/3    2978.4 req/s
h2 stream niquests           1024 B c= 10 round=3/3    2035.9 req/s
h2 full   pyreqwest_mt    4194304 B c= 50 round=3/3      83.5 req/s
h2 stream curl_cffi_blocking  1048576 B c= 50 round=3/3     136.6 req/s
h2 full   wreq_st         2097152 B c=150 round=3/3     414.5 req/s
h2 full   wreq_st            1024 B c= 10 round=3/3   19445.7 req/s
h2 full   httpx           4194304 B c=150 round=3/3      15.5 req/s
h2 stream wreq_blocking     65536 B c=100 round=3/3     523.5 req/s
h2 stream wreq_st           65536 B c= 50 round=3/3    6761.3 req/s
h2 full   pyreqwest_st       1024 B c=100 round=3/3    4206.1 req/s
h2 stream pyreqwest_mt    1048576 B c=100 round=3/3     221.6 req/s
h2 stream wreq_blocking   4194304 B c= 50 round=3/3     276.4 req/s
h2 full   pyreqwest_mt    1048576 B c= 10 round=3/3     342.8 req/s
h2 stream pycurl             1024 B c=100 round=3/3    5970.9 req/s
h2 full   httpx_blocking     1024 B c= 10 round=3/3    1547.7 req/s
h2 stream httpx            131072 B c=100 round=3/3     584.6 req/s
h2 full   wreq            1048576 B c= 50 round=3/3     657.1 req/s
h2 stream niquests          10240 B c=150 round=3/3    1661.3 req/s
h2 full   wreq_st          131072 B c= 50 round=3/3    6459.8 req/s
h2 full   httpx            131072 B c=150 round=3/3     589.0 req/s
h2 full   pyreqwest_mt    1048576 B c= 50 round=3/3     319.9 req/s
h2 stream curl_cffi       2097152 B c=150 round=3/3     232.7 req/s
h2 full   httpx            131072 B c=100 round=3/3     574.0 req/s
h2 stream httpx_blocking    10240 B c= 50 round=3/3    1501.0 req/s
h2 stream curl_cffi_blocking    10240 B c=100 round=3/3     527.6 req/s
h2 full   wreq_st         4194304 B c=150 round=3/3     206.9 req/s
h2 stream wreq_st         1048576 B c= 50 round=3/3     844.0 req/s
h2 stream wreq_blocking     10240 B c=100 round=3/3     555.8 req/s
h2 stream ry_blocking     1048576 B c=150 round=3/3     334.1 req/s
h2 stream pycurl            10240 B c= 10 round=3/3    6751.8 req/s
h2 full   pyreqwest_st    2097152 B c=150 round=3/3     145.7 req/s
h2 stream httpx_blocking     1024 B c= 50 round=3/3    1527.2 req/s
h2 stream wreq_blocking   1048576 B c=150 round=3/3     373.4 req/s
h2 full   wreq_st           10240 B c=150 round=3/3   22668.3 req/s
h2 full   ry_blocking     1048576 B c= 10 round=3/3     419.1 req/s
h2 stream curl_cffi        131072 B c=100 round=3/3    2321.7 req/s
h2 stream httpx           4194304 B c=150 round=3/3      26.6 req/s
h2 stream pycurl            65536 B c= 50 round=3/3    1959.5 req/s
h2 stream wreq            4194304 B c=150 round=3/3     157.9 req/s
h2 stream wreq_blocking   2097152 B c= 10 round=3/3     335.1 req/s
h2 full   curl_cffi         10240 B c= 50 round=3/3    7753.2 req/s
h2 stream wreq_blocking   2097152 B c=100 round=3/3     334.6 req/s
h2 stream ry_blocking      131072 B c=100 round=3/3    1745.7 req/s
h2 full   pyreqwest_mt      65536 B c=100 round=3/3    4349.8 req/s
h2 stream pyreqwest_st       1024 B c=100 round=3/3    2572.6 req/s
h2 stream httpx_blocking  4194304 B c=100 round=3/3      13.2 req/s
h2 full   niquests_blocking    65536 B c=150 round=3/3     651.7 req/s
h2 full   niquests_blocking  1048576 B c= 10 round=3/3      71.8 req/s
h2 stream wreq_blocking     10240 B c= 10 round=3/3     562.3 req/s
h2 full   curl_cffi         10240 B c=150 round=3/3    7574.5 req/s
h2 stream httpx           4194304 B c= 10 round=3/3      28.9 req/s
h2 full   pycurl          2097152 B c=100 round=3/3     113.4 req/s
h2 full   wreq_st           65536 B c=150 round=3/3   11892.1 req/s
h2 full   wreq_blocking      1024 B c= 50 round=3/3    3547.5 req/s
h2 stream niquests        2097152 B c= 50 round=3/3      94.0 req/s
h2 stream wreq_st         1048576 B c=150 round=3/3     837.5 req/s
h2 stream httpx             65536 B c=150 round=3/3     892.4 req/s
h2 full   httpx_blocking  4194304 B c= 50 round=3/3      10.1 req/s
h2 full   pycurl           131072 B c= 50 round=3/3    1627.8 req/s
h2 full   httpx_blocking    65536 B c=100 round=3/3     595.2 req/s
h2 stream wreq_blocking   1048576 B c= 50 round=3/3     376.3 req/s
h2 stream httpx_blocking  2097152 B c=100 round=3/3      26.3 req/s
h2 full   wreq_blocking      1024 B c= 10 round=3/3    3639.9 req/s
h2 stream ry_blocking        1024 B c=150 round=3/3    4557.2 req/s
h2 full   wreq_blocking     65536 B c= 10 round=3/3    3681.2 req/s
h2 stream httpx_blocking  4194304 B c=150 round=3/3      13.8 req/s
h2 full   pycurl             1024 B c= 50 round=3/3   11815.9 req/s
h2 stream niquests_blocking  2097152 B c=150 round=3/3      37.1 req/s
h2 full   httpx           4194304 B c= 10 round=3/3      18.9 req/s
h2 full   curl_cffi_blocking    65536 B c= 10 round=3/3     488.3 req/s
h2 full   ry_blocking     1048576 B c=100 round=3/3     417.8 req/s
h2 stream curl_cffi         10240 B c= 10 round=3/3    4452.5 req/s
h2 stream pyreqwest_st    1048576 B c=100 round=3/3     186.5 req/s
h2 stream niquests          10240 B c= 50 round=3/3    1952.4 req/s
h2 stream curl_cffi        131072 B c= 50 round=3/3    2123.8 req/s
h2 full   wreq               1024 B c=150 round=3/3   34893.9 req/s
h2 full   httpx_blocking    10240 B c= 50 round=3/3    1510.2 req/s
h2 full   niquests_blocking   131072 B c=100 round=3/3     417.9 req/s
h2 full   httpx_blocking  4194304 B c= 10 round=3/3      10.8 req/s
h2 full   ry_blocking       65536 B c= 50 round=3/3    4337.8 req/s
h2 stream pyreqwest_st      65536 B c=150 round=3/3    1266.6 req/s
h2 stream curl_cffi_blocking  1048576 B c=100 round=3/3     135.5 req/s
h2 stream ry_blocking     2097152 B c= 10 round=3/3     187.9 req/s
h2 full   curl_cffi       2097152 B c= 10 round=3/3     288.8 req/s
h2 stream pycurl           131072 B c=150 round=3/3    1207.2 req/s
h2 stream pyreqwest_st      10240 B c=150 round=3/3    2516.5 req/s
h2 full   wreq_blocking     65536 B c=100 round=3/3    3394.6 req/s
h2 full   pycurl          1048576 B c= 50 round=3/3     221.1 req/s
h2 stream pycurl          1048576 B c= 50 round=3/3     193.6 req/s
h2 full   wreq            4194304 B c=150 round=3/3     159.3 req/s
h2 full   httpx_blocking  4194304 B c=150 round=3/3      10.2 req/s
h2 stream httpx           2097152 B c=100 round=3/3      53.3 req/s
h2 full   pycurl            65536 B c= 10 round=3/3    3053.9 req/s
h2 full   pycurl          4194304 B c= 10 round=3/3      53.2 req/s
h2 stream wreq_st           10240 B c=150 round=3/3   14535.1 req/s
h2 full   niquests_blocking    65536 B c=100 round=3/3     649.1 req/s
h2 stream pycurl          1048576 B c= 10 round=3/3     188.1 req/s
h2 stream curl_cffi_blocking    65536 B c= 10 round=3/3     442.7 req/s
h2 stream wreq               1024 B c= 10 round=3/3    9863.0 req/s
h2 full   ry               131072 B c=150 round=3/3     970.3 req/s
h2 full   curl_cffi_blocking    10240 B c=100 round=3/3     560.9 req/s
h2 stream pycurl            65536 B c=100 round=3/3    1901.7 req/s
h2 stream curl_cffi          1024 B c= 10 round=3/3    4241.1 req/s
h2 full   ry_blocking     2097152 B c=150 round=3/3     216.4 req/s
h2 stream pyreqwest_st     131072 B c=150 round=3/3     960.1 req/s
h2 stream pycurl          4194304 B c= 50 round=3/3      49.1 req/s
h2 full   ry_blocking       10240 B c=100 round=3/3    7074.7 req/s
h2 stream pycurl          1048576 B c=150 round=3/3     193.8 req/s
h2 full   wreq            1048576 B c=150 round=3/3     603.1 req/s
h2 full   pyreqwest_mt    2097152 B c=150 round=3/3     151.4 req/s
h2 stream httpx_blocking  2097152 B c= 10 round=3/3      26.5 req/s
h2 stream ry                65536 B c=150 round=3/3     845.7 req/s
h2 full   ry               131072 B c= 10 round=3/3     876.2 req/s
h2 stream wreq_st           65536 B c=100 round=3/3    7498.2 req/s
h2 stream curl_cffi         65536 B c=100 round=3/3    2607.5 req/s
h2 full   pycurl          2097152 B c= 50 round=3/3     111.4 req/s
h2 full   curl_cffi_blocking    10240 B c=150 round=3/3     553.4 req/s
h2 full   niquests          10240 B c= 50 round=3/3    2038.1 req/s
h2 stream wreq_st         1048576 B c= 10 round=3/3     842.6 req/s
h2 stream httpx_blocking     1024 B c=100 round=3/3    1417.1 req/s
h2 full   niquests_blocking    10240 B c=150 round=3/3    1207.2 req/s
h2 stream wreq_st            1024 B c= 50 round=3/3   16074.9 req/s
h2 stream ry              1048576 B c=150 round=3/3     121.7 req/s
h2 stream ry_blocking     4194304 B c=150 round=3/3     102.1 req/s
h2 stream curl_cffi_blocking     1024 B c=100 round=3/3     524.6 req/s
h2 stream httpx           2097152 B c= 50 round=3/3      56.6 req/s
h2 full   ry_blocking      131072 B c= 10 round=3/3    2823.8 req/s
h2 full   wreq              10240 B c= 50 round=3/3   24540.6 req/s
h2 full   wreq_blocking   2097152 B c=100 round=3/3    1061.4 req/s
h2 stream wreq              10240 B c= 10 round=3/3    9949.6 req/s
h2 full   httpx           1048576 B c=150 round=3/3      90.9 req/s
h2 full   httpx_blocking   131072 B c=150 round=3/3     353.8 req/s
h2 stream pyreqwest_mt    1048576 B c= 50 round=3/3     225.7 req/s
h2 stream ry_blocking      131072 B c= 50 round=3/3    1829.2 req/s
h2 stream wreq_blocking   4194304 B c=150 round=3/3     279.7 req/s
h2 stream niquests_blocking     1024 B c=150 round=3/3    1204.1 req/s
h2 stream pyreqwest_st      65536 B c= 10 round=3/3    1164.1 req/s
h2 full   pyreqwest_st    4194304 B c= 50 round=3/3      70.3 req/s
h2 full   pyreqwest_mt      10240 B c=100 round=3/3    7449.8 req/s
h2 full   pyreqwest_st    1048576 B c=150 round=3/3     262.8 req/s
h2 stream niquests        4194304 B c=100 round=3/3      49.2 req/s
h2 stream niquests_blocking     1024 B c= 10 round=3/3    1313.7 req/s
h2 stream pyreqwest_mt       1024 B c= 10 round=3/3    2946.8 req/s
h2 stream httpx_blocking   131072 B c= 10 round=3/3     360.9 req/s
h2 full   pycurl          1048576 B c=100 round=3/3     219.3 req/s
h2 full   pyreqwest_st     131072 B c=100 round=3/3    1617.8 req/s
h2 stream niquests_blocking    10240 B c= 10 round=3/3    1295.0 req/s
h2 full   pyreqwest_st     131072 B c=150 round=3/3    1433.7 req/s
h2 full   curl_cffi       4194304 B c=100 round=3/3     160.0 req/s
h2 full   niquests        4194304 B c= 50 round=3/3      49.7 req/s
h2 full   pycurl            10240 B c= 50 round=3/3   11222.9 req/s
h2 full   wreq_blocking   1048576 B c=150 round=3/3    1624.4 req/s
h2 stream wreq_st           65536 B c=150 round=3/3    8642.3 req/s
h2 stream curl_cffi_blocking  1048576 B c= 10 round=3/3     138.0 req/s
h2 stream pyreqwest_st      10240 B c= 10 round=3/3    2352.7 req/s
h2 full   wreq              10240 B c=150 round=3/3   29669.7 req/s
h2 full   wreq            2097152 B c= 10 round=3/3     314.6 req/s
h2 stream pycurl          2097152 B c= 50 round=3/3      97.9 req/s
h2 stream niquests_blocking    65536 B c= 10 round=3/3     683.2 req/s
h2 full   niquests_blocking  2097152 B c=150 round=3/3      37.2 req/s
h2 stream pyreqwest_st    2097152 B c= 50 round=3/3     114.9 req/s
h2 full   pycurl             1024 B c=100 round=3/3   10195.3 req/s
h2 full   niquests        2097152 B c=150 round=3/3     107.8 req/s
h2 full   niquests_blocking  2097152 B c= 50 round=3/3      36.3 req/s
h2 stream httpx           2097152 B c=150 round=3/3      53.9 req/s
h2 stream httpx            131072 B c= 10 round=3/3     541.5 req/s
h2 full   pyreqwest_st       1024 B c= 50 round=3/3    4213.9 req/s
h2 stream niquests          10240 B c= 10 round=3/3    1977.1 req/s
h2 stream curl_cffi_blocking    10240 B c=150 round=3/3     522.3 req/s
h2 stream ry              2097152 B c=100 round=3/3      69.9 req/s
h2 full   pyreqwest_mt    4194304 B c=150 round=3/3      77.1 req/s
h2 stream ry_blocking     2097152 B c=100 round=3/3     190.9 req/s
h2 full   niquests_blocking     1024 B c=150 round=3/3    1220.7 req/s
h2 full   pyreqwest_mt      65536 B c= 50 round=3/3    4241.6 req/s
h2 full   httpx              1024 B c=100 round=3/3    1697.5 req/s
h2 stream pyreqwest_st    4194304 B c=150 round=3/3      63.2 req/s
h2 stream wreq            1048576 B c=100 round=3/3     571.6 req/s
h2 stream pyreqwest_mt    4194304 B c= 10 round=3/3      73.9 req/s
h2 full   wreq            4194304 B c= 50 round=3/3     185.9 req/s
h2 full   curl_cffi_blocking  1048576 B c=100 round=3/3     152.2 req/s
h2 full   httpx            131072 B c= 50 round=3/3     567.1 req/s
h2 stream ry_blocking       10240 B c= 10 round=3/3    5289.9 req/s
h2 stream ry                 1024 B c=100 round=3/3    1759.0 req/s
h2 full   curl_cffi          1024 B c= 10 round=3/3    6065.0 req/s
h2 full   httpx_blocking    10240 B c=150 round=3/3    1403.3 req/s
h2 stream wreq              65536 B c=150 round=3/3    6518.4 req/s
h2 stream curl_cffi         65536 B c=150 round=3/3    2508.5 req/s
h2 full   curl_cffi_blocking     1024 B c= 10 round=3/3     559.6 req/s
h2 full   wreq            1048576 B c=100 round=3/3     679.9 req/s
h2 full   pyreqwest_st      10240 B c= 10 round=3/3    4260.2 req/s
h2 stream wreq_st          131072 B c=100 round=3/3    5771.9 req/s
h2 stream wreq_st            1024 B c=150 round=3/3   16489.7 req/s
h2 full   pyreqwest_st    4194304 B c= 10 round=3/3      67.9 req/s
h2 stream pycurl             1024 B c= 10 round=3/3    6731.6 req/s
h2 full   curl_cffi_blocking   131072 B c= 10 round=3/3     426.5 req/s
h2 full   pyreqwest_mt     131072 B c= 10 round=3/3    2269.1 req/s
h2 stream httpx            131072 B c=150 round=3/3     575.4 req/s
h2 stream httpx             65536 B c= 10 round=3/3     832.7 req/s
h2 stream wreq_blocking      1024 B c= 50 round=3/3     559.8 req/s
h2 stream pyreqwest_mt      65536 B c= 10 round=3/3    1309.7 req/s
h2 stream niquests_blocking   131072 B c=150 round=3/3     417.8 req/s
h2 full   niquests_blocking   131072 B c= 10 round=3/3     407.0 req/s
h2 full   niquests         131072 B c=100 round=3/3     899.5 req/s
h2 stream pyreqwest_st    2097152 B c= 10 round=3/3     107.5 req/s
h2 full   pyreqwest_st      10240 B c=150 round=3/3    3898.4 req/s
h2 full   httpx             10240 B c=100 round=3/3    1662.6 req/s
h2 full   ry              1048576 B c=100 round=3/3     151.8 req/s
h2 full   httpx_blocking    10240 B c= 10 round=3/3    1490.0 req/s
h2 full   pyreqwest_mt      65536 B c= 10 round=3/3    3803.2 req/s
h2 full   niquests        2097152 B c=100 round=3/3      99.7 req/s
h2 stream pyreqwest_mt     131072 B c=150 round=3/3    1229.5 req/s
h2 stream pycurl             1024 B c=150 round=3/3    5688.4 req/s
h2 full   niquests         131072 B c= 50 round=3/3     906.5 req/s
h2 full   ry                 1024 B c= 10 round=3/3    2556.8 req/s
h2 full   niquests          10240 B c=100 round=3/3    2025.1 req/s
h2 stream curl_cffi_blocking    65536 B c= 50 round=3/3     443.0 req/s
h2 full   niquests          65536 B c=150 round=3/3    1190.4 req/s
h2 full   ry              4194304 B c= 50 round=3/3      39.9 req/s
h2 full   wreq            2097152 B c=100 round=3/3     334.1 req/s
h2 full   pycurl            65536 B c=100 round=3/3    2869.9 req/s
h2 full   curl_cffi          1024 B c= 50 round=3/3    7641.1 req/s
h2 full   wreq_st          131072 B c= 10 round=3/3    6097.9 req/s
h2 stream pyreqwest_st    1048576 B c=150 round=3/3     183.7 req/s
h2 stream wreq_st          131072 B c=150 round=3/3    6061.4 req/s
h2 full   ry               131072 B c= 50 round=3/3    1017.6 req/s
h2 stream curl_cffi       1048576 B c=150 round=3/3     474.4 req/s
h2 stream niquests        2097152 B c=100 round=3/3      97.1 req/s
h2 stream ry_blocking     4194304 B c=100 round=3/3     100.2 req/s
h2 full   wreq_st           65536 B c=100 round=3/3   11580.2 req/s
h2 stream pyreqwest_st      10240 B c=100 round=3/3    2550.6 req/s
h2 stream pycurl            65536 B c= 10 round=3/3    1987.0 req/s
h2 stream pyreqwest_mt       1024 B c= 50 round=3/3    3271.2 req/s
h2 stream ry                65536 B c= 10 round=3/3     724.0 req/s
h2 full   curl_cffi       1048576 B c=100 round=3/3     599.7 req/s
h2 full   ry              2097152 B c= 50 round=3/3      78.2 req/s
h2 full   wreq_blocking   1048576 B c= 10 round=3/3    1749.8 req/s
h2 stream curl_cffi          1024 B c=100 round=3/3    5926.9 req/s
h2 stream niquests        1048576 B c= 50 round=3/3     176.5 req/s
h2 full   pyreqwest_st     131072 B c= 50 round=3/3    1671.3 req/s
h2 stream wreq              10240 B c=150 round=3/3   18545.8 req/s
h2 full   httpx             10240 B c= 10 round=3/3    1596.4 req/s
h2 full   httpx_blocking  2097152 B c=100 round=3/3      22.9 req/s
h2 stream pycurl            10240 B c=100 round=3/3    6126.5 req/s
h2 stream curl_cffi         10240 B c=100 round=3/3    6256.4 req/s
h2 stream httpx_blocking   131072 B c=100 round=3/3     353.8 req/s
h2 full   pyreqwest_st    4194304 B c=150 round=3/3      72.8 req/s
h2 full   curl_cffi_blocking   131072 B c= 50 round=3/3     425.1 req/s
h2 stream wreq            4194304 B c=100 round=3/3     149.9 req/s
h2 full   wreq_st           65536 B c= 50 round=3/3   10516.3 req/s
h2 full   wreq_blocking     65536 B c= 50 round=3/3    3500.4 req/s
h2 stream wreq_blocking   2097152 B c=150 round=3/3     337.7 req/s
h2 full   httpx_blocking     1024 B c= 50 round=3/3    1500.8 req/s
h2 stream httpx           1048576 B c=100 round=3/3     107.4 req/s
h2 full   curl_cffi_blocking  1048576 B c=150 round=3/3     155.5 req/s
h2 full   niquests_blocking  4194304 B c= 10 round=3/3      18.6 req/s
h2 full   curl_cffi_blocking    10240 B c= 10 round=3/3     558.4 req/s
h2 stream httpx_blocking  1048576 B c= 50 round=3/3      53.2 req/s
h2 full   pyreqwest_mt    2097152 B c=100 round=3/3     156.0 req/s
h2 stream curl_cffi       4194304 B c= 50 round=3/3     133.3 req/s
h2 full   niquests          65536 B c= 50 round=3/3    1277.5 req/s
h2 full   ry              4194304 B c= 10 round=3/3      34.1 req/s
h2 full   pyreqwest_mt      10240 B c=150 round=3/3    7614.7 req/s
h2 full   wreq_blocking    131072 B c=100 round=3/3    3373.4 req/s
h2 full   wreq_blocking   4194304 B c=100 round=3/3     609.3 req/s
h2 stream ry_blocking     2097152 B c= 50 round=3/3     190.1 req/s
h2 stream niquests_blocking  2097152 B c= 10 round=3/3      36.3 req/s
h2 stream curl_cffi       2097152 B c= 10 round=3/3     265.7 req/s
h2 full   niquests_blocking  1048576 B c=150 round=3/3      72.9 req/s
h2 full   wreq              65536 B c= 50 round=3/3    7787.0 req/s
h2 full   niquests          65536 B c=100 round=3/3    1303.6 req/s
h2 full   ry_blocking      131072 B c= 50 round=3/3    2704.1 req/s
h2 full   wreq_st            1024 B c= 50 round=3/3   27304.6 req/s
h2 full   niquests_blocking  1048576 B c=100 round=3/3      71.4 req/s
h2 stream ry               131072 B c= 10 round=3/3     554.9 req/s
h2 full   pyreqwest_mt       1024 B c= 10 round=3/3    6585.0 req/s
h2 full   wreq_st         4194304 B c= 10 round=3/3     207.2 req/s
h2 stream pycurl            10240 B c= 50 round=3/3    6237.1 req/s
h2 stream niquests          65536 B c=150 round=3/3    1323.6 req/s
h2 stream niquests          65536 B c= 50 round=3/3    1114.3 req/s
h2 stream ry                 1024 B c= 50 round=3/3    1702.3 req/s
h2 stream pyreqwest_st     131072 B c= 10 round=3/3     899.0 req/s
h2 full   ry_blocking       65536 B c=150 round=3/3    3874.8 req/s
h2 full   wreq_blocking   4194304 B c=150 round=3/3     599.5 req/s
h2 stream httpx_blocking  4194304 B c= 10 round=3/3      13.3 req/s
h2 full   pycurl            65536 B c= 50 round=3/3    3026.7 req/s
h2 stream pyreqwest_mt      65536 B c= 50 round=3/3    1528.3 req/s
h2 stream niquests        2097152 B c=150 round=3/3      98.5 req/s
h2 full   httpx_blocking     1024 B c=100 round=3/3    1465.0 req/s
h2 stream ry_blocking       65536 B c=100 round=3/3    2394.7 req/s
h2 full   pyreqwest_mt       1024 B c= 50 round=3/3    7450.0 req/s
h2 full   wreq              10240 B c= 10 round=3/3   11857.5 req/s
h2 stream niquests        1048576 B c= 10 round=3/3     173.7 req/s
h2 stream httpx_blocking  2097152 B c= 50 round=3/3      26.7 req/s
h2 stream httpx              1024 B c=100 round=3/3    1684.8 req/s
h2 stream niquests           1024 B c= 50 round=3/3    1975.5 req/s
h2 full   ry              2097152 B c= 10 round=3/3      66.4 req/s
h2 full   ry_blocking       10240 B c= 10 round=3/3    9152.6 req/s
h2 stream httpx           1048576 B c= 50 round=3/3     106.5 req/s
h2 stream wreq_st          131072 B c= 10 round=3/3    4221.4 req/s
h2 stream niquests_blocking  1048576 B c= 10 round=3/3      70.8 req/s
h2 stream wreq              65536 B c= 50 round=3/3    7105.9 req/s
h2 full   pyreqwest_st      65536 B c= 50 round=3/3    2479.3 req/s
h2 stream ry_blocking      131072 B c= 10 round=3/3    1882.4 req/s
h2 stream httpx           1048576 B c=150 round=3/3     107.0 req/s
h2 stream niquests_blocking  2097152 B c= 50 round=3/3      36.4 req/s
h2 stream curl_cffi_blocking    10240 B c= 10 round=3/3     530.0 req/s
h2 stream ry               131072 B c=150 round=3/3     613.2 req/s
h2 stream niquests_blocking     1024 B c=100 round=3/3    1191.7 req/s
h2 stream ry                 1024 B c=150 round=3/3    1760.1 req/s
h2 stream ry              4194304 B c= 50 round=3/3      37.3 req/s
h2 stream ry              2097152 B c= 10 round=3/3      58.6 req/s
h2 stream pyreqwest_st      10240 B c= 50 round=3/3    2447.1 req/s
h2 stream pycurl             1024 B c= 50 round=3/3    6229.3 req/s
h2 full   niquests           1024 B c= 10 round=3/3    2062.2 req/s
h2 full   pyreqwest_mt      10240 B c= 50 round=3/3    7469.5 req/s
h2 full   wreq_blocking      1024 B c=100 round=3/3    3481.3 req/s
h2 full   httpx             65536 B c=100 round=3/3     897.3 req/s
h2 full   pyreqwest_st    2097152 B c=100 round=3/3     130.9 req/s
h2 full   wreq              65536 B c=150 round=3/3    7827.6 req/s
h2 stream pycurl           131072 B c= 10 round=3/3    1258.1 req/s
h2 stream pycurl          4194304 B c=100 round=3/3      48.9 req/s
h2 full   pycurl             1024 B c= 10 round=3/3   12733.5 req/s
h2 full   httpx_blocking  2097152 B c= 50 round=3/3      23.3 req/s
h2 stream pyreqwest_mt    4194304 B c=150 round=3/3      70.6 req/s
h2 stream curl_cffi_blocking  2097152 B c= 10 round=3/3      78.1 req/s
h2 full   pyreqwest_mt    4194304 B c= 10 round=3/3      84.1 req/s
h2 stream wreq_blocking   4194304 B c= 10 round=3/3     278.0 req/s
h2 stream pyreqwest_st     131072 B c=100 round=3/3     986.8 req/s
h2 stream pyreqwest_st      65536 B c= 50 round=3/3    1174.0 req/s
h2 stream wreq_st         2097152 B c= 50 round=3/3     422.1 req/s
h2 stream httpx              1024 B c= 50 round=3/3    1664.9 req/s
h2 stream curl_cffi_blocking  4194304 B c= 10 round=3/3      42.2 req/s
h2 full   curl_cffi_blocking    65536 B c=150 round=3/3     483.7 req/s
h2 full   curl_cffi_blocking  4194304 B c= 10 round=3/3      47.2 req/s
h2 stream ry_blocking     2097152 B c=150 round=3/3     191.6 req/s
h2 full   wreq_blocking     10240 B c= 50 round=3/3    3467.9 req/s
h2 full   ry                 1024 B c= 50 round=3/3    2819.0 req/s
h2 full   pycurl          1048576 B c=150 round=3/3     221.2 req/s
h2 full   ry_blocking       10240 B c= 50 round=3/3    8076.5 req/s
h2 full   curl_cffi_blocking  2097152 B c= 10 round=3/3      87.6 req/s
h2 full   wreq_blocking   2097152 B c= 10 round=3/3    1156.3 req/s
h2 stream ry                10240 B c= 50 round=3/3    1694.4 req/s
h2 full   curl_cffi       2097152 B c=150 round=3/3     302.3 req/s
h2 full   httpx_blocking    65536 B c= 50 round=3/3     608.0 req/s
h2 stream wreq_blocking     10240 B c= 50 round=3/3     561.0 req/s
h2 full   curl_cffi_blocking  2097152 B c= 50 round=3/3      87.8 req/s
h2 full   niquests           1024 B c=100 round=3/3    2080.7 req/s
h2 stream httpx              1024 B c= 10 round=3/3    1625.2 req/s
h2 stream pyreqwest_mt    2097152 B c=150 round=3/3     128.6 req/s
h2 stream ry_blocking     1048576 B c= 50 round=3/3     337.2 req/s
h2 full   niquests           1024 B c=150 round=3/3    1749.4 req/s
h2 stream wreq_blocking   1048576 B c=100 round=3/3     372.5 req/s
h2 full   httpx            131072 B c= 10 round=3/3     535.2 req/s
h2 full   curl_cffi_blocking  4194304 B c= 50 round=3/3      47.4 req/s
h2 full   curl_cffi       1048576 B c=150 round=3/3     591.3 req/s
h2 stream ry              4194304 B c=100 round=3/3      38.1 req/s
h2 stream ry_blocking     1048576 B c=100 round=3/3     335.5 req/s
h2 stream wreq_blocking      1024 B c=100 round=3/3     555.3 req/s
h2 stream niquests_blocking    10240 B c=100 round=3/3    1230.5 req/s
h2 stream httpx_blocking    65536 B c= 50 round=3/3     612.1 req/s
h2 full   ry                65536 B c=150 round=3/3    1583.1 req/s
h2 full   niquests_blocking  2097152 B c= 10 round=3/3      36.5 req/s
h2 full   httpx           4194304 B c= 50 round=3/3      16.1 req/s
h2 full   ry_blocking       65536 B c= 10 round=3/3    4579.0 req/s
h2 stream niquests         131072 B c= 50 round=3/3     887.2 req/s
h2 stream curl_cffi        131072 B c= 10 round=3/3    1778.4 req/s
h2 full   wreq_blocking     10240 B c=100 round=3/3    3463.3 req/s
h2 stream httpx_blocking     1024 B c= 10 round=3/3    1560.5 req/s
h2 full   niquests        4194304 B c=150 round=3/3      50.0 req/s
h2 stream wreq_st           10240 B c=100 round=3/3   13582.8 req/s
h2 full   curl_cffi_blocking  1048576 B c= 10 round=3/3     151.8 req/s
h2 full   pyreqwest_st      65536 B c=100 round=3/3    2619.4 req/s
h2 full   pyreqwest_st    4194304 B c=100 round=3/3      69.5 req/s
h2 stream niquests        4194304 B c= 10 round=3/3      46.6 req/s
h2 stream pycurl          2097152 B c=100 round=3/3      97.3 req/s
h2 stream ry              4194304 B c=150 round=3/3      38.1 req/s
h2 full   niquests_blocking   131072 B c= 50 round=3/3     424.1 req/s
h2 stream ry              1048576 B c= 10 round=3/3     106.9 req/s
h2 stream curl_cffi_blocking  4194304 B c=100 round=3/3      41.6 req/s
h2 full   httpx_blocking   131072 B c= 10 round=3/3     365.9 req/s
h2 stream niquests_blocking    65536 B c= 50 round=3/3     663.9 req/s
h2 full   httpx_blocking    65536 B c=150 round=3/3     602.2 req/s
h2 stream wreq_blocking   1048576 B c= 10 round=3/3     373.7 req/s
h2 stream ry              4194304 B c= 10 round=3/3      31.7 req/s
h2 stream pyreqwest_st    4194304 B c= 10 round=3/3      60.1 req/s
h2 full   ry              1048576 B c= 50 round=3/3     152.7 req/s
h2 full   httpx             65536 B c= 50 round=3/3     867.0 req/s
h2 stream pyreqwest_st    2097152 B c=100 round=3/3     110.7 req/s
h2 stream niquests_blocking  4194304 B c=100 round=3/3      18.5 req/s
h2 full   wreq_st         4194304 B c= 50 round=3/3     205.5 req/s
h2 stream wreq            1048576 B c=150 round=3/3     562.8 req/s
h2 full   curl_cffi         65536 B c=100 round=3/3    5097.4 req/s
h2 full   ry              4194304 B c=100 round=3/3      40.5 req/s
h2 full   pyreqwest_st      10240 B c=100 round=3/3    4190.2 req/s
h2 full   pycurl            10240 B c=150 round=3/3    9421.7 req/s
h2 stream niquests          10240 B c=100 round=3/3    1959.7 req/s
h2 stream httpx_blocking    65536 B c= 10 round=3/3     616.1 req/s
h2 stream niquests_blocking  2097152 B c=100 round=3/3      36.4 req/s
h2 stream wreq_st         2097152 B c=100 round=3/3     418.8 req/s
h2 stream ry               131072 B c=100 round=3/3     636.5 req/s
h2 stream ry               131072 B c= 50 round=3/3     646.6 req/s
h2 full   httpx_blocking   131072 B c= 50 round=3/3     360.4 req/s
h2 full   niquests_blocking  2097152 B c=100 round=3/3      36.6 req/s
h2 stream curl_cffi_blocking   131072 B c= 10 round=3/3     390.5 req/s
h2 stream niquests          65536 B c=100 round=3/3    1305.7 req/s
h2 stream curl_cffi       2097152 B c=100 round=3/3     257.4 req/s
h2 stream wreq_st            1024 B c= 10 round=3/3   12404.3 req/s
h2 full   ry              1048576 B c=150 round=3/3     153.5 req/s
h2 stream wreq            2097152 B c=150 round=3/3     316.9 req/s
h2 full   pyreqwest_mt      65536 B c=150 round=3/3    4416.5 req/s
h2 stream wreq             131072 B c= 10 round=3/3    3675.1 req/s
h2 full   wreq_blocking   4194304 B c= 50 round=3/3     632.5 req/s
h2 stream pyreqwest_mt      65536 B c=100 round=3/3    1541.1 req/s
h2 stream ry_blocking       10240 B c=150 round=3/3    4481.8 req/s
h2 stream niquests        1048576 B c=100 round=3/3     176.1 req/s
h2 stream pyreqwest_mt      10240 B c= 50 round=3/3    3320.1 req/s
h2 full   wreq              10240 B c=100 round=3/3   26570.4 req/s
h2 full   httpx_blocking     1024 B c=150 round=3/3    1428.1 req/s
h2 full   curl_cffi_blocking  4194304 B c=150 round=3/3      48.7 req/s
h2 stream wreq            2097152 B c=100 round=3/3     273.9 req/s
h2 stream pyreqwest_mt    2097152 B c= 10 round=3/3     134.0 req/s
h2 full   httpx_blocking  1048576 B c= 50 round=3/3      49.9 req/s
h2 stream wreq_st           10240 B c= 50 round=3/3   12649.3 req/s
h2 stream pycurl           131072 B c= 50 round=3/3    1259.7 req/s
h2 full   wreq_blocking   1048576 B c= 50 round=3/3    1716.5 req/s
h2 stream wreq            1048576 B c= 50 round=3/3     516.5 req/s
h2 stream pyreqwest_mt    4194304 B c=100 round=3/3      72.7 req/s
h2 stream niquests_blocking    65536 B c=100 round=3/3     650.3 req/s
h2 full   ry_blocking        1024 B c=100 round=3/3    7322.1 req/s
h2 stream curl_cffi          1024 B c= 50 round=3/3    6136.9 req/s
h2 stream niquests_blocking    10240 B c=150 round=3/3    1216.0 req/s
h2 full   pyreqwest_mt     131072 B c=150 round=3/3    2061.7 req/s
h2 stream wreq_st          131072 B c= 50 round=3/3    5482.4 req/s
h2 stream curl_cffi       4194304 B c=150 round=3/3     119.8 req/s
h2 full   wreq_st            1024 B c=150 round=3/3   26194.2 req/s
h2 stream wreq_blocking     65536 B c= 10 round=3/3     525.3 req/s
h2 full   ry                65536 B c=100 round=3/3    1670.7 req/s
h2 full   wreq_blocking      1024 B c=150 round=3/3    3277.2 req/s
h2 full   pycurl           131072 B c=100 round=3/3    1579.3 req/s
h2 stream wreq_blocking      1024 B c=150 round=3/3     548.0 req/s
h2 full   wreq             131072 B c= 50 round=3/3    4016.3 req/s
h2 stream ry_blocking     4194304 B c= 50 round=3/3     100.4 req/s
h2 stream pyreqwest_mt     131072 B c= 10 round=3/3    1065.4 req/s
h2 stream wreq              65536 B c=100 round=3/3    7326.2 req/s
h2 stream httpx           2097152 B c= 10 round=3/3      57.6 req/s
h2 full   curl_cffi         65536 B c= 50 round=3/3    4285.1 req/s
h2 stream httpx_blocking  1048576 B c=100 round=3/3      52.7 req/s
h2 full   pyreqwest_st    1048576 B c=100 round=3/3     261.9 req/s
h2 full   httpx_blocking  4194304 B c=100 round=3/3      10.0 req/s
h2 full   pyreqwest_mt    2097152 B c= 10 round=3/3     164.7 req/s
h2 full   pyreqwest_st      65536 B c= 10 round=3/3    2466.6 req/s
h2 full   wreq              65536 B c=100 round=3/3    8006.5 req/s
h2 stream curl_cffi_blocking  2097152 B c=100 round=3/3      77.6 req/s
h2 stream wreq               1024 B c=100 round=3/3   22802.9 req/s
h2 stream wreq_blocking     65536 B c=150 round=3/3     513.1 req/s
h2 full   wreq_blocking   2097152 B c=150 round=3/3    1054.8 req/s
h2 full   niquests        4194304 B c= 10 round=3/3      48.8 req/s
h2 stream pyreqwest_mt    4194304 B c= 50 round=3/3      75.3 req/s
h2 full   pyreqwest_st       1024 B c=150 round=3/3    4101.1 req/s
h2 stream niquests_blocking   131072 B c= 50 round=3/3     427.5 req/s
h2 full   curl_cffi_blocking     1024 B c=150 round=3/3     553.9 req/s
h2 stream wreq_blocking    131072 B c= 10 round=3/3     527.5 req/s
h2 stream pycurl            65536 B c=150 round=3/3    1905.8 req/s
h2 stream niquests          65536 B c= 10 round=3/3    1316.5 req/s
h2 stream pycurl          2097152 B c= 10 round=3/3      94.8 req/s
h2 full   wreq_blocking   1048576 B c=100 round=3/3    1641.8 req/s
h2 full   pycurl            10240 B c= 10 round=3/3   12819.2 req/s
h2 full   wreq_blocking     10240 B c=150 round=3/3    3353.0 req/s
h2 full   wreq_st         1048576 B c= 50 round=3/3     827.9 req/s
h2 stream curl_cffi_blocking   131072 B c=150 round=3/3     391.0 req/s
h2 full   pyreqwest_st    1048576 B c= 10 round=3/3     257.0 req/s
h2 stream wreq            4194304 B c= 50 round=3/3     157.3 req/s
h2 full   curl_cffi       1048576 B c= 10 round=3/3     550.6 req/s
h2 stream pyreqwest_mt      10240 B c=100 round=3/3    3512.0 req/s
h2 full   pyreqwest_mt      10240 B c= 10 round=3/3    6415.8 req/s
h2 stream curl_cffi_blocking    10240 B c= 50 round=3/3     528.1 req/s
h2 stream wreq            4194304 B c= 10 round=3/3     146.3 req/s
h2 stream curl_cffi_blocking     1024 B c=150 round=3/3     522.3 req/s
h2 stream ry              1048576 B c= 50 round=3/3     118.1 req/s
h2 full   httpx              1024 B c= 10 round=3/3    1607.9 req/s
h2 full   niquests_blocking    10240 B c= 10 round=3/3    1283.0 req/s
h2 stream wreq_blocking      1024 B c= 10 round=3/3     557.1 req/s
h2 full   pyreqwest_st     131072 B c= 10 round=3/3    1627.1 req/s
h2 full   ry_blocking       65536 B c=100 round=3/3    4125.9 req/s
h2 stream wreq_blocking     10240 B c=150 round=3/3     544.5 req/s
h2 full   pycurl          4194304 B c= 50 round=3/3      55.7 req/s
h2 stream niquests         131072 B c= 10 round=3/3     878.5 req/s
h2 full   ry                65536 B c= 10 round=3/3    1395.3 req/s
h2 stream wreq_st           65536 B c= 10 round=3/3    5213.8 req/s
h2 stream httpx_blocking  2097152 B c=150 round=3/3      27.6 req/s
h2 full   wreq             131072 B c=150 round=3/3    4132.5 req/s
h2 full   ry_blocking     4194304 B c=150 round=3/3     111.1 req/s
h2 full   httpx_blocking    65536 B c= 10 round=3/3     611.8 req/s
h2 stream httpx              1024 B c=150 round=3/3    1724.1 req/s
h2 stream pycurl            10240 B c=150 round=3/3    5732.6 req/s
h2 stream pyreqwest_mt       1024 B c=150 round=3/3    3405.8 req/s
h2 stream ry_blocking       65536 B c=150 round=3/3    2298.7 req/s
h2 full   niquests           1024 B c= 50 round=3/3    1944.7 req/s
h2 full   pycurl          2097152 B c= 10 round=3/3     106.5 req/s
h2 full   httpx_blocking  1048576 B c= 10 round=3/3      50.6 req/s
h2 stream niquests_blocking   131072 B c= 10 round=3/3     440.9 req/s
h2 stream wreq_st         4194304 B c= 50 round=3/3     211.4 req/s
h2 full   wreq_blocking     65536 B c=150 round=3/3    3307.4 req/s
h2 full   pyreqwest_mt       1024 B c=100 round=3/3    7674.8 req/s
h2 stream curl_cffi_blocking    65536 B c=150 round=3/3     438.9 req/s
h2 stream niquests_blocking   131072 B c=100 round=3/3     412.7 req/s
h2 full   httpx             10240 B c=150 round=3/3    1652.1 req/s
h2 full   wreq_st         1048576 B c=150 round=3/3     902.9 req/s
h2 full   niquests_blocking    65536 B c= 50 round=3/3     628.1 req/s
h2 stream wreq_st         4194304 B c=100 round=3/3     210.0 req/s
h2 stream httpx_blocking   131072 B c=150 round=3/3     364.4 req/s
h2 stream pyreqwest_mt       1024 B c=100 round=3/3    3352.5 req/s
h2 full   niquests         131072 B c=150 round=3/3     911.3 req/s
h2 full   ry_blocking       10240 B c=150 round=3/3    6805.8 req/s
h2 full   httpx           2097152 B c= 50 round=3/3      40.9 req/s
h2 full   wreq            4194304 B c= 10 round=3/3     158.3 req/s
h2 stream niquests         131072 B c=100 round=3/3     887.1 req/s
h2 stream wreq_st           10240 B c= 10 round=3/3   10859.1 req/s
h2 full   pyreqwest_mt    1048576 B c=100 round=3/3     304.3 req/s
h2 full   curl_cffi_blocking    10240 B c= 50 round=3/3     561.6 req/s
h2 full   niquests_blocking   131072 B c=150 round=3/3     417.1 req/s
h2 full   httpx_blocking  2097152 B c= 10 round=3/3      24.5 req/s
h2 full   pycurl          4194304 B c=100 round=3/3      55.5 req/s
h2 stream wreq_st            1024 B c=100 round=3/3   20448.2 req/s
h2 full   curl_cffi        131072 B c= 10 round=3/3    2166.3 req/s
h2 full   pyreqwest_st      10240 B c= 50 round=3/3    3987.2 req/s
h2 full   ry                 1024 B c=100 round=3/3    2908.7 req/s
h2 stream curl_cffi         10240 B c=150 round=3/3    5782.1 req/s
h2 stream pyreqwest_mt     131072 B c=100 round=3/3    1226.1 req/s
h2 stream ry_blocking        1024 B c= 50 round=3/3    4893.5 req/s
h2 stream curl_cffi_blocking   131072 B c=100 round=3/3     388.4 req/s
h2 stream pyreqwest_st    4194304 B c=100 round=3/3      60.3 req/s
h2 full   niquests          10240 B c=150 round=3/3    2050.4 req/s
h2 stream curl_cffi_blocking  2097152 B c=150 round=3/3      79.4 req/s
h2 full   curl_cffi          1024 B c=150 round=3/3    8121.8 req/s
h2 stream httpx_blocking    65536 B c=100 round=3/3     596.0 req/s
h2 stream httpx             10240 B c= 10 round=3/3    1574.4 req/s
h2 full   httpx             65536 B c=150 round=3/3     909.9 req/s
h2 full   ry              1048576 B c= 10 round=3/3     136.9 req/s
h2 full   ry_blocking      131072 B c=150 round=3/3    2448.1 req/s
h2 stream pyreqwest_st    4194304 B c= 50 round=3/3      61.2 req/s
h2 stream wreq_blocking    131072 B c=100 round=3/3     519.6 req/s
h2 full   curl_cffi       4194304 B c= 10 round=3/3     152.7 req/s
h2 full   niquests        1048576 B c=150 round=3/3     184.1 req/s
h2 full   wreq_st           65536 B c= 10 round=3/3   10123.5 req/s
h2 stream curl_cffi       1048576 B c=100 round=3/3     485.2 req/s
h2 stream httpx_blocking     1024 B c=150 round=3/3    1418.6 req/s
h2 stream ry_blocking       10240 B c= 50 round=3/3    4999.2 req/s
h2 stream ry_blocking      131072 B c=150 round=3/3    1717.5 req/s
h2 full   niquests_blocking    65536 B c= 10 round=3/3     681.1 req/s
h2 stream httpx_blocking  4194304 B c= 50 round=3/3      13.2 req/s
h2 stream curl_cffi       2097152 B c= 50 round=3/3     274.2 req/s
h2 full   curl_cffi         65536 B c=150 round=3/3    4742.5 req/s
h2 full   curl_cffi_blocking     1024 B c= 50 round=3/3     563.1 req/s
h2 full   pyreqwest_mt    1048576 B c=150 round=3/3     300.6 req/s
h2 stream wreq_st         1048576 B c=100 round=3/3     831.1 req/s
h2 stream httpx             10240 B c=150 round=3/3    1675.9 req/s
h2 stream pyreqwest_st    1048576 B c= 50 round=3/3     177.2 req/s
h2 stream pyreqwest_mt      10240 B c= 10 round=3/3    2962.0 req/s
h2 full   pyreqwest_mt    2097152 B c= 50 round=3/3     165.0 req/s
h2 full   niquests        1048576 B c= 10 round=3/3     176.7 req/s
h2 full   ry_blocking     2097152 B c= 50 round=3/3     221.9 req/s
h2 full   wreq_blocking   4194304 B c= 10 round=3/3     678.4 req/s
h2 full   ry_blocking        1024 B c=150 round=3/3    6816.4 req/s
h2 stream wreq             131072 B c=100 round=3/3    3721.2 req/s
h2 full   ry                10240 B c=150 round=3/3    3019.4 req/s
h2 full   wreq_st         1048576 B c=100 round=3/3     839.3 req/s
h2 full   httpx             65536 B c= 10 round=3/3     833.1 req/s
h2 full   pyreqwest_mt    4194304 B c=100 round=3/3      80.1 req/s
h2 full   curl_cffi_blocking   131072 B c=150 round=3/3     423.0 req/s
h2 stream niquests_blocking  4194304 B c=150 round=3/3      18.8 req/s
h2 full   wreq_st          131072 B c=150 round=3/3    7160.9 req/s
h2 full   niquests          65536 B c= 10 round=3/3    1333.7 req/s
h2 full   httpx           2097152 B c=100 round=3/3      39.4 req/s
h2 stream pyreqwest_st       1024 B c= 50 round=3/3    2446.1 req/s
h2 full   ry                10240 B c= 50 round=3/3    2835.8 req/s
h2 stream niquests_blocking  1048576 B c=150 round=3/3      72.5 req/s
h2 stream httpx_blocking   131072 B c= 50 round=3/3     362.3 req/s
h2 stream wreq              10240 B c=100 round=3/3   22107.6 req/s
h2 full   curl_cffi        131072 B c= 50 round=3/3    3222.6 req/s
h2 stream niquests        4194304 B c=150 round=3/3      53.6 req/s
h2 full   niquests_blocking     1024 B c=100 round=3/3    1228.4 req/s
h2 full   wreq             131072 B c= 10 round=3/3    3898.7 req/s
h2 stream pyreqwest_mt    2097152 B c=100 round=3/3     129.0 req/s
h2 full   wreq_st           10240 B c= 10 round=3/3   17668.9 req/s
h2 stream curl_cffi       4194304 B c= 10 round=3/3     139.4 req/s
h2 stream wreq_st         2097152 B c=150 round=3/3     416.6 req/s
h2 full   ry                10240 B c= 10 round=3/3    2477.4 req/s
h2 full   httpx             10240 B c= 50 round=3/3    1585.9 req/s
h2 full   niquests_blocking  4194304 B c=150 round=3/3      18.8 req/s
h2 full   ry_blocking     4194304 B c=100 round=3/3     107.8 req/s
h2 full   niquests        4194304 B c=100 round=3/3      47.1 req/s
h2 stream niquests_blocking  1048576 B c= 50 round=3/3      70.9 req/s
h2 full   pycurl            65536 B c=150 round=3/3    2841.6 req/s
h2 full   curl_cffi_blocking  1048576 B c= 50 round=3/3     154.4 req/s
h2 stream httpx             65536 B c= 50 round=3/3     866.9 req/s
h2 stream curl_cffi          1024 B c=150 round=3/3    6149.7 req/s
h2 full   wreq               1024 B c=100 round=3/3   27189.4 req/s
h2 stream wreq            2097152 B c= 50 round=3/3     314.8 req/s
h2 full   wreq             131072 B c=100 round=3/3    5498.0 req/s
h2 full   ry              2097152 B c=100 round=3/3      79.9 req/s
h2 full   ry               131072 B c=100 round=3/3    1004.7 req/s
h2 full   ry                65536 B c= 50 round=3/3    1621.6 req/s
h2 stream wreq               1024 B c= 50 round=3/3   22881.8 req/s
h2 full   httpx_blocking    10240 B c=100 round=3/3    1432.6 req/s
h2 full   curl_cffi       4194304 B c= 50 round=3/3     158.4 req/s
h2 full   wreq            1048576 B c= 10 round=3/3     642.4 req/s
h2 full   niquests_blocking     1024 B c= 50 round=3/3    1024.4 req/s
h2 stream httpx             65536 B c=100 round=3/3     893.9 req/s
h2 stream wreq               1024 B c=150 round=3/3   19871.1 req/s
h2 stream ry                65536 B c=100 round=3/3     864.9 req/s
h2 full   ry_blocking     2097152 B c=100 round=3/3     221.1 req/s
h2 stream curl_cffi         65536 B c= 50 round=3/3    2631.7 req/s
h2 stream niquests         131072 B c=150 round=3/3     898.7 req/s
h2 stream pycurl           131072 B c=100 round=3/3    1257.6 req/s
h2 full   niquests_blocking  4194304 B c=100 round=3/3      18.4 req/s
h2 full   wreq_st           10240 B c=100 round=3/3   24329.9 req/s
h2 full   wreq            4194304 B c=100 round=3/3     153.1 req/s
h2 full   pyreqwest_st    1048576 B c= 50 round=3/3     259.3 req/s
h2 full   wreq               1024 B c= 10 round=3/3   12789.0 req/s
h2 stream ry              2097152 B c= 50 round=3/3      69.0 req/s
h2 stream wreq_st         4194304 B c=150 round=3/3     206.2 req/s
h2 stream wreq_blocking   4194304 B c=100 round=3/3     276.6 req/s
h2 stream pyreqwest_st       1024 B c=150 round=3/3    2581.3 req/s
h2 stream curl_cffi       1048576 B c= 10 round=3/3     459.1 req/s
h2 stream httpx            131072 B c= 50 round=3/3     572.9 req/s
h2 stream niquests        2097152 B c= 10 round=3/3      94.2 req/s
h2 stream httpx           4194304 B c= 50 round=3/3      28.5 req/s
h2 full   wreq_blocking     10240 B c= 10 round=3/3    3719.5 req/s
h2 stream pycurl          4194304 B c=150 round=3/3      49.4 req/s
h2 full   pycurl          2097152 B c=150 round=3/3     111.1 req/s
h2 full   pycurl          4194304 B c=150 round=3/3      56.7 req/s
h2 full   httpx_blocking  1048576 B c=150 round=3/3      51.4 req/s
h2 full   pycurl          1048576 B c= 10 round=3/3     215.1 req/s
h2 stream curl_cffi_blocking    65536 B c=100 round=3/3     439.5 req/s
h2 full   pyreqwest_st      65536 B c=150 round=3/3    2520.4 req/s
h2 stream ry_blocking     1048576 B c= 10 round=3/3     336.3 req/s
h2 full   niquests        2097152 B c= 10 round=3/3      96.9 req/s
h2 stream niquests_blocking  4194304 B c= 50 round=3/3      18.4 req/s
h2 stream httpx_blocking    65536 B c=150 round=3/3     592.6 req/s
h2 full   niquests        1048576 B c= 50 round=3/3     183.0 req/s
h2 stream pyreqwest_mt    1048576 B c= 10 round=3/3     221.3 req/s
h2 stream curl_cffi         10240 B c= 50 round=3/3    6507.3 req/s
h2 full   niquests          10240 B c= 10 round=3/3    2029.0 req/s
h2 full   curl_cffi_blocking  2097152 B c=150 round=3/3      90.3 req/s
h2 full   wreq               1024 B c= 50 round=3/3   27569.7 req/s
h2 full   pyreqwest_mt     131072 B c=100 round=3/3    2386.5 req/s
h2 full   httpx           2097152 B c= 10 round=3/3      47.8 req/s
h2 full   ry_blocking        1024 B c= 10 round=3/3    8907.8 req/s
h2 stream pyreqwest_mt    1048576 B c=150 round=3/3     218.1 req/s
h2 stream wreq              65536 B c= 10 round=3/3    5120.5 req/s
h2 full   wreq_blocking    131072 B c= 50 round=3/3    3508.7 req/s
h2 full   wreq_st         2097152 B c= 50 round=3/3     414.7 req/s
h2 stream wreq              10240 B c= 50 round=3/3   19317.0 req/s
h2 stream ry                65536 B c= 50 round=3/3     845.2 req/s
h2 stream httpx_blocking    10240 B c= 10 round=3/3    1543.6 req/s
h2 stream curl_cffi        131072 B c=150 round=3/3    2520.7 req/s
h2 full   wreq_st            1024 B c=100 round=3/3   30066.1 req/s
h2 stream ry                10240 B c=150 round=3/3    1755.9 req/s
h2 full   ry_blocking     1048576 B c= 50 round=3/3     421.7 req/s
h2 full   httpx           4194304 B c=100 round=3/3      15.5 req/s
h2 full   curl_cffi       2097152 B c=100 round=3/3     314.5 req/s
h2 full   httpx           2097152 B c=150 round=3/3      39.0 req/s
h2 full   pycurl           131072 B c= 10 round=3/3    1618.9 req/s
h2 full   curl_cffi_blocking    65536 B c= 50 round=3/3     490.3 req/s
h2 stream pycurl          2097152 B c=150 round=3/3      98.2 req/s
h2 stream curl_cffi_blocking  4194304 B c=150 round=3/3      42.9 req/s
h2 stream ry_blocking        1024 B c= 10 round=3/3    5319.7 req/s
h2 full   pycurl            10240 B c=100 round=3/3   10062.9 req/s
h2 full   ry                 1024 B c=150 round=3/3    2997.7 req/s
h2 stream curl_cffi_blocking  1048576 B c=150 round=3/3     138.8 req/s
h2 stream pyreqwest_st      65536 B c=100 round=3/3    1247.2 req/s
h2 stream httpx             10240 B c= 50 round=3/3    1602.7 req/s
h2 full   wreq_st         2097152 B c=100 round=3/3     430.8 req/s
h2 full   niquests_blocking  1048576 B c= 50 round=3/3      70.8 req/s
h2 full   wreq_st          131072 B c=100 round=3/3    6467.2 req/s
h2 stream wreq             131072 B c=150 round=3/3    3558.3 req/s
h2 stream niquests_blocking  4194304 B c= 10 round=3/3      18.4 req/s
h2 full   pyreqwest_mt       1024 B c=150 round=3/3    7366.7 req/s
h2 stream ry_blocking       10240 B c=100 round=3/3    4779.7 req/s
h2 stream niquests_blocking    10240 B c= 50 round=3/3    1261.4 req/s
h2 stream ry_blocking     4194304 B c= 10 round=3/3      98.7 req/s
h2 full   ry_blocking     4194304 B c= 10 round=3/3     105.0 req/s
h2 stream pyreqwest_mt    2097152 B c= 50 round=3/3     135.2 req/s
h2 full   wreq_blocking    131072 B c= 10 round=3/3    3605.7 req/s
h2 stream wreq_blocking   2097152 B c= 50 round=3/3     338.7 req/s
h2 full   niquests_blocking    10240 B c=100 round=3/3    1208.4 req/s
h2 full   httpx           1048576 B c=100 round=3/3      90.2 req/s
h2 full   httpx_blocking  1048576 B c=100 round=3/3      48.8 req/s
h2 stream pyreqwest_st       1024 B c= 10 round=3/3    2539.9 req/s
h2 stream curl_cffi       1048576 B c= 50 round=3/3     532.6 req/s
h2 full   pycurl             1024 B c=150 round=3/3    9470.2 req/s
h2 full   curl_cffi       1048576 B c= 50 round=3/3     614.8 req/s
h2 stream wreq_blocking     65536 B c= 50 round=3/3     525.8 req/s
h2 full   httpx              1024 B c= 50 round=3/3    1633.2 req/s
h2 stream httpx           1048576 B c= 10 round=3/3     110.9 req/s
h2 full   curl_cffi         10240 B c=100 round=3/3    7319.8 req/s
h2 stream niquests           1024 B c=100 round=3/3    2026.4 req/s
h2 stream ry                 1024 B c= 10 round=3/3    1483.4 req/s
h2 full   httpx              1024 B c=150 round=3/3    1722.7 req/s
h2 full   curl_cffi_blocking  4194304 B c=100 round=3/3      47.3 req/s
h2 stream curl_cffi         65536 B c= 10 round=3/3    2354.1 req/s
h2 stream ry                10240 B c= 10 round=3/3    1477.3 req/s
h2 full   pyreqwest_st    2097152 B c= 50 round=3/3     136.4 req/s
h2 full   curl_cffi       2097152 B c= 50 round=3/3     316.1 req/s
h2 stream httpx_blocking    10240 B c=100 round=3/3    1433.0 req/s
h2 stream httpx             10240 B c=100 round=3/3    1656.1 req/s
h2 full   niquests        1048576 B c=100 round=3/3     179.2 req/s
h2 stream wreq            1048576 B c= 10 round=3/3     608.3 req/s
h2 stream wreq_st         4194304 B c= 10 round=3/3     213.9 req/s
h2 stream wreq            2097152 B c= 10 round=3/3     281.2 req/s
h2 full   niquests_blocking     1024 B c= 10 round=3/3    1310.6 req/s
h2 full   ry_blocking        1024 B c= 50 round=3/3    7917.0 req/s
h2 stream pycurl          4194304 B c= 10 round=3/3      47.7 req/s
h2 stream ry              2097152 B c=150 round=3/3      71.2 req/s
h2 full   pycurl           131072 B c=150 round=3/3    1562.0 req/s
h2 full   curl_cffi        131072 B c=100 round=3/3    2994.9 req/s
h2 full   curl_cffi_blocking  2097152 B c=100 round=3/3      87.8 req/s
h2 full   httpx_blocking  2097152 B c=150 round=3/3      23.6 req/s
h2 stream pyreqwest_mt      65536 B c=150 round=3/3    1612.6 req/s
h2 full   ry_blocking     1048576 B c=150 round=3/3     417.1 req/s
h2 stream niquests_blocking    65536 B c=150 round=3/3     649.2 req/s
h2 stream niquests        4194304 B c= 50 round=3/3      48.7 req/s
h2 full   curl_cffi       4194304 B c=150 round=3/3     148.3 req/s
h2 full   wreq_st         1048576 B c= 10 round=3/3     824.5 req/s
h2 full   wreq            2097152 B c= 50 round=3/3     348.0 req/s
h2 stream curl_cffi_blocking     1024 B c= 10 round=3/3     525.8 req/s
h2 full   pyreqwest_st    2097152 B c= 10 round=3/3     127.9 req/s
h2 full   ry              4194304 B c=150 round=3/3      40.6 req/s
h2 stream ry_blocking       65536 B c= 10 round=3/3    2544.4 req/s
h2 full   curl_cffi_blocking     1024 B c=100 round=3/3     560.4 req/s
h2 full   curl_cffi        131072 B c=150 round=3/3    2908.5 req/s
h2 full   ry_blocking     2097152 B c= 10 round=3/3     211.6 req/s
h2 full   ry_blocking      131072 B c=100 round=3/3    2574.1 req/s
h2 full   wreq_blocking    131072 B c=150 round=3/3    3238.0 req/s
h2 stream ry                10240 B c=100 round=3/3    1735.9 req/s
h2 stream httpx_blocking    10240 B c=150 round=3/3    1408.7 req/s
h2 stream niquests        1048576 B c=150 round=3/3     178.1 req/s
h2 full   niquests         131072 B c= 10 round=3/3     900.4 req/s
h2 stream ry_blocking        1024 B c=100 round=3/3    4835.8 req/s
h2 full   wreq_st         4194304 B c=100 round=3/3     231.9 req/s
h2 full   wreq_st         2097152 B c= 10 round=3/3     418.5 req/s
h2 full   httpx           1048576 B c= 10 round=3/3      98.1 req/s
h2 stream niquests_blocking     1024 B c= 50 round=3/3    1262.2 req/s
h2 full   httpx_blocking   131072 B c=100 round=3/3     354.1 req/s
h2 stream wreq             131072 B c= 50 round=3/3    4165.0 req/s
h2 stream httpx           4194304 B c=100 round=3/3      26.6 req/s
h2 full   ry_blocking     4194304 B c= 50 round=3/3     108.6 req/s
h2 stream niquests_blocking  1048576 B c=100 round=3/3      70.3 req/s
h2 full   ry              2097152 B c=150 round=3/3      79.1 req/s
h2 stream curl_cffi_blocking  2097152 B c= 50 round=3/3      77.9 req/s
h2 full   wreq              65536 B c= 10 round=3/3    6336.1 req/s
h2 stream pyreqwest_st    2097152 B c=150 round=3/3     113.7 req/s
h2 stream pycurl          1048576 B c=100 round=3/3     191.3 req/s
h2 full   pyreqwest_mt     131072 B c= 50 round=3/3    2401.2 req/s
h2 full   pyreqwest_st       1024 B c= 10 round=3/3    4187.7 req/s
h2 stream httpx_blocking  1048576 B c= 10 round=3/3      53.2 req/s
h2 stream httpx_blocking  1048576 B c=150 round=3/3      53.8 req/s
h2 stream curl_cffi_blocking   131072 B c= 50 round=3/3     386.7 req/s
h2 full   wreq_st           10240 B c= 50 round=3/3   23240.2 req/s
h2 stream wreq_blocking    131072 B c=150 round=3/3     504.2 req/s
h2 full   curl_cffi          1024 B c=100 round=3/3    8877.3 req/s
h2 full   wreq_blocking   2097152 B c= 50 round=3/3    1110.2 req/s
h2 stream ry              1048576 B c=100 round=3/3     120.9 req/s
h2 stream pyreqwest_mt      10240 B c=150 round=3/3    3373.2 req/s
h2 stream wreq_st         2097152 B c= 10 round=3/3     445.3 req/s
h2 stream curl_cffi_blocking  4194304 B c= 50 round=3/3      41.6 req/s
h2 stream curl_cffi       4194304 B c=100 round=3/3     125.6 req/s
h2 stream pyreqwest_st     131072 B c= 50 round=3/3     951.9 req/s
h2 full   curl_cffi_blocking    65536 B c=100 round=3/3     491.9 req/s
h2 full   niquests        2097152 B c= 50 round=3/3      97.2 req/s
h2 stream niquests           1024 B c=150 round=3/3    2075.1 req/s
h2 stream wreq_blocking    131072 B c= 50 round=3/3     524.9 req/s
h2 stream pyreqwest_mt     131072 B c= 50 round=3/3    1197.3 req/s
h2 full   niquests_blocking    10240 B c= 50 round=3/3    1280.6 req/s
h2 stream curl_cffi_blocking     1024 B c= 50 round=3/3     531.1 req/s
h2 stream ry_blocking       65536 B c= 50 round=3/3    2461.9 req/s
h2 stream pyreqwest_st    1048576 B c= 10 round=3/3     185.0 req/s
Saved complete benchmark: /mnt/e/VSCode/wreq-python/bench/data/20261003T190307Z-91f1956f13ec-full.json
