h1 stream httpx_blocking  4194304 B c= 10 round=1/3      44.5 req/s
h1 stream niquests_blocking  2097152 B c= 50 round=1/3      89.1 req/s
h1 full   niquests_blocking   131072 B c=150 round=1/3     750.0 req/s
h1 full   requests         131072 B c= 50 round=1/3     753.8 req/s
h1 full   httpx_blocking  1048576 B c=100 round=1/3     175.8 req/s
h1 stream ry_blocking     2097152 B c= 50 round=1/3     998.4 req/s
h1 stream curl_cffi_blocking   131072 B c= 10 round=1/3     430.3 req/s
h1 full   httpx_blocking    65536 B c= 50 round=1/3    1120.5 req/s
h1 full   httpx_blocking    10240 B c=100 round=1/3    1665.0 req/s
h1 stream niquests_blocking    10240 B c= 10 round=1/3    1399.6 req/s
h1 full   httpx_blocking  4194304 B c=150 round=1/3      49.5 req/s
h1 stream requests        2097152 B c= 50 round=1/3      90.6 req/s
h1 stream curl_cffi_blocking  1048576 B c= 10 round=1/3     179.2 req/s
h1 stream curl_cffi_blocking    65536 B c=100 round=1/3     458.9 req/s
h1 full   curl_cffi_blocking  4194304 B c= 10 round=1/3      85.8 req/s
h1 stream wreq_blocking   2097152 B c=150 round=1/3    1128.8 req/s
h1 full   curl_cffi_blocking  2097152 B c= 10 round=1/3     148.5 req/s
h1 stream curl_cffi_blocking  1048576 B c=100 round=1/3     176.7 req/s
h1 full   pycurl           131072 B c= 10 round=1/3    2741.7 req/s
h1 stream ry_blocking       65536 B c= 50 round=1/3    3324.5 req/s
h1 full   ry_blocking     4194304 B c= 50 round=1/3     908.4 req/s
h1 full   niquests_blocking  2097152 B c=150 round=1/3      98.4 req/s
h1 stream httpx_blocking     1024 B c=150 round=1/3    1408.5 req/s
h1 full   curl_cffi_blocking  2097152 B c=100 round=1/3     146.0 req/s
h1 stream httpx_blocking   131072 B c=150 round=1/3     595.7 req/s
h1 stream curl_cffi_blocking     1024 B c=150 round=1/3     501.9 req/s
h1 full   pycurl           131072 B c=100 round=1/3    2562.5 req/s
h1 stream ry_blocking       65536 B c=100 round=1/3    3073.3 req/s
h1 full   curl_cffi_blocking   131072 B c= 50 round=1/3     477.5 req/s
h1 full   wreq_blocking   4194304 B c=150 round=1/3     762.3 req/s
h1 stream pycurl          2097152 B c= 10 round=1/3     152.2 req/s
h1 stream wreq_blocking   4194304 B c= 50 round=1/3     878.9 req/s
h1 stream curl_cffi_blocking    65536 B c= 50 round=1/3     457.7 req/s
h1 full   curl_cffi_blocking     1024 B c=150 round=1/3     549.5 req/s
h1 full   pycurl            65536 B c=100 round=1/3    4098.2 req/s
h1 full   niquests_blocking  1048576 B c=150 round=1/3     183.5 req/s
h1 full   curl_cffi_blocking   131072 B c=100 round=1/3     474.1 req/s
h1 stream niquests_blocking    65536 B c= 50 round=1/3     776.9 req/s
h1 full   niquests_blocking  1048576 B c=100 round=1/3     186.4 req/s
h1 full   requests        2097152 B c=100 round=1/3     101.7 req/s
h1 stream niquests_blocking    10240 B c= 50 round=1/3    1326.9 req/s
h1 stream wreq_blocking   4194304 B c=100 round=1/3     811.7 req/s
h1 full   niquests_blocking    10240 B c=150 round=1/3    1403.1 req/s
h1 full   pycurl            65536 B c= 10 round=1/3    4678.2 req/s
h1 stream requests        2097152 B c=150 round=1/3      90.6 req/s
h1 full   requests          65536 B c= 10 round=1/3     993.4 req/s
h1 stream curl_cffi_blocking    65536 B c= 10 round=1/3     459.5 req/s
h1 stream pycurl           131072 B c=150 round=1/3    1689.3 req/s
h1 stream wreq_blocking   2097152 B c= 50 round=1/3    1215.7 req/s
h1 stream httpx_blocking  2097152 B c= 50 round=1/3      82.6 req/s
h1 full   curl_cffi_blocking  2097152 B c= 50 round=1/3     147.2 req/s
h1 stream requests           1024 B c=150 round=1/3    1182.7 req/s
h1 full   wreq_blocking   1048576 B c= 50 round=1/3    4222.7 req/s
h1 stream wreq_blocking     10240 B c= 10 round=1/3    8163.4 req/s
h1 full   niquests_blocking  2097152 B c= 10 round=1/3     100.8 req/s
h1 stream pycurl          4194304 B c= 10 round=1/3      80.7 req/s
h1 full   curl_cffi_blocking    65536 B c= 50 round=1/3     504.2 req/s
h1 full   requests          65536 B c=100 round=1/3     931.6 req/s
h1 stream curl_cffi_blocking  1048576 B c=150 round=1/3     181.9 req/s
h1 stream wreq_blocking   1048576 B c=150 round=1/3    1235.4 req/s
h1 full   httpx_blocking   131072 B c= 50 round=1/3     829.1 req/s
h1 stream pycurl             1024 B c= 10 round=1/3    6882.7 req/s
h1 stream ry_blocking       10240 B c= 10 round=1/3    5278.6 req/s
h1 full   niquests_blocking  2097152 B c= 50 round=1/3     100.5 req/s
h1 stream curl_cffi_blocking  2097152 B c=150 round=1/3     116.9 req/s
h1 stream pycurl             1024 B c= 50 round=1/3    6404.7 req/s
h1 stream niquests_blocking  1048576 B c=100 round=1/3     152.8 req/s
h1 full   pycurl          2097152 B c=150 round=1/3     214.0 req/s
h1 stream ry_blocking        1024 B c=150 round=1/3    4554.7 req/s
h1 full   ry_blocking      131072 B c= 50 round=1/3    7591.7 req/s
h1 full   ry_blocking     1048576 B c=100 round=1/3    3651.8 req/s
h1 stream httpx_blocking    10240 B c= 10 round=1/3    1526.1 req/s
h1 stream wreq_blocking    131072 B c=100 round=1/3    3833.0 req/s
h1 full   niquests_blocking     1024 B c= 10 round=1/3    1542.7 req/s
h1 stream ry_blocking       10240 B c= 50 round=1/3    5059.0 req/s
h1 stream curl_cffi_blocking  1048576 B c= 50 round=1/3     177.8 req/s
h1 stream ry_blocking      131072 B c=100 round=1/3    3082.0 req/s
h1 stream requests         131072 B c= 50 round=1/3     617.3 req/s
h1 full   requests           1024 B c= 10 round=1/3    1464.1 req/s
h1 stream niquests_blocking     1024 B c= 50 round=1/3    1337.3 req/s
h1 full   requests        1048576 B c=150 round=1/3     183.2 req/s
h1 stream ry_blocking     2097152 B c=100 round=1/3     955.7 req/s
h1 full   wreq_blocking     65536 B c=100 round=1/3   11700.8 req/s
h1 full   curl_cffi_blocking  4194304 B c=150 round=1/3      87.8 req/s
h1 full   niquests_blocking    10240 B c= 50 round=1/3    1256.5 req/s
h1 full   curl_cffi_blocking  4194304 B c=100 round=1/3      84.2 req/s
h1 full   pycurl            65536 B c= 50 round=1/3    4349.6 req/s
h1 stream requests           1024 B c=100 round=1/3    1206.6 req/s
h1 full   httpx_blocking  1048576 B c= 10 round=1/3     177.1 req/s
h1 stream pycurl          1048576 B c= 50 round=1/3     281.9 req/s
h1 full   requests          10240 B c= 10 round=1/3    1433.9 req/s
h1 full   httpx_blocking     1024 B c=150 round=1/3    1662.1 req/s
h1 full   requests          10240 B c= 50 round=1/3    1360.2 req/s
h1 full   niquests_blocking   131072 B c= 10 round=1/3     802.8 req/s
h1 stream pycurl          2097152 B c= 50 round=1/3     155.1 req/s
h1 stream wreq_blocking     10240 B c= 50 round=1/3    7042.2 req/s
h1 stream requests          10240 B c= 10 round=1/3    1304.0 req/s
h1 stream wreq_blocking   1048576 B c= 50 round=1/3    1309.1 req/s
h1 stream wreq_blocking    131072 B c= 10 round=1/3    4064.3 req/s
h1 stream wreq_blocking     65536 B c= 50 round=1/3    4131.7 req/s
h1 stream curl_cffi_blocking  4194304 B c=150 round=1/3      67.9 req/s
h1 stream httpx_blocking     1024 B c=100 round=1/3    1455.3 req/s
h1 full   niquests_blocking    65536 B c= 50 round=1/3    1020.2 req/s
h1 stream wreq_blocking   2097152 B c=100 round=1/3    1147.4 req/s
h1 full   curl_cffi_blocking  1048576 B c=150 round=1/3     239.6 req/s
h1 stream curl_cffi_blocking  2097152 B c=100 round=1/3     112.4 req/s
h1 full   niquests_blocking     1024 B c=150 round=1/3    1373.7 req/s
h1 stream httpx_blocking   131072 B c=100 round=1/3     602.6 req/s
h1 full   ry_blocking       65536 B c= 50 round=1/3    7826.0 req/s
h1 stream ry_blocking       10240 B c=100 round=1/3    4794.8 req/s
h1 stream wreq_blocking   1048576 B c= 10 round=1/3    1327.5 req/s
h1 full   wreq_blocking   2097152 B c= 10 round=1/3    2015.3 req/s
h1 stream httpx_blocking  4194304 B c=150 round=1/3      45.4 req/s
h1 stream niquests_blocking  4194304 B c=150 round=1/3      49.2 req/s
h1 stream curl_cffi_blocking    10240 B c=150 round=1/3     517.7 req/s
h1 stream curl_cffi_blocking  4194304 B c=100 round=1/3      64.3 req/s
h1 stream requests        4194304 B c=100 round=1/3      50.4 req/s
h1 stream wreq_blocking      1024 B c=150 round=1/3    6451.4 req/s
h1 stream wreq_blocking   1048576 B c=100 round=1/3    1268.4 req/s
h1 full   httpx_blocking   131072 B c=150 round=1/3     796.1 req/s
h1 full   curl_cffi_blocking    65536 B c= 10 round=1/3     511.8 req/s
h1 full   wreq_blocking   1048576 B c=150 round=1/3    3669.5 req/s
h1 full   ry_blocking        1024 B c=150 round=1/3    6779.8 req/s
h1 full   wreq_blocking   1048576 B c=100 round=1/3    3907.6 req/s
h1 stream httpx_blocking  1048576 B c=150 round=1/3     139.3 req/s
h1 stream pycurl          2097152 B c=100 round=1/3     153.9 req/s
h1 full   ry_blocking      131072 B c= 10 round=1/3    8216.7 req/s
h1 full   wreq_blocking   2097152 B c=150 round=1/3    1744.8 req/s
h1 full   pycurl             1024 B c= 10 round=1/3   12612.0 req/s
h1 stream ry_blocking     4194304 B c=100 round=1/3     740.6 req/s
h1 stream httpx_blocking    65536 B c= 50 round=1/3     753.9 req/s
h1 stream niquests_blocking    10240 B c=100 round=1/3    1249.4 req/s
h1 full   httpx_blocking    65536 B c=100 round=1/3    1089.4 req/s
h1 stream ry_blocking     1048576 B c= 50 round=1/3    1218.6 req/s
h1 stream wreq_blocking   4194304 B c= 10 round=1/3     860.2 req/s
h1 full   httpx_blocking     1024 B c=100 round=1/3    1704.1 req/s
h1 stream wreq_blocking      1024 B c=100 round=1/3    6970.5 req/s
h1 stream niquests_blocking  4194304 B c= 10 round=1/3      49.7 req/s
h1 stream pycurl           131072 B c=100 round=1/3    1746.2 req/s
h1 full   ry_blocking        1024 B c= 50 round=1/3    7581.0 req/s
h1 full   ry_blocking       10240 B c=150 round=1/3    5790.3 req/s
h1 full   niquests_blocking    65536 B c= 10 round=1/3     952.5 req/s
h1 stream pycurl          1048576 B c= 10 round=1/3     277.1 req/s
h1 stream pycurl            65536 B c=150 round=1/3    2322.4 req/s
h1 full   ry_blocking       10240 B c= 50 round=1/3    7893.9 req/s
h1 stream httpx_blocking    10240 B c=100 round=1/3    1437.0 req/s
h1 full   requests          65536 B c= 50 round=1/3     969.9 req/s
h1 full   httpx_blocking     1024 B c= 10 round=1/3    1767.8 req/s
h1 full   curl_cffi_blocking   131072 B c= 10 round=1/3     476.6 req/s
h1 stream niquests_blocking  4194304 B c= 50 round=1/3      48.8 req/s
h1 stream curl_cffi_blocking   131072 B c= 50 round=1/3     430.5 req/s
h1 full   curl_cffi_blocking  1048576 B c= 50 round=1/3     234.1 req/s
h1 full   httpx_blocking  4194304 B c=100 round=1/3      48.5 req/s
h1 full   ry_blocking     1048576 B c= 10 round=1/3    4965.5 req/s
h1 full   wreq_blocking     65536 B c=150 round=1/3   10642.3 req/s
h1 stream requests        2097152 B c=100 round=1/3      91.0 req/s
h1 stream pycurl          1048576 B c=150 round=1/3     279.6 req/s
h1 stream curl_cffi_blocking  2097152 B c= 10 round=1/3     115.4 req/s
h1 stream curl_cffi_blocking   131072 B c=150 round=1/3     429.9 req/s
h1 stream pycurl           131072 B c= 50 round=1/3    1824.5 req/s
h1 full   httpx_blocking    10240 B c=150 round=1/3    1672.1 req/s
h1 stream niquests_blocking     1024 B c= 10 round=1/3    1370.8 req/s
h1 stream ry_blocking        1024 B c= 10 round=1/3    5397.6 req/s
h1 stream httpx_blocking  2097152 B c= 10 round=1/3      81.5 req/s
h1 full   httpx_blocking  1048576 B c=150 round=1/3     182.0 req/s
h1 stream curl_cffi_blocking   131072 B c=100 round=1/3     426.7 req/s
h1 full   curl_cffi_blocking     1024 B c=100 round=1/3     552.9 req/s
h1 full   ry_blocking       10240 B c=100 round=1/3    7355.9 req/s
h1 stream requests        4194304 B c=150 round=1/3      49.6 req/s
h1 full   requests        4194304 B c= 50 round=1/3      53.2 req/s
h1 stream pycurl            65536 B c= 50 round=1/3    2505.6 req/s
h1 full   pycurl            10240 B c= 10 round=1/3   13051.2 req/s
h1 stream requests          65536 B c=100 round=1/3     739.9 req/s
h1 stream requests           1024 B c= 10 round=1/3    1293.9 req/s
h1 full   niquests_blocking    10240 B c=100 round=1/3    1436.1 req/s
h1 full   requests        2097152 B c= 50 round=1/3     101.9 req/s
h1 stream requests          10240 B c= 50 round=1/3    1267.3 req/s
h1 stream httpx_blocking     1024 B c= 50 round=1/3    1465.9 req/s
h1 stream requests        1048576 B c=150 round=1/3     152.2 req/s
h1 stream requests           1024 B c= 50 round=1/3    1278.3 req/s
h1 full   ry_blocking        1024 B c=100 round=1/3    7413.3 req/s
h1 full   pycurl            10240 B c=150 round=1/3    9422.7 req/s
h1 full   wreq_blocking     65536 B c= 50 round=1/3   14309.0 req/s
h1 full   pycurl          4194304 B c= 10 round=1/3     107.8 req/s
h1 full   niquests_blocking     1024 B c= 50 round=1/3    1481.1 req/s
h1 stream niquests_blocking    65536 B c=150 round=1/3     750.4 req/s
h1 full   niquests_blocking  4194304 B c= 10 round=1/3      53.1 req/s
h1 stream requests          65536 B c=150 round=1/3     728.6 req/s
h1 stream pycurl            10240 B c=100 round=1/3    6106.8 req/s
h1 stream ry_blocking      131072 B c= 50 round=1/3    3315.5 req/s
h1 full   wreq_blocking      1024 B c= 10 round=1/3   19217.7 req/s
h1 full   pycurl             1024 B c= 50 round=1/3   11390.1 req/s
h1 stream wreq_blocking    131072 B c=150 round=1/3    3570.4 req/s
h1 stream httpx_blocking  1048576 B c= 50 round=1/3     137.5 req/s
h1 stream niquests_blocking   131072 B c=150 round=1/3     606.8 req/s
h1 stream requests        1048576 B c= 50 round=1/3     152.9 req/s
h1 full   httpx_blocking    65536 B c= 10 round=1/3    1152.6 req/s
h1 stream curl_cffi_blocking    10240 B c=100 round=1/3     523.8 req/s
h1 full   niquests_blocking  2097152 B c=100 round=1/3     101.4 req/s
h1 stream httpx_blocking    65536 B c= 10 round=1/3     774.9 req/s
h1 full   wreq_blocking   4194304 B c= 50 round=1/3     955.3 req/s
h1 stream ry_blocking       10240 B c=150 round=1/3    4574.9 req/s
h1 stream niquests_blocking  1048576 B c= 10 round=1/3     150.9 req/s
h1 stream pycurl          2097152 B c=150 round=1/3     155.3 req/s
h1 full   requests         131072 B c= 10 round=1/3     778.3 req/s
h1 stream requests          65536 B c= 10 round=1/3     771.7 req/s
h1 full   httpx_blocking    65536 B c=150 round=1/3    1055.4 req/s
h1 stream wreq_blocking     10240 B c=100 round=1/3    6919.8 req/s
h1 stream curl_cffi_blocking  4194304 B c= 10 round=1/3      68.1 req/s
h1 full   httpx_blocking   131072 B c=100 round=1/3     816.1 req/s
h1 full   niquests_blocking   131072 B c=100 round=1/3     763.0 req/s
h1 full   requests        4194304 B c=150 round=1/3      53.1 req/s
h1 full   requests           1024 B c=100 round=1/3    1380.5 req/s
h1 stream wreq_blocking      1024 B c= 50 round=1/3    7377.1 req/s
h1 stream ry_blocking       65536 B c= 10 round=1/3    3485.7 req/s
h1 full   ry_blocking     4194304 B c=100 round=1/3     857.6 req/s
h1 stream requests         131072 B c=100 round=1/3     604.3 req/s
h1 stream curl_cffi_blocking     1024 B c=100 round=1/3     526.8 req/s
h1 stream requests        2097152 B c= 10 round=1/3      91.8 req/s
h1 full   httpx_blocking    10240 B c= 50 round=1/3    1730.9 req/s
h1 stream niquests_blocking   131072 B c=100 round=1/3     619.1 req/s
h1 stream niquests_blocking  1048576 B c= 50 round=1/3     152.2 req/s
h1 full   ry_blocking       65536 B c=150 round=1/3    6760.0 req/s
h1 stream httpx_blocking   131072 B c= 10 round=1/3     630.1 req/s
h1 full   requests        1048576 B c= 50 round=1/3     187.6 req/s
h1 full   ry_blocking     2097152 B c=100 round=1/3    1825.7 req/s
h1 stream pycurl          4194304 B c=100 round=1/3      81.0 req/s
h1 full   pycurl          1048576 B c=100 round=1/3     415.3 req/s
h1 full   ry_blocking       10240 B c= 10 round=1/3    8506.0 req/s
h1 stream curl_cffi_blocking    10240 B c= 50 round=1/3     516.1 req/s
h1 full   ry_blocking       65536 B c=100 round=1/3    7003.1 req/s
h1 full   pycurl            10240 B c= 50 round=1/3   11149.2 req/s
h1 stream ry_blocking     1048576 B c=150 round=1/3    1119.9 req/s
h1 stream pycurl            10240 B c= 50 round=1/3    6294.3 req/s
h1 full   pycurl          1048576 B c= 50 round=1/3     420.1 req/s
h1 full   httpx_blocking    10240 B c= 10 round=1/3    1774.2 req/s
h1 full   ry_blocking     4194304 B c=150 round=1/3     799.6 req/s
h1 full   wreq_blocking    131072 B c= 50 round=1/3   13765.1 req/s
h1 stream curl_cffi_blocking  4194304 B c= 50 round=1/3      66.0 req/s
h1 full   pycurl          4194304 B c= 50 round=1/3     110.6 req/s
h1 full   httpx_blocking  2097152 B c=100 round=1/3      95.1 req/s
h1 stream requests        1048576 B c= 10 round=1/3     154.9 req/s
h1 full   requests          65536 B c=150 round=1/3     927.9 req/s
h1 full   wreq_blocking     10240 B c=150 round=1/3   11382.0 req/s
h1 stream pycurl          4194304 B c= 50 round=1/3      82.5 req/s
h1 full   ry_blocking     2097152 B c= 50 round=1/3    1932.1 req/s
h1 full   curl_cffi_blocking     1024 B c= 10 round=1/3     563.8 req/s
h1 full   ry_blocking     4194304 B c= 10 round=1/3     866.9 req/s
h1 full   requests          10240 B c=100 round=1/3    1328.4 req/s
h1 stream niquests_blocking     1024 B c=100 round=1/3    1285.2 req/s
h1 stream httpx_blocking  2097152 B c=100 round=1/3      80.3 req/s
h1 stream niquests_blocking    10240 B c=150 round=1/3    1263.7 req/s
h1 full   requests         131072 B c=100 round=1/3     725.4 req/s
h1 stream httpx_blocking  4194304 B c= 50 round=1/3      45.0 req/s
h1 stream requests         131072 B c= 10 round=1/3     643.7 req/s
h1 full   niquests_blocking    65536 B c=100 round=1/3     972.6 req/s
h1 stream niquests_blocking  4194304 B c=100 round=1/3      49.8 req/s
h1 full   niquests_blocking     1024 B c=100 round=1/3    1404.3 req/s
h1 stream ry_blocking        1024 B c=100 round=1/3    4770.7 req/s
h1 stream ry_blocking       65536 B c=150 round=1/3    3012.4 req/s
h1 full   pycurl             1024 B c=100 round=1/3   10345.9 req/s
h1 full   requests        4194304 B c=100 round=1/3      53.6 req/s
h1 full   httpx_blocking  2097152 B c=150 round=1/3      97.6 req/s
h1 full   wreq_blocking    131072 B c= 10 round=1/3   16576.3 req/s
h1 stream httpx_blocking  1048576 B c= 10 round=1/3     138.6 req/s
h1 full   curl_cffi_blocking    65536 B c=100 round=1/3     516.8 req/s
h1 stream niquests_blocking  2097152 B c=100 round=1/3      90.4 req/s
h1 full   httpx_blocking  1048576 B c= 50 round=1/3     179.8 req/s
h1 full   niquests_blocking    10240 B c= 10 round=1/3    1522.8 req/s
h1 stream curl_cffi_blocking  2097152 B c= 50 round=1/3     113.3 req/s
h1 stream ry_blocking     2097152 B c= 10 round=1/3    1105.4 req/s
h1 stream pycurl            65536 B c=100 round=1/3    2397.1 req/s
h1 full   wreq_blocking    131072 B c=150 round=1/3   10240.7 req/s
h1 stream wreq_blocking   2097152 B c= 10 round=1/3    1180.5 req/s
h1 stream httpx_blocking  4194304 B c=100 round=1/3      44.4 req/s
h1 full   pycurl             1024 B c=150 round=1/3    9383.9 req/s
h1 full   httpx_blocking  4194304 B c= 50 round=1/3      49.3 req/s
h1 full   wreq_blocking      1024 B c=150 round=1/3   10972.5 req/s
h1 stream curl_cffi_blocking    65536 B c=150 round=1/3     464.2 req/s
h1 full   requests           1024 B c=150 round=1/3    1330.1 req/s
h1 full   niquests_blocking   131072 B c= 50 round=1/3     786.6 req/s
h1 full   wreq_blocking   2097152 B c=100 round=1/3    1882.3 req/s
h1 stream wreq_blocking    131072 B c= 50 round=1/3    4056.5 req/s
h1 full   wreq_blocking   4194304 B c= 10 round=1/3     967.2 req/s
h1 full   ry_blocking     2097152 B c= 10 round=1/3    2114.2 req/s
h1 stream httpx_blocking  1048576 B c=100 round=1/3     137.7 req/s
h1 stream wreq_blocking      1024 B c= 10 round=1/3    8163.7 req/s
h1 stream httpx_blocking     1024 B c= 10 round=1/3    1547.0 req/s
h1 stream wreq_blocking     65536 B c= 10 round=1/3    4265.7 req/s
h1 full   curl_cffi_blocking    10240 B c= 50 round=1/3     565.5 req/s
h1 stream curl_cffi_blocking     1024 B c= 50 round=1/3     531.1 req/s
h1 stream httpx_blocking    10240 B c=150 round=1/3    1426.8 req/s
h1 stream niquests_blocking  2097152 B c= 10 round=1/3      91.5 req/s
h1 stream httpx_blocking  2097152 B c=150 round=1/3      83.8 req/s
h1 stream requests          10240 B c=150 round=1/3    1177.9 req/s
h1 full   requests        2097152 B c=150 round=1/3     100.5 req/s
h1 stream niquests_blocking   131072 B c= 10 round=1/3     651.3 req/s
h1 full   wreq_blocking      1024 B c= 50 round=1/3   15384.9 req/s
h1 stream niquests_blocking     1024 B c=150 round=1/3    1296.4 req/s
h1 stream ry_blocking     1048576 B c=100 round=1/3    1167.5 req/s
h1 full   curl_cffi_blocking  2097152 B c=150 round=1/3     152.2 req/s
h1 stream wreq_blocking   4194304 B c=150 round=1/3     798.5 req/s
h1 full   ry_blocking        1024 B c= 10 round=1/3    8994.6 req/s
h1 full   curl_cffi_blocking  1048576 B c=100 round=1/3     231.2 req/s
h1 full   pycurl          4194304 B c=100 round=1/3     115.7 req/s
h1 full   pycurl          2097152 B c=100 round=1/3     227.7 req/s
h1 stream pycurl          1048576 B c=100 round=1/3     276.0 req/s
h1 stream ry_blocking     4194304 B c= 50 round=1/3     751.6 req/s
h1 full   wreq_blocking     10240 B c=100 round=1/3   12840.4 req/s
h1 full   wreq_blocking   4194304 B c=100 round=1/3     881.7 req/s
h1 full   niquests_blocking  1048576 B c= 10 round=1/3     189.6 req/s
h1 stream niquests_blocking    65536 B c= 10 round=1/3     808.6 req/s
h1 full   ry_blocking       65536 B c= 10 round=1/3    9020.7 req/s
h1 full   httpx_blocking   131072 B c= 10 round=1/3     867.8 req/s
h1 stream requests        1048576 B c=100 round=1/3     154.0 req/s
h1 stream niquests_blocking  2097152 B c=150 round=1/3      90.0 req/s
h1 full   httpx_blocking  2097152 B c= 10 round=1/3      94.0 req/s
h1 stream pycurl            65536 B c= 10 round=1/3    2471.4 req/s
h1 full   requests          10240 B c=150 round=1/3    1346.4 req/s
h1 full   curl_cffi_blocking    10240 B c= 10 round=1/3     563.8 req/s
h1 stream requests        4194304 B c= 10 round=1/3      49.6 req/s
h1 full   niquests_blocking  4194304 B c=150 round=1/3      52.5 req/s
h1 full   curl_cffi_blocking     1024 B c= 50 round=1/3     558.0 req/s
h1 full   pycurl          2097152 B c= 10 round=1/3     212.0 req/s
h1 stream requests          10240 B c=100 round=1/3    1224.6 req/s
h1 stream pycurl            10240 B c= 10 round=1/3    6705.2 req/s
h1 stream requests          65536 B c= 50 round=1/3     754.6 req/s
h1 full   httpx_blocking     1024 B c= 50 round=1/3    1731.4 req/s
h1 stream pycurl            10240 B c=150 round=1/3    5601.3 req/s
h1 stream httpx_blocking    10240 B c= 50 round=1/3    1452.3 req/s
h1 full   niquests_blocking  1048576 B c= 50 round=1/3     185.0 req/s
h1 full   pycurl            10240 B c=100 round=1/3   10336.0 req/s
h1 full   curl_cffi_blocking   131072 B c=150 round=1/3     471.4 req/s
h1 full   wreq_blocking      1024 B c=100 round=1/3   12858.8 req/s
h1 full   wreq_blocking   2097152 B c= 50 round=1/3    2000.6 req/s
h1 full   pycurl           131072 B c= 50 round=1/3    2693.4 req/s
h1 stream requests        4194304 B c= 50 round=1/3      48.8 req/s
h1 full   requests        4194304 B c= 10 round=1/3      53.0 req/s
h1 full   requests        1048576 B c=100 round=1/3     186.3 req/s
h1 stream pycurl          4194304 B c=150 round=1/3      82.9 req/s
h1 full   wreq_blocking    131072 B c=100 round=1/3   11714.8 req/s
h1 full   requests        1048576 B c= 10 round=1/3     186.7 req/s
h1 full   curl_cffi_blocking  4194304 B c= 50 round=1/3      85.2 req/s
h1 stream wreq_blocking     65536 B c=100 round=1/3    3859.6 req/s
h1 full   ry_blocking      131072 B c=100 round=1/3    6836.2 req/s
h1 full   curl_cffi_blocking    10240 B c=150 round=1/3     552.5 req/s
h1 stream ry_blocking      131072 B c= 10 round=1/3    3414.2 req/s
h1 full   pycurl            65536 B c=150 round=1/3    3888.0 req/s
h1 stream niquests_blocking  1048576 B c=150 round=1/3     149.8 req/s
h1 full   pycurl          4194304 B c=150 round=1/3     107.5 req/s
h1 full   curl_cffi_blocking  1048576 B c= 10 round=1/3     232.0 req/s
h1 full   ry_blocking     1048576 B c= 50 round=1/3    4045.0 req/s
h1 stream httpx_blocking    65536 B c=150 round=1/3     727.2 req/s
h1 full   wreq_blocking     65536 B c= 10 round=1/3   17499.3 req/s
h1 stream curl_cffi_blocking     1024 B c= 10 round=1/3     520.9 req/s
h1 stream ry_blocking     2097152 B c=150 round=1/3     941.4 req/s
h1 full   wreq_blocking     10240 B c= 10 round=1/3   18700.3 req/s
h1 full   pycurl          1048576 B c=150 round=1/3     412.9 req/s
h1 full   httpx_blocking  4194304 B c= 10 round=1/3      47.9 req/s
h1 stream curl_cffi_blocking    10240 B c= 10 round=1/3     520.9 req/s
h1 stream wreq_blocking     65536 B c=150 round=1/3    3547.8 req/s
h1 full   pycurl           131072 B c=150 round=1/3    2416.4 req/s
h1 full   niquests_blocking  4194304 B c= 50 round=1/3      52.2 req/s
h1 stream niquests_blocking    65536 B c=100 round=1/3     752.1 req/s
h1 full   pycurl          1048576 B c= 10 round=1/3     423.5 req/s
h1 full   wreq_blocking     10240 B c= 50 round=1/3   14038.5 req/s
h1 full   httpx_blocking  2097152 B c= 50 round=1/3      95.0 req/s
h1 full   ry_blocking     1048576 B c=150 round=1/3    3265.1 req/s
h1 stream httpx_blocking    65536 B c=100 round=1/3     746.7 req/s
h1 stream ry_blocking        1024 B c= 50 round=1/3    5072.5 req/s
h1 full   niquests_blocking    65536 B c=150 round=1/3     932.3 req/s
h1 stream ry_blocking      131072 B c=150 round=1/3    2961.7 req/s
h1 stream pycurl             1024 B c=100 round=1/3    6157.3 req/s
h1 stream niquests_blocking   131072 B c= 50 round=1/3     633.7 req/s
h1 full   requests         131072 B c=150 round=1/3     730.4 req/s
h1 stream httpx_blocking   131072 B c= 50 round=1/3     619.5 req/s
h1 stream wreq_blocking     10240 B c=150 round=1/3    6459.5 req/s
h1 stream ry_blocking     1048576 B c= 10 round=1/3    1201.4 req/s
h1 stream pycurl             1024 B c=150 round=1/3    5694.7 req/s
h1 stream ry_blocking     4194304 B c= 10 round=1/3     978.1 req/s
h1 full   requests           1024 B c= 50 round=1/3    1397.8 req/s
h1 full   pycurl          2097152 B c= 50 round=1/3     222.0 req/s
h1 full   wreq_blocking   1048576 B c= 10 round=1/3    4595.0 req/s
h1 full   curl_cffi_blocking    10240 B c=100 round=1/3     553.5 req/s
h1 stream pycurl           131072 B c= 10 round=1/3    1795.4 req/s
h1 full   curl_cffi_blocking    65536 B c=150 round=1/3     506.8 req/s
h1 stream ry_blocking     4194304 B c=150 round=1/3     713.6 req/s
h1 stream requests         131072 B c=150 round=1/3     588.5 req/s
h1 full   requests        2097152 B c= 10 round=1/3     102.6 req/s
h1 full   ry_blocking     2097152 B c=150 round=1/3    1655.7 req/s
h1 full   niquests_blocking  4194304 B c=100 round=1/3      52.5 req/s
h1 full   ry_blocking      131072 B c=150 round=1/3    6204.0 req/s
h1 stream niquests_blocking   131072 B c= 50 round=2/3     597.2 req/s
h1 stream pycurl          1048576 B c=150 round=2/3     278.7 req/s
h1 stream curl_cffi_blocking  2097152 B c= 50 round=2/3     113.6 req/s
h1 full   wreq_blocking     65536 B c= 50 round=2/3   14268.5 req/s
h1 stream httpx_blocking     1024 B c= 50 round=2/3    1476.1 req/s
h1 full   curl_cffi_blocking     1024 B c=150 round=2/3     551.6 req/s
h1 stream niquests_blocking     1024 B c= 10 round=2/3    1383.9 req/s
h1 stream requests        4194304 B c= 50 round=2/3      49.2 req/s
h1 stream ry_blocking       65536 B c=100 round=2/3    3207.8 req/s
h1 stream wreq_blocking   4194304 B c=150 round=2/3     800.3 req/s
h1 full   curl_cffi_blocking    65536 B c= 50 round=2/3     514.6 req/s
h1 full   wreq_blocking   2097152 B c= 50 round=2/3    1995.7 req/s
h1 stream pycurl            10240 B c=100 round=2/3    6088.4 req/s
h1 full   ry_blocking        1024 B c= 10 round=2/3    9027.1 req/s
h1 stream requests          65536 B c=100 round=2/3     733.9 req/s
h1 stream httpx_blocking  4194304 B c= 50 round=2/3      45.8 req/s
h1 full   curl_cffi_blocking    65536 B c=150 round=2/3     510.0 req/s
h1 stream niquests_blocking  4194304 B c= 10 round=2/3      48.9 req/s
h1 stream niquests_blocking    65536 B c=100 round=2/3     747.7 req/s
h1 full   ry_blocking     1048576 B c=100 round=2/3    3604.8 req/s
h1 stream httpx_blocking    10240 B c= 50 round=2/3    1425.6 req/s
h1 stream ry_blocking     2097152 B c=150 round=2/3     939.4 req/s
h1 full   wreq_blocking    131072 B c= 50 round=2/3   13465.9 req/s
h1 stream wreq_blocking   1048576 B c= 50 round=2/3    1311.8 req/s
h1 stream ry_blocking        1024 B c=100 round=2/3    4772.7 req/s
h1 full   pycurl          2097152 B c=150 round=2/3     209.0 req/s
h1 full   requests        4194304 B c= 50 round=2/3      52.4 req/s
h1 full   httpx_blocking    10240 B c= 10 round=2/3    1764.3 req/s
h1 full   wreq_blocking     10240 B c=100 round=2/3   12262.0 req/s
h1 full   ry_blocking     2097152 B c=100 round=2/3    1761.1 req/s
h1 stream curl_cffi_blocking    10240 B c=100 round=2/3     520.3 req/s
h1 stream wreq_blocking     65536 B c= 50 round=2/3    4064.4 req/s
h1 stream wreq_blocking   2097152 B c= 10 round=2/3    1209.3 req/s
h1 full   curl_cffi_blocking  2097152 B c=150 round=2/3     152.3 req/s
h1 stream wreq_blocking     10240 B c=100 round=2/3    6975.6 req/s
h1 full   niquests_blocking    10240 B c= 10 round=2/3    1513.9 req/s
h1 stream curl_cffi_blocking  1048576 B c=100 round=2/3     176.0 req/s
h1 full   httpx_blocking     1024 B c= 10 round=2/3    1812.7 req/s
h1 full   niquests_blocking   131072 B c= 10 round=2/3     810.2 req/s
h1 stream wreq_blocking   1048576 B c=150 round=2/3    1254.5 req/s
h1 full   ry_blocking       65536 B c= 10 round=2/3    8892.2 req/s
h1 stream ry_blocking     2097152 B c= 50 round=2/3     993.4 req/s
h1 full   niquests_blocking  1048576 B c= 50 round=2/3     185.8 req/s
h1 full   requests          10240 B c=100 round=2/3    1352.0 req/s
h1 full   curl_cffi_blocking    10240 B c=150 round=2/3     549.1 req/s
h1 full   niquests_blocking    65536 B c= 10 round=2/3    1039.9 req/s
h1 full   requests          65536 B c=100 round=2/3     881.2 req/s
h1 full   curl_cffi_blocking    10240 B c= 10 round=2/3     553.5 req/s
h1 stream wreq_blocking     10240 B c= 50 round=2/3    7198.7 req/s
h1 full   httpx_blocking  4194304 B c=150 round=2/3      50.1 req/s
h1 full   httpx_blocking  1048576 B c=100 round=2/3     178.8 req/s
h1 stream pycurl             1024 B c=150 round=2/3    5735.5 req/s
h1 full   pycurl            65536 B c=150 round=2/3    3763.4 req/s
h1 stream pycurl           131072 B c= 50 round=2/3    1824.1 req/s
h1 stream pycurl          4194304 B c=150 round=2/3      82.6 req/s
h1 stream niquests_blocking  2097152 B c=150 round=2/3      89.2 req/s
h1 stream httpx_blocking  2097152 B c=150 round=2/3      83.3 req/s
h1 full   curl_cffi_blocking  1048576 B c= 10 round=2/3     233.1 req/s
h1 stream requests         131072 B c= 10 round=2/3     634.2 req/s
h1 full   requests        2097152 B c=100 round=2/3     102.0 req/s
h1 stream requests           1024 B c= 50 round=2/3    1280.6 req/s
h1 stream pycurl             1024 B c= 50 round=2/3    6487.6 req/s
h1 stream ry_blocking     1048576 B c=150 round=2/3    1123.2 req/s
h1 stream wreq_blocking     65536 B c= 10 round=2/3    4110.6 req/s
h1 full   curl_cffi_blocking  4194304 B c= 10 round=2/3      85.8 req/s
h1 stream wreq_blocking   1048576 B c= 10 round=2/3    1327.8 req/s
h1 full   requests        1048576 B c= 50 round=2/3     187.7 req/s
h1 stream pycurl            65536 B c=100 round=2/3    2429.7 req/s
h1 full   niquests_blocking    10240 B c=150 round=2/3    1421.2 req/s
h1 full   requests        2097152 B c=150 round=2/3     101.6 req/s
h1 stream pycurl          4194304 B c= 10 round=2/3      80.9 req/s
h1 stream httpx_blocking  4194304 B c=150 round=2/3      46.1 req/s
h1 stream ry_blocking      131072 B c=150 round=2/3    3019.0 req/s
h1 stream niquests_blocking    10240 B c=100 round=2/3    1300.6 req/s
h1 stream niquests_blocking  2097152 B c=100 round=2/3      90.0 req/s
h1 full   curl_cffi_blocking   131072 B c= 10 round=2/3     477.3 req/s
h1 stream niquests_blocking  1048576 B c=150 round=2/3     153.0 req/s
h1 stream pycurl          2097152 B c=100 round=2/3     146.8 req/s
h1 stream requests        2097152 B c=100 round=2/3      91.2 req/s
h1 full   wreq_blocking   1048576 B c=150 round=2/3    3699.9 req/s
h1 stream curl_cffi_blocking  1048576 B c= 10 round=2/3     181.4 req/s
h1 full   niquests_blocking  4194304 B c=100 round=2/3      53.1 req/s
h1 stream curl_cffi_blocking  2097152 B c=150 round=2/3     117.5 req/s
h1 full   wreq_blocking      1024 B c=100 round=2/3   12934.3 req/s
h1 stream curl_cffi_blocking  4194304 B c=150 round=2/3      68.0 req/s
h1 full   ry_blocking     2097152 B c= 10 round=2/3    1976.3 req/s
h1 stream niquests_blocking  2097152 B c= 50 round=2/3      90.6 req/s
h1 stream wreq_blocking   2097152 B c= 50 round=2/3    1203.0 req/s
h1 full   pycurl            10240 B c=150 round=2/3    9403.5 req/s
h1 full   niquests_blocking     1024 B c=150 round=2/3    1424.4 req/s
h1 full   pycurl          1048576 B c=100 round=2/3     410.8 req/s
h1 stream requests         131072 B c=100 round=2/3     608.5 req/s
h1 stream curl_cffi_blocking   131072 B c=100 round=2/3     429.9 req/s
h1 full   requests          65536 B c=150 round=2/3     943.7 req/s
h1 full   pycurl          1048576 B c=150 round=2/3     416.3 req/s
h1 stream httpx_blocking    65536 B c= 50 round=2/3     773.0 req/s
h1 full   curl_cffi_blocking   131072 B c=100 round=2/3     475.2 req/s
h1 stream requests          10240 B c=150 round=2/3    1211.6 req/s
h1 stream wreq_blocking    131072 B c=150 round=2/3    3557.1 req/s
h1 full   httpx_blocking  2097152 B c= 50 round=2/3      95.8 req/s
h1 full   requests        1048576 B c=100 round=2/3     188.4 req/s
h1 full   pycurl          2097152 B c= 10 round=2/3     216.0 req/s
h1 stream niquests_blocking  1048576 B c=100 round=2/3     154.1 req/s
h1 stream ry_blocking       65536 B c= 10 round=2/3    3454.0 req/s
h1 stream niquests_blocking     1024 B c=100 round=2/3    1303.3 req/s
h1 stream httpx_blocking   131072 B c=150 round=2/3     599.1 req/s
h1 stream ry_blocking     2097152 B c= 10 round=2/3    1183.9 req/s
h1 full   wreq_blocking   4194304 B c= 10 round=2/3     967.8 req/s
h1 stream pycurl          2097152 B c=150 round=2/3     156.9 req/s
h1 stream curl_cffi_blocking  2097152 B c=100 round=2/3     112.0 req/s
h1 full   httpx_blocking   131072 B c= 50 round=2/3     835.8 req/s
h1 full   pycurl            65536 B c= 10 round=2/3    4582.2 req/s
h1 full   httpx_blocking  1048576 B c= 10 round=2/3     178.7 req/s
h1 full   httpx_blocking  2097152 B c=100 round=2/3      94.2 req/s
h1 full   httpx_blocking  1048576 B c= 50 round=2/3     184.4 req/s
h1 full   curl_cffi_blocking    65536 B c=100 round=2/3     513.6 req/s
h1 full   requests          10240 B c=150 round=2/3    1333.0 req/s
h1 full   pycurl            10240 B c= 10 round=2/3   13234.9 req/s
h1 stream requests        1048576 B c=150 round=2/3     151.8 req/s
h1 stream pycurl          4194304 B c= 50 round=2/3      82.9 req/s
h1 full   curl_cffi_blocking    10240 B c=100 round=2/3     556.8 req/s
h1 full   niquests_blocking  2097152 B c= 50 round=2/3     101.1 req/s
h1 full   curl_cffi_blocking  1048576 B c= 50 round=2/3     234.8 req/s
h1 stream httpx_blocking   131072 B c= 50 round=2/3     621.7 req/s
h1 stream pycurl             1024 B c= 10 round=2/3    6814.5 req/s
h1 full   ry_blocking     1048576 B c=150 round=2/3    3456.2 req/s
h1 full   ry_blocking     1048576 B c= 50 round=2/3    3954.3 req/s
h1 full   ry_blocking     2097152 B c=150 round=2/3    1756.2 req/s
h1 stream niquests_blocking    10240 B c= 50 round=2/3    1363.6 req/s
h1 stream httpx_blocking    65536 B c= 10 round=2/3     783.6 req/s
h1 full   wreq_blocking   1048576 B c=100 round=2/3    3853.4 req/s
h1 stream ry_blocking     1048576 B c=100 round=2/3    1161.7 req/s
h1 stream wreq_blocking      1024 B c= 10 round=2/3    8017.8 req/s
h1 stream pycurl           131072 B c= 10 round=2/3    1857.2 req/s
h1 stream niquests_blocking  2097152 B c= 10 round=2/3      90.3 req/s
h1 stream ry_blocking        1024 B c=150 round=2/3    4536.5 req/s
h1 full   curl_cffi_blocking   131072 B c= 50 round=2/3     480.0 req/s
h1 stream requests        4194304 B c=100 round=2/3      50.6 req/s
h1 stream ry_blocking        1024 B c= 10 round=2/3    5381.7 req/s
h1 stream requests          65536 B c=150 round=2/3     731.6 req/s
h1 stream httpx_blocking  2097152 B c= 50 round=2/3      82.9 req/s
h1 stream ry_blocking     4194304 B c=150 round=2/3     716.0 req/s
h1 stream pycurl            65536 B c= 50 round=2/3    2449.7 req/s
h1 stream curl_cffi_blocking   131072 B c= 50 round=2/3     431.5 req/s
h1 full   ry_blocking       10240 B c=100 round=2/3    7420.0 req/s
h1 full   httpx_blocking    65536 B c= 10 round=2/3    1157.3 req/s
h1 stream wreq_blocking      1024 B c= 50 round=2/3    7502.3 req/s
h1 full   ry_blocking       10240 B c=150 round=2/3    6753.7 req/s
h1 full   ry_blocking     4194304 B c= 50 round=2/3     923.9 req/s
h1 stream curl_cffi_blocking  4194304 B c= 10 round=2/3      66.6 req/s
h1 full   requests        2097152 B c= 10 round=2/3     102.0 req/s
h1 full   requests        4194304 B c=100 round=2/3      54.2 req/s
h1 full   curl_cffi_blocking    65536 B c= 10 round=2/3     515.0 req/s
h1 full   niquests_blocking  2097152 B c= 10 round=2/3     102.5 req/s
h1 full   requests         131072 B c=100 round=2/3     755.1 req/s
h1 stream wreq_blocking      1024 B c=150 round=2/3    6355.5 req/s
h1 stream curl_cffi_blocking  1048576 B c= 50 round=2/3     178.0 req/s
h1 full   wreq_blocking     65536 B c=100 round=2/3   12014.8 req/s
h1 stream pycurl           131072 B c=100 round=2/3    1765.2 req/s
h1 stream niquests_blocking    10240 B c=150 round=2/3    1296.4 req/s
h1 full   niquests_blocking  4194304 B c= 50 round=2/3      52.7 req/s
h1 stream httpx_blocking     1024 B c= 10 round=2/3    1531.3 req/s
h1 full   ry_blocking       10240 B c= 10 round=2/3    8814.2 req/s
h1 stream niquests_blocking     1024 B c=150 round=2/3    1286.0 req/s
h1 stream requests        4194304 B c=150 round=2/3      50.0 req/s
h1 full   wreq_blocking     65536 B c=150 round=2/3   10654.7 req/s
h1 stream requests          10240 B c= 10 round=2/3    1323.7 req/s
h1 full   pycurl          4194304 B c= 10 round=2/3     108.4 req/s
h1 full   curl_cffi_blocking  4194304 B c=150 round=2/3      88.7 req/s
h1 stream httpx_blocking     1024 B c=100 round=2/3    1459.4 req/s
h1 stream curl_cffi_blocking   131072 B c= 10 round=2/3     430.9 req/s
h1 full   requests           1024 B c=100 round=2/3    1371.0 req/s
h1 stream requests          65536 B c= 10 round=2/3     782.5 req/s
h1 full   requests        2097152 B c= 50 round=2/3     101.9 req/s
h1 stream wreq_blocking     10240 B c= 10 round=2/3    8100.4 req/s
h1 full   requests          65536 B c= 10 round=2/3    1007.2 req/s
h1 stream ry_blocking      131072 B c= 10 round=2/3    3490.9 req/s
h1 stream requests           1024 B c=100 round=2/3    1242.0 req/s
h1 stream pycurl          1048576 B c=100 round=2/3     280.4 req/s
h1 stream curl_cffi_blocking    10240 B c= 10 round=2/3     528.3 req/s
h1 full   httpx_blocking    10240 B c=100 round=2/3    1700.9 req/s
h1 stream wreq_blocking   1048576 B c=100 round=2/3    1237.9 req/s
h1 stream wreq_blocking    131072 B c= 10 round=2/3    4109.1 req/s
h1 full   httpx_blocking    65536 B c=100 round=2/3    1094.3 req/s
h1 stream curl_cffi_blocking     1024 B c= 50 round=2/3     529.2 req/s
h1 stream ry_blocking     4194304 B c= 50 round=2/3     754.5 req/s
h1 stream httpx_blocking  2097152 B c= 10 round=2/3      82.7 req/s
h1 full   requests          10240 B c= 10 round=2/3    1473.3 req/s
h1 stream niquests_blocking  4194304 B c=100 round=2/3      50.0 req/s
h1 full   pycurl           131072 B c=150 round=2/3    2495.4 req/s
h1 stream wreq_blocking    131072 B c=100 round=2/3    3864.4 req/s
h1 full   curl_cffi_blocking     1024 B c=100 round=2/3     560.2 req/s
h1 full   pycurl          4194304 B c=100 round=2/3     113.4 req/s
h1 stream wreq_blocking      1024 B c=100 round=2/3    6868.4 req/s
h1 stream ry_blocking       65536 B c=150 round=2/3    3036.5 req/s
h1 stream wreq_blocking   2097152 B c=150 round=2/3    1144.2 req/s
h1 full   requests          65536 B c= 50 round=2/3     970.1 req/s
h1 stream curl_cffi_blocking   131072 B c=150 round=2/3     430.0 req/s
h1 full   wreq_blocking   1048576 B c= 10 round=2/3    4910.7 req/s
h1 stream niquests_blocking  4194304 B c= 50 round=2/3      49.1 req/s
h1 stream curl_cffi_blocking    65536 B c= 10 round=2/3     451.6 req/s
h1 stream requests        2097152 B c=150 round=2/3      91.1 req/s
h1 full   ry_blocking     4194304 B c=150 round=2/3     795.7 req/s
h1 full   pycurl          1048576 B c= 50 round=2/3     405.4 req/s
h1 stream httpx_blocking    10240 B c=150 round=2/3    1380.9 req/s
h1 stream ry_blocking       10240 B c= 50 round=2/3    5040.5 req/s
h1 stream ry_blocking     4194304 B c=100 round=2/3     745.1 req/s
h1 stream niquests_blocking  1048576 B c= 50 round=2/3     150.9 req/s
h1 stream requests          10240 B c=100 round=2/3    1244.7 req/s
h1 full   curl_cffi_blocking  1048576 B c=100 round=2/3     232.5 req/s
h1 stream niquests_blocking  4194304 B c=150 round=2/3      49.5 req/s
h1 stream wreq_blocking     65536 B c=100 round=2/3    3944.6 req/s
h1 full   httpx_blocking    65536 B c= 50 round=2/3    1132.0 req/s
h1 full   niquests_blocking  1048576 B c= 10 round=2/3     191.1 req/s
h1 full   ry_blocking        1024 B c=150 round=2/3    6905.5 req/s
h1 full   ry_blocking       65536 B c=100 round=2/3    7277.2 req/s
h1 full   wreq_blocking     10240 B c= 50 round=2/3   15410.5 req/s
h1 stream curl_cffi_blocking  4194304 B c=100 round=2/3      64.7 req/s
h1 full   niquests_blocking    10240 B c=100 round=2/3    1425.2 req/s
h1 full   curl_cffi_blocking  4194304 B c=100 round=2/3      84.4 req/s
h1 full   wreq_blocking   4194304 B c= 50 round=2/3     953.6 req/s
h1 full   wreq_blocking   2097152 B c=150 round=2/3    1747.4 req/s
h1 full   pycurl            10240 B c= 50 round=2/3   11601.1 req/s
h1 stream ry_blocking     2097152 B c=100 round=2/3     968.6 req/s
h1 full   wreq_blocking   2097152 B c= 10 round=2/3    1877.4 req/s
h1 full   pycurl          1048576 B c= 10 round=2/3     419.9 req/s
h1 stream curl_cffi_blocking     1024 B c=150 round=2/3     521.6 req/s
h1 stream requests        4194304 B c= 10 round=2/3      49.8 req/s
h1 stream httpx_blocking    65536 B c=150 round=2/3     739.4 req/s
h1 stream wreq_blocking     65536 B c=150 round=2/3    3758.5 req/s
h1 full   niquests_blocking  4194304 B c= 10 round=2/3      53.2 req/s
h1 full   httpx_blocking     1024 B c= 50 round=2/3    1759.2 req/s
h1 full   niquests_blocking  2097152 B c=100 round=2/3     101.1 req/s
h1 full   niquests_blocking    65536 B c=100 round=2/3    1005.1 req/s
h1 stream httpx_blocking  1048576 B c= 10 round=2/3     139.4 req/s
h1 stream wreq_blocking    131072 B c= 50 round=2/3    3995.8 req/s
h1 full   niquests_blocking  1048576 B c=100 round=2/3     187.9 req/s
h1 stream niquests_blocking     1024 B c= 50 round=2/3    1373.6 req/s
h1 stream ry_blocking       10240 B c=100 round=2/3    4804.8 req/s
h1 full   niquests_blocking     1024 B c= 10 round=2/3    1563.9 req/s
h1 stream requests           1024 B c= 10 round=2/3    1322.1 req/s
h1 stream wreq_blocking   4194304 B c= 10 round=2/3     974.3 req/s
h1 full   httpx_blocking  4194304 B c=100 round=2/3      49.0 req/s
h1 full   httpx_blocking  4194304 B c= 50 round=2/3      49.9 req/s
h1 full   requests         131072 B c=150 round=2/3     739.9 req/s
h1 full   httpx_blocking  1048576 B c=150 round=2/3     183.5 req/s
h1 stream pycurl          1048576 B c= 50 round=2/3     284.6 req/s
h1 stream requests          10240 B c= 50 round=2/3    1254.1 req/s
h1 stream httpx_blocking  4194304 B c= 10 round=2/3      44.8 req/s
h1 full   ry_blocking        1024 B c=100 round=2/3    7316.2 req/s
h1 stream pycurl            65536 B c= 10 round=2/3    2489.8 req/s
h1 full   niquests_blocking   131072 B c= 50 round=2/3     773.6 req/s
h1 stream requests         131072 B c=150 round=2/3     567.3 req/s
h1 stream ry_blocking       65536 B c= 50 round=2/3    3281.4 req/s
h1 full   pycurl             1024 B c= 50 round=2/3   11267.4 req/s
h1 stream requests           1024 B c=150 round=2/3    1192.7 req/s
h1 full   httpx_blocking   131072 B c= 10 round=2/3     855.7 req/s
h1 full   niquests_blocking    65536 B c= 50 round=2/3     926.0 req/s
h1 stream requests        2097152 B c= 50 round=2/3      89.3 req/s
h1 stream requests         131072 B c= 50 round=2/3     617.4 req/s
h1 full   requests        4194304 B c= 10 round=2/3      53.6 req/s
h1 stream wreq_blocking   4194304 B c= 50 round=2/3     891.6 req/s
h1 full   pycurl          4194304 B c=150 round=2/3     107.8 req/s
h1 full   curl_cffi_blocking  4194304 B c= 50 round=2/3      84.1 req/s
h1 full   httpx_blocking    10240 B c=150 round=2/3    1561.6 req/s
h1 full   ry_blocking     4194304 B c=100 round=2/3     884.6 req/s
h1 stream httpx_blocking    65536 B c=100 round=2/3     697.0 req/s
h1 full   wreq_blocking      1024 B c=150 round=2/3   10742.9 req/s
h1 full   curl_cffi_blocking     1024 B c= 50 round=2/3     553.1 req/s
h1 full   pycurl             1024 B c=150 round=2/3    8684.1 req/s
h1 full   ry_blocking       65536 B c=150 round=2/3    6340.1 req/s
h1 stream curl_cffi_blocking    65536 B c= 50 round=2/3     464.8 req/s
h1 full   niquests_blocking   131072 B c=150 round=2/3     756.4 req/s
h1 stream niquests_blocking    65536 B c= 50 round=2/3     779.1 req/s
h1 full   httpx_blocking  2097152 B c= 10 round=2/3      95.4 req/s
h1 stream httpx_blocking     1024 B c=150 round=2/3    1421.0 req/s
h1 full   wreq_blocking   2097152 B c=100 round=2/3    1859.6 req/s
h1 stream niquests_blocking   131072 B c=150 round=2/3     617.8 req/s
h1 stream curl_cffi_blocking    10240 B c= 50 round=2/3     532.6 req/s
h1 stream httpx_blocking  1048576 B c= 50 round=2/3     139.3 req/s
h1 full   pycurl          2097152 B c=100 round=2/3     219.3 req/s
h1 stream curl_cffi_blocking  4194304 B c= 50 round=2/3      66.2 req/s
h1 stream requests        1048576 B c= 10 round=2/3     154.4 req/s
h1 full   httpx_blocking  2097152 B c=150 round=2/3      97.7 req/s
h1 full   pycurl          2097152 B c= 50 round=2/3     222.8 req/s
h1 full   wreq_blocking     10240 B c=150 round=2/3   11309.8 req/s
h1 stream curl_cffi_blocking  2097152 B c= 10 round=2/3     116.4 req/s
h1 full   httpx_blocking  4194304 B c= 10 round=2/3      48.8 req/s
h1 full   ry_blocking        1024 B c= 50 round=2/3    8010.2 req/s
h1 stream curl_cffi_blocking     1024 B c= 10 round=2/3     531.6 req/s
h1 stream httpx_blocking  2097152 B c=100 round=2/3      81.8 req/s
h1 stream curl_cffi_blocking     1024 B c=100 round=2/3     529.6 req/s
h1 full   wreq_blocking     65536 B c= 10 round=2/3   17352.0 req/s
h1 stream pycurl          2097152 B c= 10 round=2/3     154.2 req/s
h1 stream ry_blocking        1024 B c= 50 round=2/3    4975.9 req/s
h1 stream ry_blocking     1048576 B c= 50 round=2/3    1201.1 req/s
h1 full   pycurl            65536 B c= 50 round=2/3    3951.6 req/s
h1 stream wreq_blocking     10240 B c=150 round=2/3    6025.8 req/s
h1 full   niquests_blocking   131072 B c=100 round=2/3     757.7 req/s
h1 full   ry_blocking     1048576 B c= 10 round=2/3    4660.5 req/s
h1 stream curl_cffi_blocking  1048576 B c=150 round=2/3     183.0 req/s
h1 stream pycurl            10240 B c= 10 round=2/3    6831.5 req/s
h1 stream curl_cffi_blocking    65536 B c=150 round=2/3     461.2 req/s
h1 full   httpx_blocking    65536 B c=150 round=2/3    1066.4 req/s
h1 stream pycurl            65536 B c=150 round=2/3    2286.6 req/s
h1 stream niquests_blocking  1048576 B c= 10 round=2/3     153.9 req/s
h1 full   niquests_blocking  4194304 B c=150 round=2/3      52.7 req/s
h1 stream curl_cffi_blocking    65536 B c=100 round=2/3     459.3 req/s
h1 stream pycurl             1024 B c=100 round=2/3    5962.8 req/s
h1 full   requests         131072 B c= 50 round=2/3     708.1 req/s
h1 full   ry_blocking     2097152 B c= 50 round=2/3    1940.8 req/s
h1 full   niquests_blocking    65536 B c=150 round=2/3     980.1 req/s
h1 full   pycurl             1024 B c=100 round=2/3   10538.2 req/s
h1 full   wreq_blocking     10240 B c= 10 round=2/3   19485.7 req/s
h1 full   requests        1048576 B c= 10 round=2/3     194.6 req/s
h1 full   niquests_blocking     1024 B c=100 round=2/3    1435.8 req/s
h1 stream pycurl            10240 B c=150 round=2/3    5783.7 req/s
h1 full   httpx_blocking    10240 B c= 50 round=2/3    1710.4 req/s
h1 full   httpx_blocking   131072 B c=100 round=2/3     827.9 req/s
h1 full   requests           1024 B c=150 round=2/3    1356.5 req/s
h1 stream requests          65536 B c= 50 round=2/3     770.4 req/s
h1 full   ry_blocking       65536 B c= 50 round=2/3    7803.9 req/s
h1 stream requests        1048576 B c=100 round=2/3     154.3 req/s
h1 stream niquests_blocking    65536 B c=150 round=2/3     754.1 req/s
h1 stream httpx_blocking  1048576 B c=100 round=2/3     138.1 req/s
h1 full   curl_cffi_blocking  2097152 B c= 50 round=2/3     148.7 req/s
h1 full   pycurl           131072 B c=100 round=2/3    2584.8 req/s
h1 stream pycurl           131072 B c=150 round=2/3    1736.7 req/s
h1 full   wreq_blocking   4194304 B c=150 round=2/3     828.2 req/s
h1 full   curl_cffi_blocking  1048576 B c=150 round=2/3     242.1 req/s
h1 full   requests        4194304 B c=150 round=2/3      53.2 req/s
h1 stream httpx_blocking   131072 B c=100 round=2/3     611.5 req/s
h1 stream httpx_blocking   131072 B c= 10 round=2/3     632.4 req/s
h1 full   pycurl            10240 B c=100 round=2/3   10581.0 req/s
h1 stream wreq_blocking   2097152 B c=100 round=2/3    1157.9 req/s
h1 stream curl_cffi_blocking    10240 B c=150 round=2/3     522.6 req/s
h1 stream ry_blocking      131072 B c=100 round=2/3    3108.9 req/s
h1 full   pycurl            65536 B c=100 round=2/3    4140.7 req/s
h1 full   ry_blocking      131072 B c= 50 round=2/3    7575.4 req/s
h1 full   wreq_blocking      1024 B c= 50 round=2/3   15771.7 req/s
h1 stream niquests_blocking    10240 B c= 10 round=2/3    1414.1 req/s
h1 full   curl_cffi_blocking  2097152 B c= 10 round=2/3     147.5 req/s
h1 full   httpx_blocking   131072 B c=150 round=2/3     807.9 req/s
h1 full   pycurl          4194304 B c= 50 round=2/3     113.3 req/s
h1 stream httpx_blocking    10240 B c=100 round=2/3    1450.3 req/s
h1 full   ry_blocking     4194304 B c= 10 round=2/3     866.5 req/s
h1 full   ry_blocking      131072 B c= 10 round=2/3    8773.7 req/s
h1 full   ry_blocking      131072 B c=100 round=2/3    7105.6 req/s
h1 full   ry_blocking      131072 B c=150 round=2/3    6302.4 req/s
h1 full   requests           1024 B c= 10 round=2/3    1462.2 req/s
h1 stream niquests_blocking    65536 B c= 10 round=2/3     809.2 req/s
h1 stream pycurl          1048576 B c= 10 round=2/3     278.0 req/s
h1 stream httpx_blocking  4194304 B c=100 round=2/3      45.1 req/s
h1 stream ry_blocking     1048576 B c= 10 round=2/3    1194.6 req/s
h1 full   ry_blocking       10240 B c= 50 round=2/3    8142.5 req/s
h1 full   pycurl           131072 B c= 10 round=2/3    2757.0 req/s
h1 full   pycurl           131072 B c= 50 round=2/3    2705.0 req/s
h1 stream ry_blocking       10240 B c=150 round=2/3    4658.4 req/s
h1 full   curl_cffi_blocking     1024 B c= 10 round=2/3     563.5 req/s
h1 full   wreq_blocking    131072 B c=100 round=2/3   11910.0 req/s
h1 stream ry_blocking       10240 B c= 10 round=2/3    5454.9 req/s
h1 full   niquests_blocking     1024 B c= 50 round=2/3    1473.9 req/s
h1 stream pycurl          2097152 B c= 50 round=2/3     157.4 req/s
h1 stream pycurl          4194304 B c=100 round=2/3      81.5 req/s
h1 full   requests        1048576 B c=150 round=2/3     187.4 req/s
h1 full   wreq_blocking    131072 B c=150 round=2/3   10085.6 req/s
h1 full   niquests_blocking  1048576 B c=150 round=2/3     187.1 req/s
h1 stream niquests_blocking   131072 B c=100 round=2/3     623.4 req/s
h1 full   httpx_blocking     1024 B c=100 round=2/3    1736.2 req/s
h1 stream ry_blocking     4194304 B c= 10 round=2/3     930.1 req/s
h1 full   requests          10240 B c= 50 round=2/3    1384.1 req/s
h1 full   niquests_blocking    10240 B c= 50 round=2/3    1540.2 req/s
h1 stream wreq_blocking   4194304 B c=100 round=2/3     799.3 req/s
h1 stream requests        2097152 B c= 10 round=2/3      91.2 req/s
h1 full   pycurl             1024 B c= 10 round=2/3   13575.6 req/s
h1 full   curl_cffi_blocking    10240 B c= 50 round=2/3     566.4 req/s
h1 full   wreq_blocking   4194304 B c=100 round=2/3     912.3 req/s
h1 full   wreq_blocking    131072 B c= 10 round=2/3   16743.3 req/s
h1 stream pycurl            10240 B c= 50 round=2/3    6333.7 req/s
h1 stream requests        1048576 B c= 50 round=2/3     153.7 req/s
h1 full   wreq_blocking   1048576 B c= 50 round=2/3    4105.8 req/s
h1 full   requests         131072 B c= 10 round=2/3     793.2 req/s
h1 stream httpx_blocking    10240 B c= 10 round=2/3    1543.4 req/s
h1 full   requests           1024 B c= 50 round=2/3    1426.5 req/s
h1 full   httpx_blocking     1024 B c=150 round=2/3    1679.7 req/s
h1 stream ry_blocking      131072 B c= 50 round=2/3    3299.4 req/s
h1 stream httpx_blocking  1048576 B c=150 round=2/3     141.6 req/s
h1 stream niquests_blocking   131072 B c= 10 round=2/3     653.0 req/s
h1 full   curl_cffi_blocking   131072 B c=150 round=2/3     476.1 req/s
h1 full   curl_cffi_blocking  2097152 B c=100 round=2/3     147.8 req/s
h1 full   niquests_blocking  2097152 B c=150 round=2/3     102.0 req/s
h1 full   wreq_blocking      1024 B c= 10 round=2/3   18809.9 req/s
h1 full   niquests_blocking    65536 B c= 10 round=3/3    1044.4 req/s
h1 full   niquests_blocking   131072 B c=100 round=3/3     773.4 req/s
h1 full   wreq_blocking   2097152 B c= 50 round=3/3    1974.1 req/s
h1 stream curl_cffi_blocking   131072 B c= 50 round=3/3     432.0 req/s
h1 stream requests          10240 B c= 50 round=3/3    1258.8 req/s
h1 stream pycurl           131072 B c=150 round=3/3    1744.7 req/s
h1 stream pycurl          2097152 B c= 10 round=3/3     154.1 req/s
h1 full   niquests_blocking    65536 B c=100 round=3/3    1007.2 req/s
h1 stream ry_blocking       10240 B c= 10 round=3/3    5311.9 req/s
h1 stream niquests_blocking     1024 B c=150 round=3/3    1273.0 req/s
h1 stream curl_cffi_blocking  1048576 B c= 10 round=3/3     179.7 req/s
h1 full   httpx_blocking   131072 B c= 50 round=3/3     840.7 req/s
h1 full   httpx_blocking  1048576 B c= 50 round=3/3     182.2 req/s
h1 stream curl_cffi_blocking  2097152 B c=100 round=3/3     113.7 req/s
h1 full   ry_blocking     2097152 B c=100 round=3/3    1853.0 req/s
h1 full   httpx_blocking   131072 B c=150 round=3/3     801.6 req/s
h1 stream curl_cffi_blocking    10240 B c= 50 round=3/3     532.8 req/s
h1 stream ry_blocking      131072 B c=150 round=3/3    2937.7 req/s
h1 full   pycurl            65536 B c= 50 round=3/3    4369.4 req/s
h1 stream curl_cffi_blocking  2097152 B c= 50 round=3/3     114.7 req/s
h1 stream curl_cffi_blocking  4194304 B c= 50 round=3/3      66.2 req/s
h1 full   curl_cffi_blocking   131072 B c= 50 round=3/3     480.7 req/s
h1 stream wreq_blocking    131072 B c=100 round=3/3    3820.0 req/s
h1 stream pycurl          4194304 B c=150 round=3/3      82.9 req/s
h1 stream requests           1024 B c=150 round=3/3    1211.1 req/s
h1 full   requests          10240 B c= 50 round=3/3    1414.7 req/s
h1 full   requests          65536 B c=100 round=3/3     974.9 req/s
h1 full   wreq_blocking   4194304 B c= 10 round=3/3    1028.1 req/s
h1 stream requests         131072 B c=150 round=3/3     604.2 req/s
h1 full   pycurl            10240 B c=100 round=3/3   10574.9 req/s
h1 stream pycurl           131072 B c= 50 round=3/3    1812.6 req/s
h1 stream niquests_blocking  4194304 B c= 10 round=3/3      49.7 req/s
h1 full   wreq_blocking   2097152 B c=100 round=3/3    1859.1 req/s
h1 full   niquests_blocking    10240 B c= 10 round=3/3    1521.6 req/s
h1 stream curl_cffi_blocking     1024 B c=100 round=3/3     528.2 req/s
h1 stream ry_blocking     2097152 B c=100 round=3/3     968.5 req/s
h1 full   httpx_blocking    65536 B c=150 round=3/3    1048.7 req/s
h1 full   ry_blocking       65536 B c=100 round=3/3    7299.4 req/s
h1 stream curl_cffi_blocking    10240 B c=100 round=3/3     526.9 req/s
h1 full   wreq_blocking     65536 B c=100 round=3/3   12189.7 req/s
h1 full   wreq_blocking     65536 B c= 50 round=3/3   14431.7 req/s
h1 stream requests          65536 B c= 50 round=3/3     750.0 req/s
h1 stream wreq_blocking      1024 B c=100 round=3/3    6917.0 req/s
h1 full   curl_cffi_blocking    10240 B c= 10 round=3/3     565.7 req/s
h1 stream requests         131072 B c=100 round=3/3     608.7 req/s
h1 full   niquests_blocking   131072 B c= 50 round=3/3     788.5 req/s
h1 full   requests        1048576 B c=100 round=3/3     188.2 req/s
h1 stream wreq_blocking   1048576 B c= 10 round=3/3    1308.6 req/s
h1 stream pycurl            65536 B c=100 round=3/3    2401.4 req/s
h1 full   wreq_blocking   4194304 B c= 50 round=3/3     964.8 req/s
h1 full   httpx_blocking   131072 B c=100 round=3/3     809.8 req/s
h1 full   pycurl          4194304 B c=150 round=3/3     111.4 req/s
h1 stream niquests_blocking    65536 B c=100 round=3/3     757.6 req/s
h1 full   httpx_blocking  4194304 B c=150 round=3/3      50.5 req/s
h1 full   niquests_blocking  1048576 B c=150 round=3/3     188.4 req/s
h1 stream pycurl          1048576 B c=150 round=3/3     280.6 req/s
h1 stream pycurl             1024 B c= 10 round=3/3    6675.0 req/s
h1 stream requests          10240 B c= 10 round=3/3    1320.6 req/s
h1 stream curl_cffi_blocking    10240 B c=150 round=3/3     522.4 req/s
h1 stream pycurl            65536 B c=150 round=3/3    2354.4 req/s
h1 stream curl_cffi_blocking     1024 B c= 10 round=3/3     527.8 req/s
h1 stream ry_blocking      131072 B c= 50 round=3/3    3302.3 req/s
h1 full   wreq_blocking      1024 B c=100 round=3/3   13168.7 req/s
h1 full   pycurl            65536 B c=100 round=3/3    4157.7 req/s
h1 full   wreq_blocking    131072 B c=100 round=3/3   11680.8 req/s
h1 stream pycurl            65536 B c= 50 round=3/3    2483.1 req/s
h1 full   pycurl          2097152 B c= 50 round=3/3     223.6 req/s
h1 full   ry_blocking      131072 B c= 10 round=3/3    8645.1 req/s
h1 stream httpx_blocking    10240 B c= 10 round=3/3    1521.2 req/s
h1 full   httpx_blocking    65536 B c= 10 round=3/3    1164.9 req/s
h1 full   httpx_blocking     1024 B c=100 round=3/3    1744.9 req/s
h1 full   wreq_blocking    131072 B c= 50 round=3/3   14039.8 req/s
h1 full   wreq_blocking   1048576 B c=100 round=3/3    3829.9 req/s
h1 stream curl_cffi_blocking   131072 B c= 10 round=3/3     431.8 req/s
h1 stream pycurl            10240 B c=150 round=3/3    5729.2 req/s
h1 stream httpx_blocking  2097152 B c=150 round=3/3      83.3 req/s
h1 stream requests           1024 B c=100 round=3/3    1210.5 req/s
h1 stream httpx_blocking    65536 B c= 50 round=3/3     751.2 req/s
h1 full   ry_blocking     2097152 B c= 50 round=3/3    1987.1 req/s
h1 full   pycurl             1024 B c=100 round=3/3   10022.1 req/s
h1 stream niquests_blocking  2097152 B c= 10 round=3/3      90.0 req/s
h1 stream niquests_blocking  2097152 B c= 50 round=3/3      89.4 req/s
h1 stream niquests_blocking   131072 B c= 50 round=3/3     638.5 req/s
h1 stream wreq_blocking   1048576 B c= 50 round=3/3    1341.6 req/s
h1 full   ry_blocking     4194304 B c=100 round=3/3     851.3 req/s
h1 full   requests         131072 B c= 10 round=3/3     798.5 req/s
h1 stream pycurl          1048576 B c= 50 round=3/3     283.5 req/s
h1 full   curl_cffi_blocking    65536 B c= 50 round=3/3     503.0 req/s
h1 full   pycurl          1048576 B c=150 round=3/3     414.7 req/s
h1 stream httpx_blocking    10240 B c=150 round=3/3    1406.4 req/s
h1 stream httpx_blocking    65536 B c=150 round=3/3     747.0 req/s
h1 full   curl_cffi_blocking    10240 B c=100 round=3/3     559.6 req/s
h1 stream pycurl          4194304 B c=100 round=3/3      81.9 req/s
h1 full   curl_cffi_blocking  1048576 B c=150 round=3/3     241.6 req/s
h1 stream requests          65536 B c=150 round=3/3     688.1 req/s
h1 full   curl_cffi_blocking  4194304 B c=150 round=3/3      88.4 req/s
h1 stream wreq_blocking   4194304 B c=100 round=3/3     828.9 req/s
h1 full   ry_blocking        1024 B c= 50 round=3/3    8128.0 req/s
h1 full   ry_blocking      131072 B c=100 round=3/3    6972.4 req/s
h1 stream wreq_blocking   2097152 B c=100 round=3/3    1137.6 req/s
h1 stream curl_cffi_blocking    10240 B c= 10 round=3/3     529.5 req/s
h1 stream pycurl           131072 B c=100 round=3/3    1779.9 req/s
h1 full   pycurl          2097152 B c= 10 round=3/3     213.6 req/s
h1 stream curl_cffi_blocking  2097152 B c=150 round=3/3     117.4 req/s
h1 stream wreq_blocking   1048576 B c=150 round=3/3    1260.7 req/s
h1 stream requests        4194304 B c= 50 round=3/3      49.8 req/s
h1 full   wreq_blocking     10240 B c=100 round=3/3   13069.4 req/s
h1 stream ry_blocking       65536 B c= 50 round=3/3    3314.8 req/s
h1 stream pycurl            10240 B c=100 round=3/3    6011.3 req/s
h1 stream curl_cffi_blocking  1048576 B c=150 round=3/3     183.7 req/s
h1 stream httpx_blocking  4194304 B c= 10 round=3/3      45.4 req/s
h1 stream wreq_blocking   2097152 B c= 10 round=3/3    1201.6 req/s
h1 full   pycurl             1024 B c= 10 round=3/3   13004.6 req/s
h1 stream curl_cffi_blocking  2097152 B c= 10 round=3/3     116.6 req/s
h1 stream httpx_blocking  4194304 B c=100 round=3/3      45.1 req/s
h1 stream pycurl             1024 B c= 50 round=3/3    6447.5 req/s
h1 full   pycurl             1024 B c=150 round=3/3    9630.3 req/s
h1 full   requests           1024 B c=100 round=3/3    1375.7 req/s
h1 stream niquests_blocking     1024 B c=100 round=3/3    1278.6 req/s
h1 stream requests           1024 B c= 50 round=3/3    1294.8 req/s
h1 stream pycurl            10240 B c= 10 round=3/3    6928.0 req/s
h1 full   pycurl          1048576 B c= 10 round=3/3     419.7 req/s
h1 stream curl_cffi_blocking  1048576 B c= 50 round=3/3     178.4 req/s
h1 full   requests        1048576 B c= 50 round=3/3     179.2 req/s
h1 stream httpx_blocking  4194304 B c=150 round=3/3      46.5 req/s
h1 full   httpx_blocking  2097152 B c= 50 round=3/3      96.4 req/s
h1 stream ry_blocking        1024 B c=100 round=3/3    4800.9 req/s
h1 full   wreq_blocking     10240 B c=150 round=3/3   10717.8 req/s
h1 full   ry_blocking     2097152 B c=150 round=3/3    1830.5 req/s
h1 full   httpx_blocking  2097152 B c=100 round=3/3      95.2 req/s
h1 stream wreq_blocking     65536 B c=100 round=3/3    3901.6 req/s
h1 stream httpx_blocking    10240 B c=100 round=3/3    1454.3 req/s
h1 stream curl_cffi_blocking  4194304 B c=100 round=3/3      64.5 req/s
h1 stream ry_blocking       65536 B c= 10 round=3/3    3397.5 req/s
h1 full   httpx_blocking     1024 B c=150 round=3/3    1701.6 req/s
h1 stream niquests_blocking  1048576 B c= 10 round=3/3     152.6 req/s
h1 stream httpx_blocking  1048576 B c=100 round=3/3     136.7 req/s
h1 stream httpx_blocking   131072 B c= 50 round=3/3     611.7 req/s
h1 stream wreq_blocking     10240 B c= 10 round=3/3    7875.2 req/s
h1 stream pycurl            65536 B c= 10 round=3/3    2479.9 req/s
h1 full   requests           1024 B c=150 round=3/3    1272.1 req/s
h1 stream httpx_blocking   131072 B c=150 round=3/3     593.2 req/s
h1 stream pycurl            10240 B c= 50 round=3/3    6363.7 req/s
h1 full   httpx_blocking    10240 B c=100 round=3/3    1689.6 req/s
h1 full   pycurl           131072 B c= 50 round=3/3    2693.4 req/s
h1 stream niquests_blocking  2097152 B c=150 round=3/3      89.2 req/s
h1 full   curl_cffi_blocking   131072 B c=150 round=3/3     466.0 req/s
h1 full   ry_blocking       65536 B c=150 round=3/3    6454.1 req/s
h1 stream pycurl             1024 B c=100 round=3/3    5842.1 req/s
h1 stream wreq_blocking   4194304 B c= 50 round=3/3     912.3 req/s
h1 stream ry_blocking      131072 B c= 10 round=3/3    3389.9 req/s
h1 stream httpx_blocking     1024 B c= 10 round=3/3    1519.8 req/s
h1 full   wreq_blocking   2097152 B c=150 round=3/3    1743.6 req/s
h1 full   httpx_blocking    65536 B c=100 round=3/3    1087.1 req/s
h1 full   niquests_blocking   131072 B c= 10 round=3/3     794.3 req/s
h1 stream niquests_blocking    65536 B c= 50 round=3/3     757.7 req/s
h1 full   requests        2097152 B c=100 round=3/3     102.2 req/s
h1 full   curl_cffi_blocking  2097152 B c= 50 round=3/3     148.0 req/s
h1 full   wreq_blocking      1024 B c= 50 round=3/3   15174.0 req/s
h1 stream curl_cffi_blocking    65536 B c= 50 round=3/3     464.1 req/s
h1 stream requests         131072 B c= 10 round=3/3     643.8 req/s
h1 stream httpx_blocking   131072 B c= 10 round=3/3     628.1 req/s
h1 full   pycurl          1048576 B c=100 round=3/3     419.4 req/s
h1 stream wreq_blocking      1024 B c=150 round=3/3    6301.5 req/s
h1 full   curl_cffi_blocking    65536 B c= 10 round=3/3     515.0 req/s
h1 full   niquests_blocking  2097152 B c= 50 round=3/3      98.9 req/s
h1 stream curl_cffi_blocking    65536 B c=150 round=3/3     459.8 req/s
h1 full   curl_cffi_blocking  4194304 B c= 50 round=3/3      84.8 req/s
h1 full   ry_blocking     4194304 B c=150 round=3/3     808.4 req/s
h1 full   niquests_blocking     1024 B c= 50 round=3/3    1469.5 req/s
h1 full   requests        1048576 B c=150 round=3/3     185.3 req/s
h1 stream wreq_blocking      1024 B c= 50 round=3/3    7338.5 req/s
h1 stream httpx_blocking    65536 B c= 10 round=3/3     774.2 req/s
h1 stream niquests_blocking  4194304 B c=100 round=3/3      49.7 req/s
h1 full   curl_cffi_blocking  4194304 B c=100 round=3/3      84.1 req/s
h1 full   curl_cffi_blocking     1024 B c= 50 round=3/3     562.8 req/s
h1 full   pycurl          1048576 B c= 50 round=3/3     419.1 req/s
h1 stream httpx_blocking    65536 B c=100 round=3/3     746.1 req/s
h1 full   pycurl             1024 B c= 50 round=3/3   11594.3 req/s
h1 full   requests         131072 B c= 50 round=3/3     768.9 req/s
h1 full   ry_blocking      131072 B c= 50 round=3/3    7542.5 req/s
h1 stream pycurl          2097152 B c=100 round=3/3     154.3 req/s
h1 stream wreq_blocking     65536 B c=150 round=3/3    3704.6 req/s
h1 full   requests          10240 B c=100 round=3/3    1365.8 req/s
h1 stream wreq_blocking     65536 B c= 10 round=3/3    4199.9 req/s
h1 full   curl_cffi_blocking   131072 B c=100 round=3/3     475.6 req/s
h1 full   ry_blocking     1048576 B c=150 round=3/3    3332.1 req/s
h1 full   ry_blocking      131072 B c=150 round=3/3    6113.8 req/s
h1 full   pycurl          2097152 B c=100 round=3/3     213.8 req/s
h1 full   wreq_blocking   1048576 B c=150 round=3/3    3700.4 req/s
h1 full   requests        2097152 B c= 10 round=3/3     102.1 req/s
h1 full   httpx_blocking    10240 B c= 50 round=3/3    1757.5 req/s
h1 full   ry_blocking       10240 B c= 50 round=3/3    7883.2 req/s
h1 full   curl_cffi_blocking    65536 B c=100 round=3/3     514.6 req/s
h1 stream ry_blocking     4194304 B c= 10 round=3/3     768.0 req/s
h1 stream niquests_blocking  1048576 B c=100 round=3/3     152.8 req/s
h1 stream pycurl          1048576 B c=100 round=3/3     278.5 req/s
h1 full   ry_blocking       65536 B c= 50 round=3/3    7787.0 req/s
h1 stream curl_cffi_blocking  1048576 B c=100 round=3/3     176.4 req/s
h1 stream wreq_blocking   2097152 B c=150 round=3/3    1116.2 req/s
h1 full   ry_blocking       10240 B c= 10 round=3/3    8741.3 req/s
h1 stream wreq_blocking   2097152 B c= 50 round=3/3    1207.3 req/s
h1 stream niquests_blocking    10240 B c=150 round=3/3    1274.0 req/s
h1 full   pycurl           131072 B c= 10 round=3/3    2688.9 req/s
h1 stream requests        1048576 B c=100 round=3/3     154.6 req/s
h1 stream pycurl          2097152 B c= 50 round=3/3     156.9 req/s
h1 stream wreq_blocking    131072 B c= 10 round=3/3    4231.0 req/s
h1 full   niquests_blocking  4194304 B c=100 round=3/3      53.8 req/s
h1 stream httpx_blocking    10240 B c= 50 round=3/3    1495.8 req/s
h1 stream curl_cffi_blocking  4194304 B c= 10 round=3/3      67.9 req/s
h1 full   pycurl          2097152 B c=150 round=3/3     215.2 req/s
h1 stream curl_cffi_blocking   131072 B c=100 round=3/3     429.9 req/s
h1 full   ry_blocking     4194304 B c= 10 round=3/3    1020.7 req/s
h1 full   niquests_blocking  2097152 B c=150 round=3/3     101.6 req/s
h1 full   httpx_blocking  2097152 B c= 10 round=3/3      95.4 req/s
h1 full   pycurl            65536 B c= 10 round=3/3    4657.8 req/s
h1 full   niquests_blocking  1048576 B c=100 round=3/3     188.3 req/s
h1 stream niquests_blocking    10240 B c= 10 round=3/3    1410.7 req/s
h1 full   niquests_blocking    65536 B c=150 round=3/3     993.3 req/s
h1 full   wreq_blocking   1048576 B c= 50 round=3/3    4149.6 req/s
h1 full   niquests_blocking  4194304 B c= 50 round=3/3      53.0 req/s
h1 full   curl_cffi_blocking     1024 B c=100 round=3/3     560.6 req/s
h1 stream curl_cffi_blocking    65536 B c= 10 round=3/3     464.5 req/s
h1 full   niquests_blocking  2097152 B c=100 round=3/3     101.6 req/s
h1 stream curl_cffi_blocking  4194304 B c=150 round=3/3      68.2 req/s
h1 full   curl_cffi_blocking  4194304 B c= 10 round=3/3      85.4 req/s
h1 full   httpx_blocking  4194304 B c= 50 round=3/3      50.0 req/s
h1 full   wreq_blocking    131072 B c=150 round=3/3    9914.6 req/s
h1 stream pycurl             1024 B c=150 round=3/3    5707.3 req/s
h1 full   wreq_blocking     65536 B c= 10 round=3/3   17728.4 req/s
h1 full   requests         131072 B c=150 round=3/3     744.3 req/s
h1 stream httpx_blocking  2097152 B c=100 round=3/3      81.6 req/s
h1 stream pycurl          4194304 B c= 10 round=3/3      81.0 req/s
h1 full   requests          10240 B c=150 round=3/3    1339.9 req/s
h1 stream niquests_blocking  2097152 B c=100 round=3/3      91.8 req/s
h1 full   requests         131072 B c=100 round=3/3     741.7 req/s
h1 stream requests          10240 B c=100 round=3/3    1241.0 req/s
h1 stream httpx_blocking  2097152 B c= 50 round=3/3      83.1 req/s
h1 full   httpx_blocking  1048576 B c=100 round=3/3     180.6 req/s
h1 stream niquests_blocking   131072 B c=100 round=3/3     629.5 req/s
h1 stream wreq_blocking      1024 B c= 10 round=3/3    8222.9 req/s
h1 full   curl_cffi_blocking  2097152 B c=150 round=3/3     154.7 req/s
h1 stream requests          10240 B c=150 round=3/3    1223.4 req/s
h1 full   curl_cffi_blocking  1048576 B c= 50 round=3/3     234.4 req/s
h1 full   niquests_blocking  4194304 B c= 10 round=3/3      53.2 req/s
h1 full   pycurl           131072 B c=100 round=3/3    2542.9 req/s
h1 full   wreq_blocking   2097152 B c= 10 round=3/3    2047.0 req/s
h1 stream curl_cffi_blocking   131072 B c=150 round=3/3     430.9 req/s
h1 stream ry_blocking     4194304 B c=150 round=3/3     728.3 req/s
h1 stream wreq_blocking   1048576 B c=100 round=3/3    1254.1 req/s
h1 full   requests           1024 B c= 10 round=3/3    1379.8 req/s
h1 stream ry_blocking        1024 B c= 10 round=3/3    5363.9 req/s
h1 stream wreq_blocking   4194304 B c=150 round=3/3     828.3 req/s
h1 stream wreq_blocking   4194304 B c= 10 round=3/3     985.6 req/s
h1 stream httpx_blocking  1048576 B c=150 round=3/3     141.4 req/s
h1 stream wreq_blocking    131072 B c=150 round=3/3    3586.4 req/s
h1 full   niquests_blocking  1048576 B c= 10 round=3/3     189.3 req/s
h1 stream ry_blocking        1024 B c=150 round=3/3    4609.8 req/s
h1 stream requests         131072 B c= 50 round=3/3     627.4 req/s
h1 full   requests        2097152 B c= 50 round=3/3     102.5 req/s
h1 full   curl_cffi_blocking  1048576 B c=100 round=3/3     236.0 req/s
h1 full   niquests_blocking  1048576 B c= 50 round=3/3     187.7 req/s
h1 full   niquests_blocking     1024 B c=150 round=3/3    1414.3 req/s
h1 full   requests        2097152 B c=150 round=3/3     102.2 req/s
h1 full   requests           1024 B c= 50 round=3/3    1416.4 req/s
h1 full   niquests_blocking  2097152 B c= 10 round=3/3     103.5 req/s
h1 full   pycurl            10240 B c= 50 round=3/3   11424.4 req/s
h1 stream requests        2097152 B c= 10 round=3/3      91.2 req/s
h1 full   requests          10240 B c= 10 round=3/3    1468.5 req/s
h1 full   wreq_blocking    131072 B c= 10 round=3/3   17049.7 req/s
h1 full   pycurl           131072 B c=150 round=3/3    2504.4 req/s
h1 stream niquests_blocking    10240 B c= 50 round=3/3    1370.3 req/s
h1 stream niquests_blocking   131072 B c= 10 round=3/3     660.9 req/s
h1 stream niquests_blocking  4194304 B c= 50 round=3/3      49.6 req/s
h1 stream ry_blocking     4194304 B c=100 round=3/3     737.5 req/s
h1 stream requests        2097152 B c= 50 round=3/3      91.1 req/s
h1 stream ry_blocking     1048576 B c=150 round=3/3    1144.8 req/s
h1 stream wreq_blocking     10240 B c=150 round=3/3    6303.8 req/s
h1 stream httpx_blocking  4194304 B c= 50 round=3/3      46.0 req/s
h1 stream httpx_blocking  1048576 B c= 50 round=3/3     140.3 req/s
h1 stream requests        2097152 B c=150 round=3/3      91.7 req/s
h1 full   niquests_blocking    65536 B c= 50 round=3/3     996.7 req/s
h1 full   wreq_blocking      1024 B c=150 round=3/3   11187.9 req/s
h1 stream niquests_blocking     1024 B c= 50 round=3/3    1365.5 req/s
h1 stream pycurl          4194304 B c= 50 round=3/3      82.9 req/s
h1 full   wreq_blocking      1024 B c= 10 round=3/3   18966.2 req/s
h1 full   pycurl          4194304 B c=100 round=3/3     116.1 req/s
h1 stream httpx_blocking     1024 B c=150 round=3/3    1408.8 req/s
h1 full   niquests_blocking  4194304 B c=150 round=3/3      52.7 req/s
h1 full   httpx_blocking    10240 B c= 10 round=3/3    1800.3 req/s
h1 stream requests        4194304 B c=150 round=3/3      50.3 req/s
h1 stream httpx_blocking  2097152 B c= 10 round=3/3      82.3 req/s
h1 full   niquests_blocking     1024 B c=100 round=3/3    1478.9 req/s
h1 stream ry_blocking       65536 B c=150 round=3/3    3032.5 req/s
h1 full   pycurl            10240 B c=150 round=3/3    9350.5 req/s
h1 stream requests        4194304 B c=100 round=3/3      50.7 req/s
h1 full   ry_blocking     1048576 B c= 50 round=3/3    4053.8 req/s
h1 stream wreq_blocking    131072 B c= 50 round=3/3    4018.3 req/s
h1 full   curl_cffi_blocking    65536 B c=150 round=3/3     509.5 req/s
h1 stream requests          65536 B c= 10 round=3/3     788.7 req/s
h1 stream niquests_blocking   131072 B c=150 round=3/3     623.0 req/s
h1 stream ry_blocking      131072 B c=100 round=3/3    3137.6 req/s
h1 full   niquests_blocking    10240 B c= 50 round=3/3    1492.0 req/s
h1 stream httpx_blocking     1024 B c=100 round=3/3    1482.7 req/s
h1 stream ry_blocking     2097152 B c= 50 round=3/3    1007.8 req/s
h1 full   curl_cffi_blocking   131072 B c= 10 round=3/3     476.3 req/s
h1 full   httpx_blocking  4194304 B c= 10 round=3/3      49.1 req/s
h1 stream ry_blocking       65536 B c=100 round=3/3    3172.2 req/s
h1 full   ry_blocking     4194304 B c= 50 round=3/3     964.6 req/s
h1 full   niquests_blocking    10240 B c=150 round=3/3    1404.7 req/s
h1 full   niquests_blocking    10240 B c=100 round=3/3    1442.1 req/s
h1 stream pycurl          2097152 B c=150 round=3/3     157.0 req/s
h1 stream niquests_blocking     1024 B c= 10 round=3/3    1408.7 req/s
h1 stream curl_cffi_blocking     1024 B c= 50 round=3/3     532.4 req/s
h1 stream curl_cffi_blocking    65536 B c=100 round=3/3     460.8 req/s
h1 stream ry_blocking       10240 B c= 50 round=3/3    5055.6 req/s
h1 full   httpx_blocking     1024 B c= 10 round=3/3    1841.1 req/s
h1 full   ry_blocking     1048576 B c= 10 round=3/3    4723.2 req/s
h1 stream wreq_blocking     10240 B c=100 round=3/3    6900.5 req/s
h1 stream niquests_blocking    65536 B c= 10 round=3/3     803.7 req/s
h1 full   requests          65536 B c= 50 round=3/3     996.1 req/s
h1 full   httpx_blocking   131072 B c= 10 round=3/3     850.7 req/s
h1 stream httpx_blocking  1048576 B c= 10 round=3/3     138.6 req/s
h1 stream pycurl           131072 B c= 10 round=3/3    1833.7 req/s
h1 stream wreq_blocking     65536 B c= 50 round=3/3    4095.8 req/s
h1 full   curl_cffi_blocking     1024 B c=150 round=3/3     555.0 req/s
h1 full   ry_blocking       10240 B c=150 round=3/3    6827.2 req/s
h1 full   httpx_blocking    10240 B c=150 round=3/3    1693.3 req/s
h1 stream requests        4194304 B c= 10 round=3/3      50.0 req/s
h1 stream niquests_blocking  4194304 B c=150 round=3/3      49.4 req/s
h1 full   requests        4194304 B c=100 round=3/3      54.0 req/s
h1 full   wreq_blocking   4194304 B c=150 round=3/3     794.4 req/s
h1 full   niquests_blocking   131072 B c=150 round=3/3     757.3 req/s
h1 stream niquests_blocking  1048576 B c= 50 round=3/3     155.1 req/s
h1 stream requests          65536 B c=100 round=3/3     732.1 req/s
h1 full   curl_cffi_blocking    10240 B c= 50 round=3/3     563.8 req/s
h1 full   curl_cffi_blocking  1048576 B c= 10 round=3/3     233.5 req/s
h1 full   httpx_blocking  1048576 B c= 10 round=3/3     180.5 req/s
h1 full   ry_blocking        1024 B c=100 round=3/3    7428.0 req/s
h1 stream requests        1048576 B c= 50 round=3/3     154.9 req/s
h1 full   wreq_blocking     10240 B c= 10 round=3/3   19721.7 req/s
h1 full   requests        4194304 B c= 10 round=3/3      53.2 req/s
h1 full   ry_blocking       65536 B c= 10 round=3/3    8823.4 req/s
h1 full   ry_blocking       10240 B c=100 round=3/3    7590.7 req/s
h1 full   ry_blocking        1024 B c=150 round=3/3    6829.1 req/s
h1 full   requests          65536 B c= 10 round=3/3     983.7 req/s
h1 full   curl_cffi_blocking  2097152 B c= 10 round=3/3     147.7 req/s
h1 full   requests        4194304 B c= 50 round=3/3      53.5 req/s
h1 stream ry_blocking     1048576 B c=100 round=3/3    1173.3 req/s
h1 stream httpx_blocking   131072 B c=100 round=3/3     607.2 req/s
h1 full   httpx_blocking  1048576 B c=150 round=3/3     184.1 req/s
h1 stream requests        2097152 B c=100 round=3/3      92.0 req/s
h1 full   niquests_blocking     1024 B c= 10 round=3/3    1576.0 req/s
h1 stream niquests_blocking  1048576 B c=150 round=3/3     153.6 req/s
h1 full   ry_blocking     1048576 B c=100 round=3/3    3501.7 req/s
h1 stream curl_cffi_blocking     1024 B c=150 round=3/3     522.5 req/s
h1 full   pycurl          4194304 B c= 10 round=3/3     110.0 req/s
h1 stream ry_blocking       10240 B c=150 round=3/3    4418.7 req/s
h1 stream requests        1048576 B c= 10 round=3/3     155.9 req/s
h1 full   pycurl            10240 B c= 10 round=3/3   13226.1 req/s
h1 full   requests        1048576 B c= 10 round=3/3     191.9 req/s
h1 full   pycurl            65536 B c=150 round=3/3    3902.4 req/s
h1 stream ry_blocking        1024 B c= 50 round=3/3    5171.7 req/s
h1 stream ry_blocking     1048576 B c= 50 round=3/3    1227.8 req/s
h1 stream niquests_blocking    65536 B c=150 round=3/3     753.4 req/s
h1 full   requests          65536 B c=150 round=3/3     959.1 req/s
h1 stream ry_blocking     1048576 B c= 10 round=3/3    1200.7 req/s
h1 full   httpx_blocking  4194304 B c=100 round=3/3      49.1 req/s
h1 full   wreq_blocking   4194304 B c=100 round=3/3     912.7 req/s
h1 full   curl_cffi_blocking    10240 B c=150 round=3/3     553.5 req/s
h1 full   httpx_blocking  2097152 B c=150 round=3/3      97.8 req/s
h1 full   curl_cffi_blocking     1024 B c= 10 round=3/3     559.0 req/s
h1 full   httpx_blocking     1024 B c= 50 round=3/3    1773.6 req/s
h1 stream ry_blocking     4194304 B c= 50 round=3/3     762.5 req/s
h1 stream requests        1048576 B c=150 round=3/3     153.6 req/s
h1 full   wreq_blocking     10240 B c= 50 round=3/3   15224.3 req/s
h1 stream wreq_blocking     10240 B c= 50 round=3/3    7375.9 req/s
h1 full   ry_blocking        1024 B c= 10 round=3/3    9152.2 req/s
h1 stream ry_blocking       10240 B c=100 round=3/3    4722.2 req/s
h1 stream httpx_blocking     1024 B c= 50 round=3/3    1511.8 req/s
h1 stream pycurl          1048576 B c= 10 round=3/3     278.5 req/s
h1 full   ry_blocking     2097152 B c= 10 round=3/3    2155.2 req/s
h1 full   requests        4194304 B c=150 round=3/3      53.1 req/s
h1 full   curl_cffi_blocking  2097152 B c=100 round=3/3     147.3 req/s
h1 full   httpx_blocking    65536 B c= 50 round=3/3    1146.9 req/s
h1 stream niquests_blocking    10240 B c=100 round=3/3    1296.9 req/s
h1 full   wreq_blocking     65536 B c=150 round=3/3   10781.6 req/s
h1 stream ry_blocking     2097152 B c=150 round=3/3     948.1 req/s
h1 stream requests           1024 B c= 10 round=3/3    1325.6 req/s
h1 stream ry_blocking     2097152 B c= 10 round=3/3    1026.3 req/s
h1 full   pycurl          4194304 B c= 50 round=3/3     115.1 req/s
h1 full   wreq_blocking   1048576 B c= 10 round=3/3    5025.2 req/s
h2 full   ry_blocking     4194304 B c= 50 round=1/3     108.8 req/s
h2 stream curl_cffi_blocking  2097152 B c= 10 round=1/3      78.7 req/s
h2 stream wreq_blocking     65536 B c= 50 round=1/3    3589.8 req/s
h2 full   niquests_blocking   131072 B c= 10 round=1/3     437.2 req/s
h2 full   pycurl           131072 B c=100 round=1/3    1609.8 req/s
h2 stream niquests_blocking   131072 B c=150 round=1/3     419.6 req/s
h2 full   niquests_blocking    65536 B c=150 round=1/3     654.5 req/s
h2 full   httpx_blocking    65536 B c=150 round=1/3     598.3 req/s
h2 stream ry_blocking        1024 B c= 10 round=1/3    5376.3 req/s
h2 stream curl_cffi_blocking     1024 B c= 10 round=1/3     528.4 req/s
h2 stream curl_cffi_blocking  4194304 B c=100 round=1/3      41.8 req/s
h2 stream ry_blocking     4194304 B c=150 round=1/3     101.8 req/s
h2 full   ry_blocking     1048576 B c= 10 round=1/3     416.1 req/s
h2 full   httpx_blocking   131072 B c=150 round=1/3     354.6 req/s
h2 stream httpx_blocking    10240 B c= 10 round=1/3    1522.7 req/s
h2 stream niquests_blocking   131072 B c= 10 round=1/3     431.2 req/s
h2 stream wreq_blocking   1048576 B c= 10 round=1/3    1009.3 req/s
h2 full   pycurl            10240 B c= 50 round=1/3   10835.5 req/s
h2 full   curl_cffi_blocking    10240 B c= 50 round=1/3     567.1 req/s
h2 full   wreq_blocking   1048576 B c=100 round=1/3    2502.8 req/s
h2 full   curl_cffi_blocking  4194304 B c=150 round=1/3      49.1 req/s
h2 full   pycurl          2097152 B c=100 round=1/3     113.4 req/s
h2 stream ry_blocking     1048576 B c=150 round=1/3     332.5 req/s
h2 full   ry_blocking       65536 B c=150 round=1/3    3901.5 req/s
h2 stream pycurl          2097152 B c= 50 round=1/3      98.0 req/s
h2 full   ry_blocking       65536 B c= 50 round=1/3    4306.3 req/s
h2 full   pycurl            65536 B c=150 round=1/3    2846.5 req/s
h2 full   wreq_blocking     10240 B c=100 round=1/3   12577.7 req/s
h2 stream niquests_blocking     1024 B c=100 round=1/3    1231.6 req/s
h2 full   curl_cffi_blocking    65536 B c= 10 round=1/3     491.9 req/s
h2 full   ry_blocking        1024 B c=100 round=1/3    7348.2 req/s
h2 stream wreq_blocking   2097152 B c=150 round=1/3     738.8 req/s
h2 full   ry_blocking     2097152 B c= 10 round=1/3     213.7 req/s
h2 stream niquests_blocking    65536 B c= 50 round=1/3     667.8 req/s
h2 stream httpx_blocking  4194304 B c= 50 round=1/3      13.4 req/s
h2 stream httpx_blocking  1048576 B c= 10 round=1/3      52.8 req/s
h2 full   httpx_blocking    65536 B c=100 round=1/3     590.0 req/s
h2 stream curl_cffi_blocking    65536 B c= 10 round=1/3     442.5 req/s
h2 stream wreq_blocking   4194304 B c= 50 round=1/3     528.9 req/s
h2 stream curl_cffi_blocking  2097152 B c=100 round=1/3      78.1 req/s
h2 stream niquests_blocking    10240 B c= 50 round=1/3    1276.7 req/s
h2 full   wreq_blocking    131072 B c= 50 round=1/3    9524.1 req/s
h2 stream ry_blocking        1024 B c= 50 round=1/3    5030.1 req/s
h2 stream curl_cffi_blocking  2097152 B c= 50 round=1/3      78.0 req/s
h2 stream httpx_blocking    65536 B c= 50 round=1/3     612.6 req/s
h2 full   ry_blocking     2097152 B c=150 round=1/3     221.3 req/s
h2 full   wreq_blocking    131072 B c= 10 round=1/3   10101.3 req/s
h2 stream httpx_blocking  4194304 B c= 10 round=1/3      13.3 req/s
h2 full   httpx_blocking  4194304 B c=150 round=1/3      10.2 req/s
h2 stream niquests_blocking  2097152 B c= 10 round=1/3      36.1 req/s
h2 stream httpx_blocking  1048576 B c= 50 round=1/3      53.4 req/s
h2 stream curl_cffi_blocking  1048576 B c= 10 round=1/3     137.1 req/s
h2 full   wreq_blocking   4194304 B c= 50 round=1/3     704.1 req/s
h2 stream httpx_blocking    10240 B c=150 round=1/3    1403.9 req/s
h2 stream niquests_blocking     1024 B c= 50 round=1/3    1236.9 req/s
h2 full   ry_blocking     4194304 B c=150 round=1/3     110.3 req/s
h2 full   httpx_blocking  2097152 B c= 10 round=1/3      24.6 req/s
h2 full   ry_blocking      131072 B c=150 round=1/3    2450.2 req/s
h2 stream ry_blocking       65536 B c=100 round=1/3    2377.3 req/s
h2 stream pycurl          1048576 B c= 10 round=1/3     187.5 req/s
h2 stream ry_blocking     2097152 B c=100 round=1/3     190.1 req/s
h2 full   pycurl          2097152 B c=150 round=1/3     111.5 req/s
h2 full   niquests_blocking    10240 B c=150 round=1/3    1076.4 req/s
h2 full   wreq_blocking   2097152 B c=100 round=1/3    1258.5 req/s
h2 stream wreq_blocking    131072 B c=150 round=1/3    3253.5 req/s
h2 full   httpx_blocking    10240 B c=150 round=1/3    1277.9 req/s
h2 full   pycurl          4194304 B c= 50 round=1/3      56.4 req/s
h2 full   wreq_blocking     65536 B c=100 round=1/3    9044.2 req/s
h2 stream ry_blocking     4194304 B c= 50 round=1/3     100.7 req/s
h2 stream curl_cffi_blocking   131072 B c=150 round=1/3     389.6 req/s
h2 full   pycurl          2097152 B c= 10 round=1/3     107.4 req/s
h2 full   wreq_blocking    131072 B c=100 round=1/3    8637.5 req/s
h2 full   curl_cffi_blocking    65536 B c=100 round=1/3     489.0 req/s
h2 full   wreq_blocking   1048576 B c= 10 round=1/3    2821.0 req/s
h2 stream niquests_blocking    10240 B c=100 round=1/3    1231.1 req/s
h2 full   niquests_blocking  1048576 B c= 50 round=1/3      70.8 req/s
h2 full   wreq_blocking      1024 B c= 50 round=1/3   14835.3 req/s
h2 stream niquests_blocking  1048576 B c=100 round=1/3      70.6 req/s
h2 stream wreq_blocking   2097152 B c=100 round=1/3     747.9 req/s
h2 full   curl_cffi_blocking   131072 B c= 10 round=1/3     424.9 req/s
h2 full   wreq_blocking   2097152 B c= 10 round=1/3    1497.0 req/s
h2 full   wreq_blocking      1024 B c=150 round=1/3   11194.3 req/s
h2 full   niquests_blocking  4194304 B c=150 round=1/3      18.9 req/s
h2 stream wreq_blocking     10240 B c=100 round=1/3    6955.2 req/s
h2 full   httpx_blocking  2097152 B c=100 round=1/3      22.7 req/s
h2 stream ry_blocking       10240 B c= 50 round=1/3    5009.5 req/s
h2 full   pycurl            65536 B c= 50 round=1/3    3077.8 req/s
h2 full   httpx_blocking    65536 B c= 10 round=1/3     615.1 req/s
h2 stream niquests_blocking    65536 B c=100 round=1/3     651.8 req/s
h2 full   httpx_blocking  4194304 B c= 10 round=1/3      11.0 req/s
h2 stream pycurl          2097152 B c=100 round=1/3      97.6 req/s
h2 stream wreq_blocking      1024 B c= 50 round=1/3    7607.0 req/s
h2 full   curl_cffi_blocking   131072 B c= 50 round=1/3     426.6 req/s
h2 full   curl_cffi_blocking    10240 B c= 10 round=1/3     554.3 req/s
h2 full   ry_blocking       10240 B c= 50 round=1/3    8059.6 req/s
h2 stream httpx_blocking     1024 B c=150 round=1/3    1414.8 req/s
h2 full   curl_cffi_blocking    10240 B c=100 round=1/3     560.8 req/s
h2 stream ry_blocking      131072 B c=100 round=1/3    1742.2 req/s
h2 full   ry_blocking     1048576 B c=150 round=1/3     419.7 req/s
h2 full   wreq_blocking     65536 B c= 50 round=1/3    9533.7 req/s
h2 full   pycurl          4194304 B c=100 round=1/3      55.6 req/s
h2 stream curl_cffi_blocking  1048576 B c= 50 round=1/3     137.3 req/s
h2 stream pycurl            10240 B c=100 round=1/3    5919.7 req/s
h2 full   curl_cffi_blocking  4194304 B c=100 round=1/3      47.8 req/s
h2 full   httpx_blocking  4194304 B c= 50 round=1/3      10.1 req/s
h2 stream pycurl             1024 B c= 10 round=1/3    6614.5 req/s
h2 full   niquests_blocking  2097152 B c= 10 round=1/3      36.5 req/s
h2 stream curl_cffi_blocking    65536 B c=100 round=1/3     443.9 req/s
h2 stream niquests_blocking    65536 B c= 10 round=1/3     682.4 req/s
h2 stream niquests_blocking  1048576 B c= 50 round=1/3      70.5 req/s
h2 stream pycurl          1048576 B c=150 round=1/3     194.0 req/s
h2 stream pycurl            10240 B c= 50 round=1/3    6275.1 req/s
h2 full   httpx_blocking  2097152 B c= 50 round=1/3      23.1 req/s
h2 full   wreq_blocking     10240 B c=150 round=1/3   10732.9 req/s
h2 stream pycurl            10240 B c=150 round=1/3    5568.7 req/s
h2 stream curl_cffi_blocking  4194304 B c= 50 round=1/3      41.0 req/s
h2 stream wreq_blocking      1024 B c=100 round=1/3    6313.7 req/s
h2 stream pycurl            65536 B c=150 round=1/3    1747.7 req/s
h2 stream ry_blocking       65536 B c= 10 round=1/3    2404.8 req/s
h2 full   wreq_blocking     65536 B c=150 round=1/3    7811.6 req/s
h2 full   httpx_blocking  1048576 B c= 50 round=1/3      48.1 req/s
h2 full   pycurl          4194304 B c= 10 round=1/3      53.3 req/s
h2 full   niquests_blocking    10240 B c=100 round=1/3    1214.1 req/s
h2 stream wreq_blocking   1048576 B c=150 round=1/3     965.7 req/s
h2 stream niquests_blocking    65536 B c=150 round=1/3     639.7 req/s
h2 full   curl_cffi_blocking  1048576 B c=100 round=1/3     152.3 req/s
h2 stream ry_blocking     2097152 B c=150 round=1/3     190.2 req/s
h2 full   wreq_blocking      1024 B c= 10 round=1/3   17974.2 req/s
h2 stream ry_blocking     4194304 B c=100 round=1/3      99.8 req/s
h2 stream curl_cffi_blocking    10240 B c= 10 round=1/3     521.9 req/s
h2 full   ry_blocking      131072 B c=100 round=1/3    2536.7 req/s
h2 stream wreq_blocking     10240 B c=150 round=1/3    6109.3 req/s
h2 stream ry_blocking       10240 B c=100 round=1/3    4744.7 req/s
h2 full   niquests_blocking    10240 B c= 10 round=1/3    1286.8 req/s
h2 stream ry_blocking      131072 B c=150 round=1/3    1732.7 req/s
h2 stream wreq_blocking   2097152 B c= 10 round=1/3     772.4 req/s
h2 stream ry_blocking       10240 B c=150 round=1/3    4552.7 req/s
h2 full   niquests_blocking  4194304 B c= 50 round=1/3      18.3 req/s
h2 full   niquests_blocking     1024 B c= 10 round=1/3    1293.3 req/s
h2 stream httpx_blocking     1024 B c= 50 round=1/3    1484.1 req/s
h2 full   curl_cffi_blocking     1024 B c=100 round=1/3     558.0 req/s
h2 stream curl_cffi_blocking  1048576 B c=100 round=1/3     134.9 req/s
h2 stream wreq_blocking     10240 B c= 10 round=1/3    8025.1 req/s
h2 full   httpx_blocking    10240 B c= 50 round=1/3    1313.1 req/s
h2 stream pycurl            65536 B c= 10 round=1/3    1950.2 req/s
h2 stream niquests_blocking  4194304 B c=150 round=1/3      18.6 req/s
h2 full   niquests_blocking  1048576 B c=150 round=1/3      72.2 req/s
h2 stream pycurl           131072 B c=100 round=1/3    1250.0 req/s
h2 stream niquests_blocking  4194304 B c= 50 round=1/3      18.2 req/s
h2 stream wreq_blocking    131072 B c= 50 round=1/3    3439.0 req/s
h2 stream pycurl          2097152 B c= 10 round=1/3      93.5 req/s
h2 full   niquests_blocking    10240 B c= 50 round=1/3    1231.0 req/s
h2 stream pycurl             1024 B c= 50 round=1/3    6350.6 req/s
h2 full   niquests_blocking  1048576 B c=100 round=1/3      70.0 req/s
h2 full   httpx_blocking  4194304 B c=100 round=1/3       9.8 req/s
h2 stream httpx_blocking   131072 B c=100 round=1/3     346.4 req/s
h2 full   wreq_blocking     65536 B c= 10 round=1/3   11271.8 req/s
h2 stream niquests_blocking  1048576 B c= 10 round=1/3      69.2 req/s
h2 full   niquests_blocking  2097152 B c= 50 round=1/3      35.7 req/s
h2 full   niquests_blocking     1024 B c= 50 round=1/3    1254.1 req/s
h2 stream pycurl            65536 B c=100 round=1/3    1913.2 req/s
h2 stream httpx_blocking  2097152 B c= 50 round=1/3      26.2 req/s
h2 stream curl_cffi_blocking    65536 B c= 50 round=1/3     436.0 req/s
h2 stream wreq_blocking     65536 B c=150 round=1/3    3318.4 req/s
h2 full   niquests_blocking  1048576 B c= 10 round=1/3      71.2 req/s
h2 full   ry_blocking       65536 B c=100 round=1/3    4086.6 req/s
h2 stream httpx_blocking  1048576 B c=100 round=1/3      52.1 req/s
h2 stream ry_blocking      131072 B c= 10 round=1/3    1859.6 req/s
h2 full   ry_blocking      131072 B c= 10 round=1/3    2761.7 req/s
h2 stream curl_cffi_blocking    10240 B c= 50 round=1/3     524.7 req/s
h2 full   curl_cffi_blocking  2097152 B c=100 round=1/3      87.6 req/s
h2 full   wreq_blocking   2097152 B c= 50 round=1/3    1402.7 req/s
h2 full   httpx_blocking   131072 B c= 10 round=1/3     355.2 req/s
h2 stream httpx_blocking    65536 B c=150 round=1/3     593.2 req/s
h2 full   ry_blocking       10240 B c= 10 round=1/3    8870.3 req/s
h2 stream pycurl            10240 B c= 10 round=1/3    7042.4 req/s
h2 full   pycurl             1024 B c=150 round=1/3    9432.7 req/s
h2 full   httpx_blocking     1024 B c=100 round=1/3    1463.4 req/s
h2 full   ry_blocking        1024 B c= 10 round=1/3    9109.2 req/s
h2 full   wreq_blocking   4194304 B c= 10 round=1/3     760.9 req/s
h2 stream ry_blocking      131072 B c= 50 round=1/3    1799.3 req/s
h2 full   curl_cffi_blocking  4194304 B c= 10 round=1/3      47.1 req/s
h2 full   wreq_blocking     10240 B c= 10 round=1/3   19016.6 req/s
h2 full   pycurl           131072 B c= 50 round=1/3    1621.8 req/s
h2 stream wreq_blocking     10240 B c= 50 round=1/3    7226.0 req/s
h2 full   niquests_blocking   131072 B c=100 round=1/3     410.7 req/s
h2 full   ry_blocking     2097152 B c=100 round=1/3     217.1 req/s
h2 full   pycurl           131072 B c=150 round=1/3    1549.9 req/s
h2 stream niquests_blocking  2097152 B c=150 round=1/3      36.6 req/s
h2 stream curl_cffi_blocking   131072 B c=100 round=1/3     386.4 req/s
h2 stream niquests_blocking    10240 B c= 10 round=1/3    1303.3 req/s
h2 stream wreq_blocking    131072 B c=100 round=1/3    3311.8 req/s
h2 full   ry_blocking       65536 B c= 10 round=1/3    4479.0 req/s
h2 stream niquests_blocking  2097152 B c= 50 round=1/3      36.0 req/s
h2 full   niquests_blocking    65536 B c= 10 round=1/3     682.5 req/s
h2 stream pycurl           131072 B c= 10 round=1/3    1261.8 req/s
h2 stream niquests_blocking  1048576 B c=150 round=1/3      72.3 req/s
h2 full   pycurl          1048576 B c=150 round=1/3     220.5 req/s
h2 stream ry_blocking     2097152 B c= 10 round=1/3     188.5 req/s
h2 stream curl_cffi_blocking    10240 B c=100 round=1/3     525.2 req/s
h2 stream httpx_blocking  2097152 B c=150 round=1/3      27.4 req/s
h2 full   httpx_blocking  1048576 B c=150 round=1/3      50.8 req/s
h2 full   wreq_blocking   2097152 B c=150 round=1/3    1248.0 req/s
h2 full   curl_cffi_blocking   131072 B c=150 round=1/3     421.3 req/s
h2 stream httpx_blocking    10240 B c= 50 round=1/3    1452.2 req/s
h2 full   pycurl           131072 B c= 10 round=1/3    1595.6 req/s
h2 full   wreq_blocking   4194304 B c=150 round=1/3     596.5 req/s
h2 stream curl_cffi_blocking  4194304 B c=150 round=1/3      42.8 req/s
h2 stream httpx_blocking  4194304 B c=100 round=1/3      12.7 req/s
h2 stream httpx_blocking   131072 B c=150 round=1/3     349.3 req/s
h2 full   niquests_blocking   131072 B c=150 round=1/3     411.3 req/s
h2 stream ry_blocking     4194304 B c= 10 round=1/3      97.7 req/s
h2 stream wreq_blocking   1048576 B c= 50 round=1/3     974.0 req/s
h2 full   ry_blocking     4194304 B c=100 round=1/3     108.3 req/s
h2 stream pycurl             1024 B c=100 round=1/3    6074.1 req/s
h2 full   ry_blocking     2097152 B c= 50 round=1/3     224.9 req/s
h2 stream niquests_blocking  4194304 B c= 10 round=1/3      18.3 req/s
h2 stream ry_blocking     1048576 B c= 10 round=1/3     336.7 req/s
h2 full   curl_cffi_blocking  2097152 B c= 50 round=1/3      88.0 req/s
h2 full   httpx_blocking    10240 B c= 10 round=1/3    1520.2 req/s
h2 full   niquests_blocking     1024 B c=150 round=1/3    1209.4 req/s
h2 full   httpx_blocking     1024 B c=150 round=1/3    1441.1 req/s
h2 full   curl_cffi_blocking   131072 B c=100 round=1/3     421.5 req/s
h2 full   curl_cffi_blocking    10240 B c=150 round=1/3     550.3 req/s
h2 full   wreq_blocking     10240 B c= 50 round=1/3   14829.5 req/s
h2 full   httpx_blocking     1024 B c= 50 round=1/3    1509.1 req/s
h2 full   niquests_blocking  2097152 B c=100 round=1/3      36.3 req/s
h2 stream curl_cffi_blocking  4194304 B c= 10 round=1/3      42.3 req/s
h2 full   wreq_blocking      1024 B c=100 round=1/3   12534.8 req/s
h2 stream ry_blocking       10240 B c= 10 round=1/3    5276.4 req/s
h2 full   ry_blocking        1024 B c= 50 round=1/3    8081.7 req/s
h2 stream wreq_blocking   4194304 B c=150 round=1/3     492.4 req/s
h2 stream pycurl          4194304 B c= 50 round=1/3      49.0 req/s
h2 stream httpx_blocking  2097152 B c= 10 round=1/3      26.2 req/s
h2 stream ry_blocking        1024 B c=150 round=1/3    4491.0 req/s
h2 full   ry_blocking        1024 B c=150 round=1/3    6788.0 req/s
h2 stream wreq_blocking      1024 B c=150 round=1/3    6288.0 req/s
h2 full   wreq_blocking   1048576 B c=150 round=1/3    2302.1 req/s
h2 full   wreq_blocking   1048576 B c= 50 round=1/3    2607.6 req/s
h2 full   pycurl            10240 B c= 10 round=1/3   12489.1 req/s
h2 full   ry_blocking     1048576 B c=100 round=1/3     413.5 req/s
h2 stream ry_blocking       65536 B c=150 round=1/3    2260.8 req/s
h2 stream niquests_blocking   131072 B c= 50 round=1/3     415.7 req/s
h2 stream pycurl            65536 B c= 50 round=1/3    1996.7 req/s
h2 full   niquests_blocking  2097152 B c=150 round=1/3      37.0 req/s
h2 stream niquests_blocking    10240 B c=150 round=1/3    1169.0 req/s
h2 stream httpx_blocking   131072 B c= 50 round=1/3     359.9 req/s
h2 full   niquests_blocking    65536 B c=100 round=1/3     635.6 req/s
h2 full   ry_blocking      131072 B c= 50 round=1/3    2638.6 req/s
h2 full   curl_cffi_blocking     1024 B c= 10 round=1/3     565.7 req/s
h2 full   curl_cffi_blocking    65536 B c= 50 round=1/3     490.3 req/s
h2 full   curl_cffi_blocking  1048576 B c= 10 round=1/3     151.7 req/s
h2 stream httpx_blocking     1024 B c=100 round=1/3    1461.3 req/s
h2 stream ry_blocking     1048576 B c=100 round=1/3     335.4 req/s
h2 stream httpx_blocking  1048576 B c=150 round=1/3      54.3 req/s
h2 stream pycurl           131072 B c=150 round=1/3    1235.7 req/s
h2 stream pycurl             1024 B c=150 round=1/3    5788.3 req/s
h2 stream curl_cffi_blocking    65536 B c=150 round=1/3     437.9 req/s
h2 full   ry_blocking     4194304 B c= 10 round=1/3     104.8 req/s
h2 full   curl_cffi_blocking  1048576 B c=150 round=1/3     156.2 req/s
h2 full   niquests_blocking  4194304 B c= 10 round=1/3      18.3 req/s
h2 full   pycurl            65536 B c= 10 round=1/3    3018.9 req/s
h2 stream curl_cffi_blocking     1024 B c= 50 round=1/3     524.7 req/s
h2 full   pycurl          1048576 B c= 50 round=1/3     219.6 req/s
h2 full   niquests_blocking    65536 B c= 50 round=1/3     664.2 req/s
h2 stream curl_cffi_blocking     1024 B c=150 round=1/3     517.2 req/s
h2 full   pycurl            65536 B c=100 round=1/3    2850.7 req/s
h2 stream niquests_blocking     1024 B c=150 round=1/3    1216.7 req/s
h2 full   pycurl            10240 B c=100 round=1/3   10430.3 req/s
h2 stream curl_cffi_blocking   131072 B c= 10 round=1/3     387.6 req/s
h2 full   httpx_blocking  1048576 B c=100 round=1/3      48.1 req/s
h2 stream ry_blocking        1024 B c=100 round=1/3    4804.5 req/s
h2 full   httpx_blocking     1024 B c= 10 round=1/3    1498.1 req/s
h2 full   niquests_blocking   131072 B c= 50 round=1/3     424.7 req/s
h2 stream pycurl          4194304 B c=100 round=1/3      48.5 req/s
h2 full   httpx_blocking  2097152 B c=150 round=1/3      23.6 req/s
h2 stream ry_blocking     1048576 B c= 50 round=1/3     335.3 req/s
h2 stream pycurl          1048576 B c=100 round=1/3     191.1 req/s
h2 stream pycurl          2097152 B c=150 round=1/3      97.7 req/s
h2 stream niquests_blocking     1024 B c= 10 round=1/3    1321.0 req/s
h2 full   pycurl          1048576 B c=100 round=1/3     216.7 req/s
h2 stream httpx_blocking  4194304 B c=150 round=1/3      13.6 req/s
h2 stream curl_cffi_blocking     1024 B c=100 round=1/3     524.3 req/s
h2 full   httpx_blocking   131072 B c=100 round=1/3     347.2 req/s
h2 stream wreq_blocking   4194304 B c= 10 round=1/3     527.8 req/s
h2 stream ry_blocking       65536 B c= 50 round=1/3    2453.7 req/s
h2 stream niquests_blocking  4194304 B c=100 round=1/3      18.1 req/s
h2 full   pycurl          2097152 B c= 50 round=1/3     110.9 req/s
h2 full   niquests_blocking     1024 B c=100 round=1/3    1051.7 req/s
h2 full   pycurl            10240 B c=150 round=1/3    9218.0 req/s
h2 stream wreq_blocking     65536 B c=100 round=1/3    3416.4 req/s
h2 full   curl_cffi_blocking  4194304 B c= 50 round=1/3      47.4 req/s
h2 stream httpx_blocking   131072 B c= 10 round=1/3     361.4 req/s
h2 stream curl_cffi_blocking  1048576 B c=150 round=1/3     138.2 req/s
h2 full   pycurl          1048576 B c= 10 round=1/3     211.9 req/s
h2 stream pycurl          1048576 B c= 50 round=1/3     190.3 req/s
h2 full   ry_blocking       10240 B c=150 round=1/3    6529.9 req/s
h2 stream wreq_blocking    131072 B c= 10 round=1/3    3541.2 req/s
h2 stream curl_cffi_blocking   131072 B c= 50 round=1/3     385.7 req/s
h2 full   curl_cffi_blocking     1024 B c=150 round=1/3     551.2 req/s
h2 stream wreq_blocking     65536 B c= 10 round=1/3    3692.8 req/s
h2 stream httpx_blocking    65536 B c= 10 round=1/3     610.8 req/s
h2 stream httpx_blocking     1024 B c= 10 round=1/3    1528.7 req/s
h2 full   pycurl             1024 B c=100 round=1/3    9897.8 req/s
h2 stream pycurl          4194304 B c=150 round=1/3      48.9 req/s
h2 stream pycurl           131072 B c= 50 round=1/3    1236.4 req/s
h2 stream niquests_blocking  2097152 B c=100 round=1/3      35.9 req/s
h2 full   pycurl             1024 B c= 50 round=1/3   11610.4 req/s
h2 full   httpx_blocking  1048576 B c= 10 round=1/3      50.1 req/s
h2 full   curl_cffi_blocking  1048576 B c= 50 round=1/3     151.7 req/s
h2 full   curl_cffi_blocking  2097152 B c= 10 round=1/3      87.1 req/s
h2 stream curl_cffi_blocking    10240 B c=150 round=1/3     516.4 req/s
h2 stream niquests_blocking   131072 B c=100 round=1/3     414.8 req/s
h2 full   niquests_blocking  4194304 B c=100 round=1/3      18.3 req/s
h2 full   httpx_blocking   131072 B c= 50 round=1/3     354.7 req/s
h2 stream curl_cffi_blocking  2097152 B c=150 round=1/3      78.5 req/s
h2 stream httpx_blocking  2097152 B c=100 round=1/3      25.7 req/s
h2 full   curl_cffi_blocking  2097152 B c=150 round=1/3      89.7 req/s
h2 stream httpx_blocking    10240 B c=100 round=1/3    1438.0 req/s
h2 full   wreq_blocking    131072 B c=150 round=1/3    7645.5 req/s
h2 stream httpx_blocking    65536 B c=100 round=1/3     588.6 req/s
h2 stream pycurl          4194304 B c= 10 round=1/3      47.8 req/s
h2 stream wreq_blocking   4194304 B c=100 round=1/3     502.3 req/s
h2 full   pycurl             1024 B c= 10 round=1/3   13052.9 req/s
h2 full   ry_blocking     1048576 B c= 50 round=1/3     422.7 req/s
h2 full   pycurl          4194304 B c=150 round=1/3      58.5 req/s
h2 full   httpx_blocking    10240 B c=100 round=1/3    1442.5 req/s
h2 stream wreq_blocking   2097152 B c= 50 round=1/3     774.4 req/s
h2 full   curl_cffi_blocking     1024 B c= 50 round=1/3     560.1 req/s
h2 full   ry_blocking       10240 B c=100 round=1/3    7146.5 req/s
h2 full   httpx_blocking    65536 B c= 50 round=1/3     601.1 req/s
h2 full   wreq_blocking   4194304 B c=100 round=1/3     658.8 req/s
h2 stream ry_blocking     2097152 B c= 50 round=1/3     189.9 req/s
h2 full   curl_cffi_blocking    65536 B c=150 round=1/3     478.2 req/s
h2 stream wreq_blocking   1048576 B c=100 round=1/3     968.6 req/s
h2 stream wreq_blocking      1024 B c= 10 round=1/3    8104.5 req/s
h2 stream httpx_blocking   131072 B c=150 round=2/3     358.1 req/s
h2 stream niquests_blocking  4194304 B c=100 round=2/3      18.3 req/s
h2 full   pycurl            10240 B c= 10 round=2/3   13050.9 req/s
h2 stream httpx_blocking    10240 B c=150 round=2/3    1393.7 req/s
h2 stream pycurl             1024 B c=100 round=2/3    5972.2 req/s
h2 full   niquests_blocking     1024 B c=100 round=2/3    1248.9 req/s
h2 full   niquests_blocking  4194304 B c=100 round=2/3      18.2 req/s
h2 stream wreq_blocking    131072 B c=100 round=2/3    3314.8 req/s
h2 full   ry_blocking        1024 B c=150 round=2/3    6771.2 req/s
h2 stream wreq_blocking   4194304 B c= 10 round=2/3     529.5 req/s
h2 full   pycurl             1024 B c= 10 round=2/3   12409.9 req/s
h2 full   ry_blocking     1048576 B c= 10 round=2/3     419.9 req/s
h2 stream niquests_blocking  2097152 B c=150 round=2/3      36.9 req/s
h2 stream wreq_blocking   1048576 B c=150 round=2/3     953.1 req/s
h2 stream httpx_blocking     1024 B c= 10 round=2/3    1548.8 req/s
h2 full   niquests_blocking   131072 B c=150 round=2/3     417.1 req/s
h2 stream wreq_blocking   2097152 B c=150 round=2/3     733.4 req/s
h2 full   ry_blocking     4194304 B c=150 round=2/3     111.4 req/s
h2 full   httpx_blocking  2097152 B c= 10 round=2/3      24.5 req/s
h2 stream httpx_blocking   131072 B c= 10 round=2/3     361.7 req/s
h2 full   pycurl          4194304 B c=150 round=2/3      58.1 req/s
h2 full   curl_cffi_blocking  4194304 B c=100 round=2/3      47.6 req/s
h2 stream pycurl            10240 B c= 10 round=2/3    6615.7 req/s
h2 stream wreq_blocking     65536 B c= 10 round=2/3    3540.3 req/s
h2 full   pycurl          1048576 B c= 50 round=2/3     216.8 req/s
h2 full   pycurl          4194304 B c=100 round=2/3      56.6 req/s
h2 stream pycurl          2097152 B c= 50 round=2/3      97.3 req/s
h2 stream curl_cffi_blocking  4194304 B c=100 round=2/3      41.5 req/s
h2 full   wreq_blocking    131072 B c= 10 round=2/3   10037.9 req/s
h2 full   niquests_blocking   131072 B c= 10 round=2/3     431.7 req/s
h2 full   wreq_blocking     10240 B c=100 round=2/3   12737.3 req/s
h2 full   httpx_blocking  2097152 B c= 50 round=2/3      22.9 req/s
h2 full   niquests_blocking    65536 B c=150 round=2/3     634.3 req/s
h2 full   niquests_blocking    65536 B c= 10 round=2/3     658.9 req/s
h2 stream niquests_blocking    65536 B c= 10 round=2/3     669.3 req/s
h2 stream niquests_blocking   131072 B c=150 round=2/3     391.6 req/s
h2 stream wreq_blocking   2097152 B c= 10 round=2/3     768.9 req/s
h2 full   wreq_blocking   1048576 B c= 10 round=2/3    2810.3 req/s
h2 full   pycurl            65536 B c= 50 round=2/3    3004.9 req/s
h2 stream pycurl             1024 B c=150 round=2/3    5597.7 req/s
h2 full   niquests_blocking  2097152 B c=150 round=2/3      36.2 req/s
h2 stream niquests_blocking    65536 B c=150 round=2/3     641.2 req/s
h2 stream httpx_blocking  1048576 B c= 50 round=2/3      52.8 req/s
h2 full   ry_blocking        1024 B c= 10 round=2/3    8734.1 req/s
h2 full   pycurl          2097152 B c=100 round=2/3     111.8 req/s
h2 full   niquests_blocking   131072 B c= 50 round=2/3     424.0 req/s
h2 stream niquests_blocking   131072 B c= 10 round=2/3     430.7 req/s
h2 full   pycurl          1048576 B c=100 round=2/3     218.2 req/s
h2 stream wreq_blocking   1048576 B c=100 round=2/3     954.9 req/s
h2 full   pycurl           131072 B c= 10 round=2/3    1606.4 req/s
h2 stream ry_blocking     2097152 B c=100 round=2/3     190.9 req/s
h2 stream curl_cffi_blocking  2097152 B c= 10 round=2/3      78.5 req/s
h2 stream httpx_blocking   131072 B c=100 round=2/3     353.7 req/s
h2 stream ry_blocking        1024 B c=150 round=2/3    4521.8 req/s
h2 stream wreq_blocking     10240 B c= 50 round=2/3    7404.3 req/s
h2 full   curl_cffi_blocking    65536 B c= 50 round=2/3     486.8 req/s
h2 stream ry_blocking       10240 B c=100 round=2/3    4649.3 req/s
h2 stream httpx_blocking     1024 B c= 50 round=2/3    1478.2 req/s
h2 full   wreq_blocking    131072 B c= 50 round=2/3    9195.0 req/s
h2 full   curl_cffi_blocking     1024 B c=150 round=2/3     552.8 req/s
h2 full   curl_cffi_blocking  4194304 B c=150 round=2/3      48.8 req/s
h2 full   wreq_blocking   1048576 B c= 50 round=2/3    2428.9 req/s
h2 full   wreq_blocking      1024 B c= 50 round=2/3   15044.9 req/s
h2 full   curl_cffi_blocking  2097152 B c=150 round=2/3      90.2 req/s
h2 full   ry_blocking        1024 B c=100 round=2/3    7282.7 req/s
h2 stream ry_blocking        1024 B c=100 round=2/3    4803.4 req/s
h2 stream ry_blocking     2097152 B c= 10 round=2/3     186.7 req/s
h2 stream ry_blocking      131072 B c=100 round=2/3    1749.8 req/s
h2 full   niquests_blocking  4194304 B c=150 round=2/3      18.9 req/s
h2 stream wreq_blocking      1024 B c= 50 round=2/3    7229.6 req/s
h2 stream niquests_blocking  4194304 B c= 50 round=2/3      18.2 req/s
h2 stream httpx_blocking  2097152 B c=150 round=2/3      27.4 req/s
h2 stream ry_blocking     4194304 B c=100 round=2/3      99.9 req/s
h2 full   httpx_blocking   131072 B c= 50 round=2/3     357.0 req/s
h2 full   ry_blocking      131072 B c=100 round=2/3    2522.8 req/s
h2 stream ry_blocking       10240 B c= 10 round=2/3    5302.8 req/s
h2 stream wreq_blocking   2097152 B c= 50 round=2/3     766.6 req/s
h2 full   curl_cffi_blocking    65536 B c=150 round=2/3     483.2 req/s
h2 full   httpx_blocking  4194304 B c=100 round=2/3       9.9 req/s
h2 stream httpx_blocking    65536 B c=100 round=2/3     590.8 req/s
h2 full   ry_blocking      131072 B c= 10 round=2/3    2836.6 req/s
h2 full   wreq_blocking     65536 B c=150 round=2/3    8279.1 req/s
h2 full   ry_blocking       10240 B c= 50 round=2/3    8073.6 req/s
h2 full   curl_cffi_blocking   131072 B c= 10 round=2/3     425.8 req/s
h2 stream curl_cffi_blocking  4194304 B c= 50 round=2/3      42.1 req/s
h2 full   ry_blocking        1024 B c= 50 round=2/3    7959.1 req/s
h2 stream ry_blocking     1048576 B c= 10 round=2/3     332.7 req/s
h2 stream niquests_blocking    65536 B c=100 round=2/3     649.4 req/s
h2 stream wreq_blocking    131072 B c=150 round=2/3    3284.6 req/s
h2 stream niquests_blocking     1024 B c=100 round=2/3    1206.6 req/s
h2 full   wreq_blocking     10240 B c= 10 round=2/3   18697.7 req/s
h2 stream niquests_blocking    10240 B c=100 round=2/3    1241.7 req/s
h2 full   pycurl          4194304 B c= 50 round=2/3      55.0 req/s
h2 full   httpx_blocking     1024 B c= 50 round=2/3    1472.1 req/s
h2 stream curl_cffi_blocking   131072 B c=100 round=2/3     385.5 req/s
h2 stream niquests_blocking  2097152 B c= 10 round=2/3      35.7 req/s
h2 full   httpx_blocking     1024 B c=100 round=2/3    1426.6 req/s
h2 stream curl_cffi_blocking     1024 B c=150 round=2/3     513.1 req/s
h2 full   pycurl            65536 B c=150 round=2/3    2650.6 req/s
h2 stream wreq_blocking    131072 B c= 50 round=2/3    3302.9 req/s
h2 full   ry_blocking     1048576 B c=150 round=2/3     409.9 req/s
h2 stream httpx_blocking  1048576 B c= 10 round=2/3      53.3 req/s
h2 stream curl_cffi_blocking    65536 B c= 10 round=2/3     443.4 req/s
h2 stream httpx_blocking     1024 B c=150 round=2/3    1407.4 req/s
h2 full   ry_blocking       10240 B c=100 round=2/3    7223.6 req/s
h2 full   pycurl           131072 B c=100 round=2/3    1595.9 req/s
h2 full   niquests_blocking  1048576 B c=150 round=2/3      72.5 req/s
h2 stream httpx_blocking    65536 B c= 50 round=2/3     607.5 req/s
h2 full   niquests_blocking   131072 B c=100 round=2/3     415.4 req/s
h2 stream pycurl            65536 B c=100 round=2/3    1910.2 req/s
h2 full   httpx_blocking    65536 B c=100 round=2/3     588.1 req/s
h2 full   httpx_blocking    10240 B c=100 round=2/3    1290.9 req/s
h2 stream wreq_blocking    131072 B c= 10 round=2/3    3568.6 req/s
h2 stream pycurl            10240 B c=150 round=2/3    5625.3 req/s
h2 full   wreq_blocking     65536 B c= 50 round=2/3   10034.2 req/s
h2 full   ry_blocking     1048576 B c= 50 round=2/3     424.8 req/s
h2 stream wreq_blocking   2097152 B c=100 round=2/3     744.2 req/s
h2 full   niquests_blocking     1024 B c=150 round=2/3    1207.4 req/s
h2 stream curl_cffi_blocking     1024 B c= 10 round=2/3     526.5 req/s
h2 full   curl_cffi_blocking     1024 B c=100 round=2/3     559.0 req/s
h2 full   pycurl          2097152 B c=150 round=2/3     110.5 req/s
h2 stream curl_cffi_blocking  1048576 B c= 50 round=2/3     136.9 req/s
h2 full   curl_cffi_blocking  4194304 B c= 50 round=2/3      47.6 req/s
h2 full   ry_blocking      131072 B c=150 round=2/3    2466.5 req/s
h2 stream niquests_blocking  2097152 B c=100 round=2/3      36.2 req/s
h2 stream wreq_blocking      1024 B c=150 round=2/3    6327.9 req/s
h2 full   pycurl          4194304 B c= 10 round=2/3      53.3 req/s
h2 full   curl_cffi_blocking  2097152 B c= 50 round=2/3      88.1 req/s
h2 stream httpx_blocking  4194304 B c=150 round=2/3      13.7 req/s
h2 full   httpx_blocking  1048576 B c= 10 round=2/3      50.6 req/s
h2 stream pycurl           131072 B c=100 round=2/3    1207.9 req/s
h2 full   wreq_blocking     10240 B c=150 round=2/3   11004.3 req/s
h2 stream wreq_blocking      1024 B c= 10 round=2/3    8157.1 req/s
h2 stream ry_blocking      131072 B c= 10 round=2/3    1820.1 req/s
h2 full   niquests_blocking     1024 B c= 10 round=2/3    1303.1 req/s
h2 stream httpx_blocking   131072 B c= 50 round=2/3     358.1 req/s
h2 full   niquests_blocking  4194304 B c= 50 round=2/3      18.3 req/s
h2 stream ry_blocking       65536 B c= 10 round=2/3    2534.6 req/s
h2 full   niquests_blocking  1048576 B c=100 round=2/3      70.5 req/s
h2 full   ry_blocking     2097152 B c= 10 round=2/3     213.7 req/s
h2 stream wreq_blocking     10240 B c= 10 round=2/3    7984.9 req/s
h2 stream pycurl            65536 B c= 50 round=2/3    1998.3 req/s
h2 stream curl_cffi_blocking    10240 B c=100 round=2/3     527.0 req/s
h2 full   ry_blocking       65536 B c=150 round=2/3    3701.8 req/s
h2 full   curl_cffi_blocking     1024 B c= 50 round=2/3     562.4 req/s
h2 full   curl_cffi_blocking  1048576 B c= 50 round=2/3     152.9 req/s
h2 stream pycurl           131072 B c=150 round=2/3    1220.6 req/s
h2 stream pycurl          1048576 B c=150 round=2/3     192.7 req/s
h2 stream ry_blocking       65536 B c= 50 round=2/3    2462.4 req/s
h2 stream niquests_blocking    10240 B c= 50 round=2/3    1278.5 req/s
h2 stream pycurl          2097152 B c= 10 round=2/3      94.0 req/s
h2 stream niquests_blocking     1024 B c= 10 round=2/3    1305.1 req/s
h2 full   httpx_blocking  1048576 B c= 50 round=2/3      48.5 req/s
h2 full   httpx_blocking   131072 B c=150 round=2/3     354.3 req/s
h2 stream ry_blocking       65536 B c=100 round=2/3    2367.4 req/s
h2 stream curl_cffi_blocking     1024 B c= 50 round=2/3     526.6 req/s
h2 full   wreq_blocking    131072 B c=150 round=2/3    7296.5 req/s
h2 full   curl_cffi_blocking   131072 B c=150 round=2/3     423.1 req/s
h2 stream httpx_blocking  1048576 B c=150 round=2/3      54.3 req/s
h2 stream niquests_blocking   131072 B c= 50 round=2/3     421.3 req/s
h2 stream niquests_blocking  1048576 B c= 10 round=2/3      70.7 req/s
h2 full   ry_blocking     1048576 B c=100 round=2/3     418.4 req/s
h2 full   ry_blocking       65536 B c= 10 round=2/3    4609.4 req/s
h2 stream niquests_blocking    10240 B c= 10 round=2/3    1273.2 req/s
h2 full   niquests_blocking     1024 B c= 50 round=2/3    1286.8 req/s
h2 stream curl_cffi_blocking  2097152 B c=100 round=2/3      76.9 req/s
h2 full   httpx_blocking    10240 B c=150 round=2/3    1401.3 req/s
h2 full   ry_blocking       10240 B c=150 round=2/3    6669.8 req/s
h2 stream pycurl           131072 B c= 50 round=2/3    1274.3 req/s
h2 stream pycurl          4194304 B c=100 round=2/3      48.3 req/s
h2 stream pycurl            10240 B c= 50 round=2/3    6182.4 req/s
h2 stream curl_cffi_blocking    10240 B c=150 round=2/3     507.7 req/s
h2 stream curl_cffi_blocking    10240 B c= 50 round=2/3     519.0 req/s
h2 stream niquests_blocking  4194304 B c= 10 round=2/3      18.3 req/s
h2 full   httpx_blocking    65536 B c= 10 round=2/3     615.7 req/s
h2 full   httpx_blocking     1024 B c= 10 round=2/3    1552.4 req/s
h2 full   ry_blocking      131072 B c= 50 round=2/3    2660.3 req/s
h2 stream httpx_blocking     1024 B c=100 round=2/3    1459.4 req/s
h2 stream niquests_blocking  4194304 B c=150 round=2/3      18.8 req/s
h2 full   ry_blocking       65536 B c=100 round=2/3    4094.8 req/s
h2 stream wreq_blocking   1048576 B c= 10 round=2/3    1028.5 req/s
h2 stream niquests_blocking    10240 B c=150 round=2/3    1176.1 req/s
h2 stream wreq_blocking     65536 B c=150 round=2/3    3209.8 req/s
h2 stream wreq_blocking     65536 B c= 50 round=2/3    3605.0 req/s
h2 full   ry_blocking     2097152 B c= 50 round=2/3     218.2 req/s
h2 full   niquests_blocking    10240 B c= 50 round=2/3    1246.9 req/s
h2 full   pycurl             1024 B c=150 round=2/3    9098.0 req/s
h2 stream ry_blocking       10240 B c=150 round=2/3    4438.1 req/s
h2 stream pycurl          2097152 B c=100 round=2/3      96.5 req/s
h2 stream curl_cffi_blocking  1048576 B c= 10 round=2/3     136.8 req/s
h2 full   niquests_blocking    10240 B c=150 round=2/3    1022.2 req/s
h2 full   curl_cffi_blocking  1048576 B c=150 round=2/3     155.4 req/s
h2 full   niquests_blocking  2097152 B c= 10 round=2/3      36.3 req/s
h2 stream pycurl            65536 B c=150 round=2/3    1877.9 req/s
h2 full   httpx_blocking  1048576 B c=100 round=2/3      48.5 req/s
h2 stream wreq_blocking   4194304 B c=100 round=2/3     499.9 req/s
h2 stream niquests_blocking   131072 B c=100 round=2/3     413.0 req/s
h2 stream httpx_blocking    10240 B c= 10 round=2/3    1520.9 req/s
h2 stream httpx_blocking  4194304 B c= 50 round=2/3      13.2 req/s
h2 full   httpx_blocking    10240 B c= 50 round=2/3    1494.3 req/s
h2 full   wreq_blocking      1024 B c= 10 round=2/3   18368.4 req/s
h2 full   httpx_blocking  4194304 B c=150 round=2/3      10.2 req/s
h2 full   httpx_blocking    65536 B c=150 round=2/3     589.9 req/s
h2 full   ry_blocking     2097152 B c=100 round=2/3     223.5 req/s
h2 stream pycurl            65536 B c= 10 round=2/3    1980.8 req/s
h2 stream niquests_blocking  1048576 B c=150 round=2/3      72.1 req/s
h2 full   ry_blocking       10240 B c= 10 round=2/3    8660.7 req/s
h2 stream httpx_blocking  2097152 B c= 10 round=2/3      26.5 req/s
h2 stream niquests_blocking     1024 B c= 50 round=2/3    1230.5 req/s
h2 stream ry_blocking      131072 B c=150 round=2/3    1688.7 req/s
h2 stream httpx_blocking  2097152 B c= 50 round=2/3      26.0 req/s
h2 full   pycurl          1048576 B c=150 round=2/3     218.9 req/s
h2 full   pycurl           131072 B c=150 round=2/3    1565.0 req/s
h2 full   curl_cffi_blocking    10240 B c=150 round=2/3     537.1 req/s
h2 stream curl_cffi_blocking    65536 B c= 50 round=2/3     436.6 req/s
h2 full   curl_cffi_blocking  2097152 B c=100 round=2/3      87.6 req/s
h2 stream wreq_blocking     10240 B c=100 round=2/3    6550.1 req/s
h2 full   curl_cffi_blocking     1024 B c= 10 round=2/3     559.6 req/s
h2 stream ry_blocking       10240 B c= 50 round=2/3    5010.2 req/s
h2 full   wreq_blocking   4194304 B c= 10 round=2/3     767.3 req/s
h2 full   pycurl            10240 B c=150 round=2/3    8997.0 req/s
h2 full   niquests_blocking  2097152 B c= 50 round=2/3      36.0 req/s
h2 full   wreq_blocking    131072 B c=100 round=2/3    8570.6 req/s
h2 stream ry_blocking     4194304 B c=150 round=2/3     101.9 req/s
h2 stream ry_blocking       65536 B c=150 round=2/3    2311.7 req/s
h2 full   niquests_blocking    10240 B c= 10 round=2/3    1290.2 req/s
h2 full   wreq_blocking   1048576 B c=100 round=2/3    2400.7 req/s
h2 stream niquests_blocking     1024 B c=150 round=2/3    1228.8 req/s
h2 stream pycurl            10240 B c=100 round=2/3    5866.1 req/s
h2 stream ry_blocking     4194304 B c= 50 round=2/3     100.0 req/s
h2 full   pycurl            10240 B c= 50 round=2/3   11252.5 req/s
h2 full   curl_cffi_blocking    10240 B c= 10 round=2/3     551.6 req/s
h2 stream ry_blocking      131072 B c= 50 round=2/3    1828.4 req/s
h2 full   curl_cffi_blocking    10240 B c=100 round=2/3     550.8 req/s
h2 full   curl_cffi_blocking    65536 B c=100 round=2/3     483.6 req/s
h2 full   niquests_blocking  4194304 B c= 10 round=2/3      18.4 req/s
h2 stream pycurl             1024 B c= 50 round=2/3    6299.9 req/s
h2 stream curl_cffi_blocking    65536 B c=150 round=2/3     437.9 req/s
h2 stream pycurl          1048576 B c= 50 round=2/3     191.5 req/s
h2 full   httpx_blocking  4194304 B c= 10 round=2/3      10.9 req/s
h2 full   niquests_blocking    10240 B c=100 round=2/3    1201.3 req/s
h2 stream httpx_blocking    65536 B c= 10 round=2/3     611.1 req/s
h2 stream pycurl          4194304 B c= 10 round=2/3      47.0 req/s
h2 stream httpx_blocking    10240 B c= 50 round=2/3    1479.9 req/s
h2 full   pycurl            10240 B c=100 round=2/3   10279.5 req/s
h2 full   wreq_blocking   4194304 B c=150 round=2/3     642.8 req/s
h2 full   niquests_blocking  1048576 B c= 10 round=2/3      71.1 req/s
h2 full   wreq_blocking   4194304 B c= 50 round=2/3     721.6 req/s
h2 full   pycurl             1024 B c=100 round=2/3   10186.7 req/s
h2 full   pycurl          1048576 B c= 10 round=2/3     212.3 req/s
h2 full   httpx_blocking   131072 B c=100 round=2/3     350.2 req/s
h2 stream curl_cffi_blocking  4194304 B c= 10 round=2/3      41.5 req/s
h2 stream ry_blocking     1048576 B c=150 round=2/3     325.0 req/s
h2 stream pycurl           131072 B c= 10 round=2/3    1209.0 req/s
h2 stream httpx_blocking  1048576 B c=100 round=2/3      51.5 req/s
h2 stream curl_cffi_blocking   131072 B c= 50 round=2/3     384.8 req/s
h2 full   wreq_blocking      1024 B c=150 round=2/3   10902.7 req/s
h2 full   curl_cffi_blocking  1048576 B c= 10 round=2/3     153.9 req/s
h2 stream pycurl          2097152 B c=150 round=2/3      97.9 req/s
h2 full   curl_cffi_blocking  1048576 B c=100 round=2/3     150.0 req/s
h2 full   wreq_blocking   1048576 B c=150 round=2/3    2242.5 req/s
h2 full   niquests_blocking  1048576 B c= 50 round=2/3      70.1 req/s
h2 full   pycurl            65536 B c= 10 round=2/3    2971.3 req/s
h2 stream pycurl          4194304 B c=150 round=2/3      49.1 req/s
h2 full   niquests_blocking    65536 B c=100 round=2/3     647.7 req/s
h2 stream curl_cffi_blocking   131072 B c= 10 round=2/3     382.3 req/s
h2 full   ry_blocking     4194304 B c= 10 round=2/3     104.5 req/s
h2 stream wreq_blocking      1024 B c=100 round=2/3    6740.1 req/s
h2 stream httpx_blocking    10240 B c=100 round=2/3    1440.1 req/s
h2 stream pycurl          4194304 B c= 50 round=2/3      48.9 req/s
h2 full   pycurl            65536 B c=100 round=2/3    2659.7 req/s
h2 stream niquests_blocking    65536 B c= 50 round=2/3     642.0 req/s
h2 stream ry_blocking     4194304 B c= 10 round=2/3      97.9 req/s
h2 stream niquests_blocking  1048576 B c= 50 round=2/3      69.6 req/s
h2 stream ry_blocking     2097152 B c= 50 round=2/3     191.5 req/s
h2 full   curl_cffi_blocking  2097152 B c= 10 round=2/3      88.7 req/s
h2 stream wreq_blocking   4194304 B c=150 round=2/3     494.5 req/s
h2 full   httpx_blocking    65536 B c= 50 round=2/3     569.2 req/s
h2 stream pycurl          1048576 B c= 10 round=2/3     184.3 req/s
h2 full   wreq_blocking     65536 B c=100 round=2/3    8990.3 req/s
h2 stream curl_cffi_blocking  2097152 B c= 50 round=2/3      78.0 req/s
h2 stream pycurl             1024 B c= 10 round=2/3    6747.6 req/s
h2 full   curl_cffi_blocking    10240 B c= 50 round=2/3     562.0 req/s
h2 full   pycurl           131072 B c= 50 round=2/3    1641.6 req/s
h2 stream wreq_blocking     65536 B c=100 round=2/3    3446.1 req/s
h2 full   httpx_blocking  1048576 B c=150 round=2/3      50.8 req/s
h2 full   curl_cffi_blocking   131072 B c=100 round=2/3     425.1 req/s
h2 stream wreq_blocking   1048576 B c= 50 round=2/3    1020.3 req/s
h2 full   pycurl             1024 B c= 50 round=2/3   11313.5 req/s
h2 full   httpx_blocking    10240 B c= 10 round=2/3    1521.6 req/s
h2 stream curl_cffi_blocking  1048576 B c=100 round=2/3     136.6 req/s
h2 full   wreq_blocking      1024 B c=100 round=2/3   12644.2 req/s
h2 stream wreq_blocking     10240 B c=150 round=2/3    6300.8 req/s
h2 stream ry_blocking        1024 B c= 50 round=2/3    5016.3 req/s
h2 full   ry_blocking       65536 B c= 50 round=2/3    4367.3 req/s
h2 full   httpx_blocking  2097152 B c=100 round=2/3      22.7 req/s
h2 full   httpx_blocking   131072 B c= 10 round=2/3     356.0 req/s
h2 full   wreq_blocking     10240 B c= 50 round=2/3   15005.3 req/s
h2 stream wreq_blocking   4194304 B c= 50 round=2/3     523.2 req/s
h2 full   niquests_blocking    65536 B c= 50 round=2/3     660.8 req/s
h2 stream curl_cffi_blocking  1048576 B c=150 round=2/3     138.8 req/s
h2 stream httpx_blocking    65536 B c=150 round=2/3     599.1 req/s
h2 full   curl_cffi_blocking    65536 B c= 10 round=2/3     487.8 req/s
h2 full   httpx_blocking  2097152 B c=150 round=2/3      23.6 req/s
h2 stream ry_blocking     1048576 B c=100 round=2/3     335.8 req/s
h2 full   niquests_blocking  2097152 B c=100 round=2/3      36.3 req/s
h2 stream curl_cffi_blocking     1024 B c=100 round=2/3     524.1 req/s
h2 stream pycurl          1048576 B c=100 round=2/3     190.3 req/s
h2 stream httpx_blocking  4194304 B c= 10 round=2/3      13.2 req/s
h2 full   pycurl          2097152 B c= 50 round=2/3     111.7 req/s
h2 full   wreq_blocking   2097152 B c=100 round=2/3    1281.1 req/s
h2 full   wreq_blocking     65536 B c= 10 round=2/3   11071.8 req/s
h2 full   curl_cffi_blocking   131072 B c= 50 round=2/3     423.6 req/s
h2 stream curl_cffi_blocking  2097152 B c=150 round=2/3      79.7 req/s
h2 stream curl_cffi_blocking    65536 B c=100 round=2/3     441.5 req/s
h2 stream ry_blocking     1048576 B c= 50 round=2/3     337.9 req/s
h2 stream ry_blocking        1024 B c= 10 round=2/3    5363.4 req/s
h2 stream niquests_blocking  1048576 B c=100 round=2/3      70.2 req/s
h2 stream niquests_blocking  2097152 B c= 50 round=2/3      36.1 req/s
h2 full   wreq_blocking   2097152 B c= 10 round=2/3    1542.8 req/s
h2 full   wreq_blocking   2097152 B c= 50 round=2/3    1392.4 req/s
h2 stream ry_blocking     2097152 B c=150 round=2/3     189.6 req/s
h2 full   wreq_blocking   4194304 B c=100 round=2/3     648.9 req/s
h2 full   ry_blocking     2097152 B c=150 round=2/3     216.3 req/s
h2 full   curl_cffi_blocking  4194304 B c= 10 round=2/3      47.3 req/s
h2 stream curl_cffi_blocking  4194304 B c=150 round=2/3      42.9 req/s
h2 stream curl_cffi_blocking    10240 B c= 10 round=2/3     531.5 req/s
h2 full   pycurl          2097152 B c= 10 round=2/3     106.1 req/s
h2 full   ry_blocking     4194304 B c= 50 round=2/3     106.8 req/s
h2 full   httpx_blocking  4194304 B c= 50 round=2/3      10.0 req/s
h2 stream curl_cffi_blocking   131072 B c=150 round=2/3     387.7 req/s
h2 full   wreq_blocking   2097152 B c=150 round=2/3    1251.9 req/s
h2 full   ry_blocking     4194304 B c=100 round=2/3     110.7 req/s
h2 stream httpx_blocking  2097152 B c=100 round=2/3      26.2 req/s
h2 full   httpx_blocking     1024 B c=150 round=2/3    1414.4 req/s
h2 stream httpx_blocking  4194304 B c=100 round=2/3      13.0 req/s
h2 stream wreq_blocking      1024 B c= 10 round=3/3    7179.3 req/s
h2 full   ry_blocking        1024 B c=150 round=3/3    6569.3 req/s
h2 stream ry_blocking      131072 B c=100 round=3/3    1749.3 req/s
h2 full   niquests_blocking    65536 B c= 50 round=3/3     660.9 req/s
h2 full   wreq_blocking     10240 B c= 10 round=3/3   18584.4 req/s
h2 stream pycurl            65536 B c=150 round=3/3    1862.2 req/s
h2 stream wreq_blocking     10240 B c=150 round=3/3    6384.2 req/s
h2 stream ry_blocking     2097152 B c=150 round=3/3     190.1 req/s
h2 stream niquests_blocking     1024 B c=100 round=3/3    1196.8 req/s
h2 full   ry_blocking      131072 B c= 10 round=3/3    2868.9 req/s
h2 full   ry_blocking       65536 B c=150 round=3/3    3895.2 req/s
h2 full   wreq_blocking   4194304 B c=150 round=3/3     629.9 req/s
h2 stream niquests_blocking  4194304 B c=100 round=3/3      18.3 req/s
h2 full   ry_blocking       65536 B c= 50 round=3/3    4294.8 req/s
h2 stream ry_blocking     4194304 B c= 50 round=3/3     100.7 req/s
h2 full   curl_cffi_blocking  2097152 B c= 10 round=3/3      87.1 req/s
h2 full   pycurl             1024 B c=150 round=3/3    9136.6 req/s
h2 stream niquests_blocking    65536 B c=150 round=3/3     647.3 req/s
h2 full   wreq_blocking   4194304 B c= 50 round=3/3     722.9 req/s
h2 full   niquests_blocking  2097152 B c= 10 round=3/3      36.2 req/s
h2 stream wreq_blocking   1048576 B c= 50 round=3/3    1007.7 req/s
h2 stream curl_cffi_blocking     1024 B c=150 round=3/3     518.7 req/s
h2 stream pycurl            65536 B c= 10 round=3/3    1941.9 req/s
h2 full   curl_cffi_blocking  1048576 B c= 50 round=3/3     153.2 req/s
h2 stream curl_cffi_blocking    65536 B c=100 round=3/3     437.8 req/s
h2 stream httpx_blocking   131072 B c=100 round=3/3     351.8 req/s
h2 full   pycurl            10240 B c=100 round=3/3   10100.7 req/s
h2 stream pycurl          1048576 B c=150 round=3/3     192.9 req/s
h2 full   httpx_blocking  4194304 B c= 50 round=3/3       9.9 req/s
h2 full   httpx_blocking    10240 B c= 50 round=3/3    1461.5 req/s
h2 full   pycurl          2097152 B c= 50 round=3/3     109.7 req/s
h2 stream wreq_blocking     65536 B c= 50 round=3/3    3555.9 req/s
h2 full   wreq_blocking      1024 B c= 50 round=3/3   14833.3 req/s
h2 full   pycurl             1024 B c= 50 round=3/3   11421.5 req/s
h2 stream niquests_blocking     1024 B c= 50 round=3/3    1206.5 req/s
h2 full   niquests_blocking    10240 B c= 50 round=3/3    1252.9 req/s
h2 stream niquests_blocking  1048576 B c=100 round=3/3      68.6 req/s
h2 full   niquests_blocking    65536 B c=100 round=3/3     610.3 req/s
h2 stream pycurl             1024 B c= 50 round=3/3    6148.6 req/s
h2 stream ry_blocking     4194304 B c=100 round=3/3      98.4 req/s
h2 full   niquests_blocking    10240 B c=100 round=3/3    1240.0 req/s
h2 full   curl_cffi_blocking     1024 B c= 50 round=3/3     561.9 req/s
h2 full   ry_blocking       65536 B c= 10 round=3/3    4741.0 req/s
h2 stream niquests_blocking  4194304 B c= 10 round=3/3      18.3 req/s
h2 stream pycurl            10240 B c= 10 round=3/3    6807.4 req/s
h2 full   httpx_blocking  1048576 B c=100 round=3/3      48.4 req/s
h2 full   pycurl          1048576 B c=150 round=3/3     219.4 req/s
h2 full   wreq_blocking      1024 B c=100 round=3/3   12708.6 req/s
h2 stream httpx_blocking   131072 B c= 10 round=3/3     357.9 req/s
h2 stream curl_cffi_blocking  4194304 B c= 10 round=3/3      42.0 req/s
h2 stream httpx_blocking     1024 B c=100 round=3/3    1436.7 req/s
h2 stream niquests_blocking    10240 B c=150 round=3/3    1174.4 req/s
h2 stream niquests_blocking    65536 B c= 10 round=3/3     615.1 req/s
h2 stream pycurl          2097152 B c=150 round=3/3      97.5 req/s
h2 full   httpx_blocking  1048576 B c=150 round=3/3      50.6 req/s
h2 stream wreq_blocking   2097152 B c=100 round=3/3     750.0 req/s
h2 full   wreq_blocking    131072 B c= 50 round=3/3    9623.2 req/s
h2 full   httpx_blocking    10240 B c= 10 round=3/3    1555.6 req/s
h2 stream niquests_blocking    65536 B c=100 round=3/3     647.0 req/s
h2 stream wreq_blocking   1048576 B c= 10 round=3/3    1015.8 req/s
h2 stream ry_blocking      131072 B c= 10 round=3/3    1863.3 req/s
h2 stream curl_cffi_blocking    10240 B c=150 round=3/3     524.5 req/s
h2 stream httpx_blocking    10240 B c= 50 round=3/3    1477.3 req/s
h2 full   httpx_blocking     1024 B c=100 round=3/3    1465.8 req/s
h2 stream niquests_blocking  2097152 B c= 50 round=3/3      36.2 req/s
h2 full   httpx_blocking  1048576 B c= 50 round=3/3      49.0 req/s
h2 full   ry_blocking     2097152 B c= 10 round=3/3     211.7 req/s
h2 stream curl_cffi_blocking     1024 B c= 50 round=3/3     528.2 req/s
h2 full   wreq_blocking     65536 B c=100 round=3/3    8973.4 req/s
h2 stream wreq_blocking   1048576 B c=150 round=3/3     964.7 req/s
h2 stream ry_blocking     2097152 B c= 50 round=3/3     190.9 req/s
h2 full   wreq_blocking   4194304 B c=100 round=3/3     681.9 req/s
h2 full   curl_cffi_blocking  1048576 B c=100 round=3/3     151.5 req/s
h2 full   curl_cffi_blocking     1024 B c=150 round=3/3     550.6 req/s
h2 stream wreq_blocking      1024 B c=100 round=3/3    6932.8 req/s
h2 full   ry_blocking        1024 B c= 10 round=3/3    8739.9 req/s
h2 stream curl_cffi_blocking  2097152 B c= 10 round=3/3      78.4 req/s
h2 stream pycurl           131072 B c=100 round=3/3    1231.1 req/s
h2 full   niquests_blocking    10240 B c=150 round=3/3    1211.9 req/s
h2 stream wreq_blocking   4194304 B c= 10 round=3/3     529.9 req/s
h2 stream wreq_blocking   2097152 B c=150 round=3/3     735.1 req/s
h2 full   httpx_blocking  1048576 B c= 10 round=3/3      51.1 req/s
h2 full   pycurl            65536 B c=100 round=3/3    2918.3 req/s
h2 full   pycurl           131072 B c=100 round=3/3    1612.2 req/s
h2 full   niquests_blocking  4194304 B c=100 round=3/3      18.3 req/s
h2 full   curl_cffi_blocking  4194304 B c=100 round=3/3      47.5 req/s
h2 stream httpx_blocking  1048576 B c=100 round=3/3      52.4 req/s
h2 stream wreq_blocking   4194304 B c=150 round=3/3     505.0 req/s
h2 stream httpx_blocking    10240 B c=100 round=3/3    1448.7 req/s
h2 stream ry_blocking       65536 B c=150 round=3/3    2320.5 req/s
h2 stream pycurl           131072 B c=150 round=3/3    1208.2 req/s
h2 stream ry_blocking     4194304 B c= 10 round=3/3      98.8 req/s
h2 full   pycurl          4194304 B c=150 round=3/3      56.7 req/s
h2 full   ry_blocking     1048576 B c= 50 round=3/3     419.3 req/s
h2 full   curl_cffi_blocking  4194304 B c= 50 round=3/3      47.7 req/s
h2 full   httpx_blocking    65536 B c=100 round=3/3     585.5 req/s
h2 full   httpx_blocking  2097152 B c= 50 round=3/3      22.7 req/s
h2 full   wreq_blocking     10240 B c= 50 round=3/3   14954.2 req/s
h2 full   curl_cffi_blocking   131072 B c=150 round=3/3     424.0 req/s
h2 full   niquests_blocking   131072 B c=100 round=3/3     405.0 req/s
h2 stream niquests_blocking  4194304 B c= 50 round=3/3      18.2 req/s
h2 stream ry_blocking       65536 B c=100 round=3/3    2377.7 req/s
h2 full   httpx_blocking   131072 B c= 10 round=3/3     357.0 req/s
h2 stream niquests_blocking   131072 B c=100 round=3/3     414.7 req/s
h2 stream ry_blocking     1048576 B c=150 round=3/3     331.5 req/s
h2 full   ry_blocking     4194304 B c=100 round=3/3     109.4 req/s
h2 full   wreq_blocking   2097152 B c=100 round=3/3    1270.6 req/s
h2 full   curl_cffi_blocking    65536 B c= 10 round=3/3     491.3 req/s
h2 stream ry_blocking        1024 B c= 10 round=3/3    5436.3 req/s
h2 stream niquests_blocking  1048576 B c=150 round=3/3      72.3 req/s
h2 full   ry_blocking     4194304 B c= 10 round=3/3     104.9 req/s
h2 stream httpx_blocking     1024 B c= 10 round=3/3    1542.2 req/s
h2 stream pycurl            65536 B c= 50 round=3/3    1960.3 req/s
h2 stream ry_blocking      131072 B c=150 round=3/3    1733.1 req/s
h2 full   pycurl            10240 B c= 10 round=3/3   12691.6 req/s
h2 stream curl_cffi_blocking  4194304 B c=150 round=3/3      42.7 req/s
h2 stream pycurl            10240 B c=150 round=3/3    5345.8 req/s
h2 stream httpx_blocking   131072 B c=150 round=3/3     346.3 req/s
h2 full   ry_blocking     4194304 B c=150 round=3/3     109.1 req/s
h2 stream wreq_blocking   2097152 B c= 10 round=3/3     771.8 req/s
h2 full   curl_cffi_blocking  4194304 B c= 10 round=3/3      47.9 req/s
h2 stream ry_blocking      131072 B c= 50 round=3/3    1837.2 req/s
h2 full   httpx_blocking  2097152 B c=150 round=3/3      23.8 req/s
h2 full   httpx_blocking    65536 B c=150 round=3/3     600.6 req/s
h2 full   curl_cffi_blocking    10240 B c= 50 round=3/3     563.3 req/s
h2 stream niquests_blocking  1048576 B c= 50 round=3/3      70.3 req/s
h2 stream wreq_blocking     65536 B c=150 round=3/3    3255.3 req/s
h2 stream wreq_blocking    131072 B c= 10 round=3/3    3579.2 req/s
h2 stream pycurl             1024 B c=100 round=3/3    6007.2 req/s
h2 stream pycurl          1048576 B c= 50 round=3/3     193.7 req/s
h2 full   wreq_blocking   1048576 B c= 10 round=3/3    2864.2 req/s
h2 full   ry_blocking     2097152 B c= 50 round=3/3     224.2 req/s
h2 full   curl_cffi_blocking    65536 B c=100 round=3/3     485.3 req/s
h2 full   wreq_blocking     65536 B c= 50 round=3/3    9796.6 req/s
h2 full   wreq_blocking      1024 B c=150 round=3/3   11291.9 req/s
h2 stream pycurl          4194304 B c=150 round=3/3      49.5 req/s
h2 full   httpx_blocking     1024 B c= 50 round=3/3    1540.5 req/s
h2 full   pycurl            10240 B c=150 round=3/3    9314.1 req/s
h2 stream curl_cffi_blocking    10240 B c=100 round=3/3     531.6 req/s
h2 full   curl_cffi_blocking  1048576 B c=150 round=3/3     156.8 req/s
h2 full   pycurl           131072 B c= 50 round=3/3    1645.7 req/s
h2 stream ry_blocking       10240 B c=150 round=3/3    4570.8 req/s
h2 stream curl_cffi_blocking    65536 B c=150 round=3/3     442.5 req/s
h2 stream curl_cffi_blocking  2097152 B c=100 round=3/3      77.8 req/s
h2 stream httpx_blocking  4194304 B c=100 round=3/3      13.1 req/s
h2 full   wreq_blocking      1024 B c= 10 round=3/3   16981.6 req/s
h2 stream wreq_blocking     10240 B c=100 round=3/3    6925.0 req/s
h2 full   curl_cffi_blocking    10240 B c=150 round=3/3     552.6 req/s
h2 full   ry_blocking     4194304 B c= 50 round=3/3     108.8 req/s
h2 stream httpx_blocking  2097152 B c=150 round=3/3      27.5 req/s
h2 full   wreq_blocking     65536 B c= 10 round=3/3   11593.4 req/s
h2 full   curl_cffi_blocking     1024 B c=100 round=3/3     554.5 req/s
h2 full   niquests_blocking     1024 B c= 10 round=3/3    1316.0 req/s
h2 stream httpx_blocking    10240 B c= 10 round=3/3    1513.7 req/s
h2 stream niquests_blocking   131072 B c= 10 round=3/3     435.8 req/s
h2 stream pycurl          2097152 B c= 10 round=3/3      93.5 req/s
h2 full   wreq_blocking   2097152 B c= 10 round=3/3    1526.2 req/s
h2 full   niquests_blocking  4194304 B c= 10 round=3/3      18.4 req/s
h2 full   curl_cffi_blocking  1048576 B c= 10 round=3/3     153.0 req/s
h2 full   niquests_blocking     1024 B c=100 round=3/3    1264.7 req/s
h2 full   pycurl             1024 B c= 10 round=3/3   12597.6 req/s
h2 full   niquests_blocking   131072 B c= 10 round=3/3     437.0 req/s
h2 stream wreq_blocking      1024 B c= 50 round=3/3    7384.3 req/s
h2 stream curl_cffi_blocking   131072 B c=100 round=3/3     390.9 req/s
h2 stream ry_blocking     2097152 B c=100 round=3/3     191.6 req/s
h2 stream niquests_blocking  2097152 B c=150 round=3/3      37.3 req/s
h2 stream curl_cffi_blocking    65536 B c= 10 round=3/3     445.6 req/s
h2 stream httpx_blocking    65536 B c=100 round=3/3     595.9 req/s
h2 full   niquests_blocking  4194304 B c= 50 round=3/3      18.4 req/s
h2 stream httpx_blocking     1024 B c= 50 round=3/3    1507.4 req/s
h2 stream wreq_blocking      1024 B c=150 round=3/3    6228.0 req/s
h2 full   httpx_blocking    65536 B c= 10 round=3/3     620.6 req/s
h2 full   wreq_blocking    131072 B c= 10 round=3/3   10525.8 req/s
h2 full   curl_cffi_blocking   131072 B c= 50 round=3/3     429.8 req/s
h2 stream curl_cffi_blocking  1048576 B c=150 round=3/3     139.9 req/s
h2 full   wreq_blocking     10240 B c=100 round=3/3   12584.6 req/s
h2 stream curl_cffi_blocking    65536 B c= 50 round=3/3     443.4 req/s
h2 full   ry_blocking     2097152 B c=100 round=3/3     228.2 req/s
h2 full   niquests_blocking    10240 B c= 10 round=3/3    1292.5 req/s
h2 stream ry_blocking       10240 B c=100 round=3/3    4635.7 req/s
h2 stream pycurl          1048576 B c=100 round=3/3     192.5 req/s
h2 full   curl_cffi_blocking    65536 B c= 50 round=3/3     494.0 req/s
h2 stream httpx_blocking  2097152 B c= 10 round=3/3      26.6 req/s
h2 stream curl_cffi_blocking     1024 B c=100 round=3/3     527.5 req/s
h2 stream curl_cffi_blocking    10240 B c= 10 round=3/3     528.4 req/s
h2 full   wreq_blocking     10240 B c=150 round=3/3   11237.7 req/s
h2 stream niquests_blocking   131072 B c=150 round=3/3     422.3 req/s
h2 full   httpx_blocking   131072 B c=100 round=3/3     352.3 req/s
h2 stream ry_blocking     4194304 B c=150 round=3/3     101.7 req/s
h2 full   ry_blocking     1048576 B c= 10 round=3/3     420.1 req/s
h2 full   httpx_blocking  4194304 B c=100 round=3/3      10.0 req/s
h2 stream pycurl            10240 B c= 50 round=3/3    6415.4 req/s
h2 full   httpx_blocking    10240 B c=150 round=3/3    1378.5 req/s
h2 full   niquests_blocking    65536 B c= 10 round=3/3     678.6 req/s
h2 full   ry_blocking        1024 B c= 50 round=3/3    7815.9 req/s
h2 full   httpx_blocking    10240 B c=100 round=3/3    1442.1 req/s
h2 full   ry_blocking       10240 B c= 50 round=3/3    8014.9 req/s
h2 full   niquests_blocking  1048576 B c= 50 round=3/3      70.7 req/s
h2 full   httpx_blocking     1024 B c=150 round=3/3    1426.9 req/s
h2 full   ry_blocking     1048576 B c=150 round=3/3     418.8 req/s
h2 full   ry_blocking     2097152 B c=150 round=3/3     215.9 req/s
h2 stream httpx_blocking  4194304 B c= 50 round=3/3      13.3 req/s
h2 stream httpx_blocking  1048576 B c= 50 round=3/3      53.6 req/s
h2 stream niquests_blocking  1048576 B c= 10 round=3/3      70.9 req/s
h2 full   ry_blocking       10240 B c=100 round=3/3    7308.8 req/s
h2 full   niquests_blocking   131072 B c=150 round=3/3     420.7 req/s
h2 full   curl_cffi_blocking    65536 B c=150 round=3/3     484.5 req/s
h2 stream ry_blocking       10240 B c= 50 round=3/3    5076.7 req/s
h2 full   pycurl          2097152 B c=100 round=3/3     112.2 req/s
h2 full   pycurl          4194304 B c= 50 round=3/3      55.3 req/s
h2 stream niquests_blocking  2097152 B c=100 round=3/3      36.3 req/s
h2 stream ry_blocking       65536 B c= 10 round=3/3    2538.5 req/s
h2 stream curl_cffi_blocking   131072 B c=150 round=3/3     390.2 req/s
h2 full   pycurl            65536 B c= 10 round=3/3    3014.2 req/s
h2 stream niquests_blocking    10240 B c=100 round=3/3    1251.5 req/s
h2 stream niquests_blocking  2097152 B c= 10 round=3/3      36.4 req/s
h2 full   ry_blocking       10240 B c=150 round=3/3    6969.6 req/s
h2 stream pycurl            10240 B c=100 round=3/3    6147.8 req/s
h2 stream niquests_blocking    10240 B c= 50 round=3/3    1275.1 req/s
h2 stream curl_cffi_blocking   131072 B c= 50 round=3/3     394.8 req/s
h2 full   httpx_blocking  2097152 B c=100 round=3/3      22.8 req/s
h2 full   httpx_blocking    65536 B c= 50 round=3/3     606.4 req/s
h2 stream curl_cffi_blocking  1048576 B c= 50 round=3/3     137.5 req/s
h2 stream wreq_blocking     10240 B c= 50 round=3/3    7135.7 req/s
h2 stream curl_cffi_blocking  4194304 B c=100 round=3/3      41.5 req/s
h2 stream pycurl          2097152 B c=100 round=3/3      97.2 req/s
h2 stream ry_blocking       10240 B c= 10 round=3/3    5460.6 req/s
h2 full   wreq_blocking   4194304 B c= 10 round=3/3     776.4 req/s
h2 full   pycurl            10240 B c= 50 round=3/3   11566.8 req/s
h2 stream niquests_blocking     1024 B c=150 round=3/3    1218.8 req/s
h2 full   pycurl           131072 B c= 10 round=3/3    1641.8 req/s
h2 full   curl_cffi_blocking    10240 B c= 10 round=3/3     565.8 req/s
h2 stream curl_cffi_blocking  4194304 B c= 50 round=3/3      42.4 req/s
h2 stream pycurl          4194304 B c= 50 round=3/3      49.2 req/s
h2 full   curl_cffi_blocking  2097152 B c=100 round=3/3      87.9 req/s
h2 full   ry_blocking       10240 B c= 10 round=3/3    8706.9 req/s
h2 stream wreq_blocking    131072 B c=150 round=3/3    3224.0 req/s
h2 stream httpx_blocking    10240 B c=150 round=3/3    1400.9 req/s
h2 stream niquests_blocking     1024 B c= 10 round=3/3    1307.3 req/s
h2 full   curl_cffi_blocking  2097152 B c= 50 round=3/3      88.3 req/s
h2 stream pycurl          2097152 B c= 50 round=3/3      98.0 req/s
h2 full   niquests_blocking  2097152 B c= 50 round=3/3      36.5 req/s
h2 full   pycurl          4194304 B c= 10 round=3/3      53.5 req/s
h2 full   niquests_blocking  1048576 B c=100 round=3/3      71.0 req/s
h2 stream pycurl             1024 B c= 10 round=3/3    6918.7 req/s
h2 stream niquests_blocking    65536 B c= 50 round=3/3     671.6 req/s
h2 stream curl_cffi_blocking     1024 B c= 10 round=3/3     530.6 req/s
h2 full   curl_cffi_blocking   131072 B c=100 round=3/3     425.2 req/s
h2 stream curl_cffi_blocking  2097152 B c= 50 round=3/3      78.7 req/s
h2 stream ry_blocking     1048576 B c= 10 round=3/3     334.6 req/s
h2 stream httpx_blocking  2097152 B c=100 round=3/3      26.4 req/s
h2 full   wreq_blocking     65536 B c=150 round=3/3    8229.0 req/s
h2 stream curl_cffi_blocking    10240 B c= 50 round=3/3     531.3 req/s
h2 full   pycurl            65536 B c= 50 round=3/3    3055.4 req/s
h2 full   pycurl          1048576 B c= 50 round=3/3     224.5 req/s
h2 full   curl_cffi_blocking  4194304 B c=150 round=3/3      49.1 req/s
h2 full   curl_cffi_blocking     1024 B c= 10 round=3/3     557.0 req/s
h2 full   pycurl          2097152 B c=150 round=3/3     111.4 req/s
h2 stream wreq_blocking   2097152 B c= 50 round=3/3     767.7 req/s
h2 stream httpx_blocking  4194304 B c= 10 round=3/3      13.2 req/s
h2 stream httpx_blocking     1024 B c=150 round=3/3    1429.4 req/s
h2 stream niquests_blocking  4194304 B c=150 round=3/3      18.8 req/s
h2 stream httpx_blocking  1048576 B c= 10 round=3/3      53.1 req/s
h2 stream ry_blocking     2097152 B c= 10 round=3/3     188.7 req/s
h2 stream wreq_blocking   4194304 B c=100 round=3/3     504.2 req/s
h2 full   httpx_blocking     1024 B c= 10 round=3/3    1568.9 req/s
h2 full   wreq_blocking    131072 B c=100 round=3/3    8638.9 req/s
h2 stream wreq_blocking     65536 B c= 10 round=3/3    3784.6 req/s
h2 full   pycurl            65536 B c=150 round=3/3    2821.5 req/s
h2 full   niquests_blocking   131072 B c= 50 round=3/3     424.7 req/s
h2 full   ry_blocking       65536 B c=100 round=3/3    4179.2 req/s
h2 full   niquests_blocking     1024 B c=150 round=3/3    1191.9 req/s
h2 full   niquests_blocking  4194304 B c=150 round=3/3      18.9 req/s
h2 full   httpx_blocking   131072 B c= 50 round=3/3     361.5 req/s
h2 full   pycurl          1048576 B c=100 round=3/3     221.5 req/s
h2 full   niquests_blocking    65536 B c=150 round=3/3     653.9 req/s
h2 full   pycurl          1048576 B c= 10 round=3/3     213.4 req/s
h2 full   curl_cffi_blocking   131072 B c= 10 round=3/3     425.5 req/s
h2 stream niquests_blocking    10240 B c= 10 round=3/3    1292.3 req/s
h2 full   niquests_blocking  1048576 B c=150 round=3/3      72.0 req/s
h2 full   ry_blocking      131072 B c=150 round=3/3    2515.4 req/s
h2 stream httpx_blocking  2097152 B c= 50 round=3/3      26.7 req/s
h2 stream wreq_blocking    131072 B c=100 round=3/3    3400.0 req/s
h2 full   ry_blocking        1024 B c=100 round=3/3    7466.6 req/s
h2 full   httpx_blocking  2097152 B c= 10 round=3/3      24.6 req/s
h2 full   niquests_blocking  2097152 B c=100 round=3/3      36.5 req/s
h2 stream ry_blocking     1048576 B c= 50 round=3/3     342.5 req/s
h2 stream ry_blocking        1024 B c= 50 round=3/3    5150.8 req/s
h2 full   curl_cffi_blocking  2097152 B c=150 round=3/3      90.6 req/s
h2 full   wreq_blocking   1048576 B c=100 round=3/3    2510.1 req/s
h2 full   pycurl          2097152 B c= 10 round=3/3     107.4 req/s
h2 full   pycurl           131072 B c=150 round=3/3    1575.5 req/s
h2 stream wreq_blocking   4194304 B c= 50 round=3/3     527.3 req/s
h2 stream ry_blocking       65536 B c= 50 round=3/3    2487.3 req/s
h2 full   niquests_blocking  1048576 B c= 10 round=3/3      70.3 req/s
h2 full   niquests_blocking  2097152 B c=150 round=3/3      37.1 req/s
h2 stream pycurl          4194304 B c= 10 round=3/3      47.7 req/s
h2 stream httpx_blocking  1048576 B c=150 round=3/3      54.7 req/s
h2 stream httpx_blocking   131072 B c= 50 round=3/3     358.6 req/s
h2 stream httpx_blocking    65536 B c= 50 round=3/3     621.8 req/s
h2 stream pycurl             1024 B c=150 round=3/3    5725.8 req/s
h2 full   httpx_blocking  4194304 B c=150 round=3/3      10.1 req/s
h2 stream niquests_blocking   131072 B c= 50 round=3/3     421.8 req/s
h2 full   httpx_blocking   131072 B c=150 round=3/3     350.1 req/s
h2 full   wreq_blocking   1048576 B c= 50 round=3/3    2666.1 req/s
h2 stream wreq_blocking     65536 B c=100 round=3/3    3415.4 req/s
h2 stream wreq_blocking    131072 B c= 50 round=3/3    3497.0 req/s
h2 full   httpx_blocking  4194304 B c= 10 round=3/3      10.9 req/s
h2 stream httpx_blocking  4194304 B c=150 round=3/3      13.7 req/s
h2 full   niquests_blocking     1024 B c= 50 round=3/3    1256.7 req/s
h2 full   wreq_blocking   2097152 B c= 50 round=3/3    1416.2 req/s
h2 full   ry_blocking      131072 B c= 50 round=3/3    2671.4 req/s
h2 full   wreq_blocking   1048576 B c=150 round=3/3    2302.4 req/s
h2 full   wreq_blocking   2097152 B c=150 round=3/3    1234.2 req/s
h2 stream curl_cffi_blocking  2097152 B c=150 round=3/3      79.4 req/s
h2 stream pycurl            65536 B c=100 round=3/3    1854.4 req/s
h2 full   ry_blocking      131072 B c=100 round=3/3    2479.4 req/s
h2 stream ry_blocking        1024 B c=100 round=3/3    4713.7 req/s
h2 stream ry_blocking        1024 B c=150 round=3/3    4557.6 req/s
h2 stream httpx_blocking    65536 B c= 10 round=3/3     616.1 req/s
h2 full   pycurl          4194304 B c=100 round=3/3      56.3 req/s
h2 full   wreq_blocking    131072 B c=150 round=3/3    7692.9 req/s
h2 stream wreq_blocking   1048576 B c=100 round=3/3     973.3 req/s
h2 stream curl_cffi_blocking   131072 B c= 10 round=3/3     384.7 req/s
h2 stream pycurl          4194304 B c=100 round=3/3      48.3 req/s
h2 stream ry_blocking     1048576 B c=100 round=3/3     336.1 req/s
h2 stream curl_cffi_blocking  1048576 B c=100 round=3/3     135.5 req/s
h2 stream wreq_blocking     10240 B c= 10 round=3/3    7782.5 req/s
h2 full   ry_blocking     1048576 B c=100 round=3/3     416.9 req/s
h2 stream pycurl          1048576 B c= 10 round=3/3     188.1 req/s
h2 stream pycurl           131072 B c= 50 round=3/3    1271.2 req/s
h2 stream curl_cffi_blocking  1048576 B c= 10 round=3/3     136.6 req/s
h2 full   curl_cffi_blocking    10240 B c=100 round=3/3     561.0 req/s
h2 full   pycurl             1024 B c=100 round=3/3   10120.1 req/s
h2 stream httpx_blocking    65536 B c=150 round=3/3     594.5 req/s
h2 stream pycurl           131072 B c= 10 round=3/3    1234.1 req/s
Saved complete benchmark: /home/gngpp/.cache/wreq-python/bench-18/results/20261004T111716Z-80b48db8b274-wsl-blocking-full.json
